Chunk_ID,Chunk_Index,Content,Content_Length,Quality_Score,Reliability,Source_Type,Original_Content,Enhancement_Version,book_name,chunk_index,enhancementTimestamp,enhancementVersion,filename,grade,processing_method,publisher,qualityMetrics_chineseCharRatio,qualityMetrics_coherenceScore,qualityMetrics_lengthScore,qualityMetrics_ocrConfidence,semester,source,source_file,subject,total_chunks,worker_id
义务教育教科书·地理图册八年级上册（主编_朱翔_周瑞祥_刘新民）_chunk_0,0,AEEE=sEES\n多育帮市定了 二一 ~| 十代\n2013 义簿教育教科已\nSN Eee靶\nDIELI TUCE\n星球地图出版社 “编制二 八年级上上册\n-<一亏运他 -\n用险 |\n/0\n和本\n区 |\n人攻 区请\n二和半二 -过计学天攻\n一二\n- -es 攻人 二本球站网上杜ss ERNIPIEESS\n人\n\n二一二,159,0,unknown,text-extracted,,2.0,义务教育教科书·地理图册八年级上册（主编_朱翔_周瑞祥_刘新民）,0,2025-07-21T14:23:24.021Z,2.0,义务教育教科书·地理图册八年级上册（主编：朱翔&周瑞祥&刘新民）_c64bac48,八年级,ocr,主编:朱翔&周瑞祥&刘新民,0.568,0.6,0.159,1,上册,/Users/LeoQin/Documents/GitHub/PDFconvertor/flattened_pdfs/义务教育教科书·地理图册八年级上册（主编：朱翔&周瑞祥&刘新民）_c64bac48.pdf,义务教育教科书·地理图册八年级上册（主编：朱翔&周瑞祥&刘新民）_c64bac48.json,地理,123,worker_4
义务教育教科书·地理图册八年级上册（主编_朱翔_周瑞祥_刘新民）_chunk_1,1,主编朱翔周瑞实刘新民责任编辑陈 骞胡友未审 校过 玉张应运审 订李亚平医 例走 中国首都 oo 军事分界线，修火线 SR 河流加 外国首都. 首府本 中国省自治区. 直辖市弄 RN 时令河久 中国省级行政中心中国特别行政区界乱 湖泊吕 主要城市一一一一一一铁路 -村水库， 渠道一一一一一“洲异一高坦公各山峰.火山一-证亲辣一一国界 nm 疏城 4 时山峰高程 (米)\n一访天而一， 未定同界周章海#线 SEE 沼泽盐当\n-一一一一地区异 -一运河 0 充洒义务教育教科书地理图册八年级上册星球地图出版社 “编制星球地图出版社出版网址: httpi ww.emapedu.comm\n新华书店发行中国人民解放军第一二零五工厂(北京)印剧开本: 890毫米x 1240毫米 ”1716 印张; 3.25\n2013年6月第?版”2021年6月第20次印剧\nJSBN 978一7一9471一1231一1\n审图号: JS(2018)01-083号” : 5.31元著作权所有 . 侵权必究社址: 北京市北三环中路69号”邮编， 100088 ”电话:010--62011565,483,0,unknown,text-extracted,,2.0,义务教育教科书·地理图册八年级上册（主编_朱翔_周瑞祥_刘新民）,1,2025-07-21T14:23:24.021Z,2.0,义务教育教科书·地理图册八年级上册（主编：朱翔&周瑞祥&刘新民）_c64bac48,八年级,ocr,主编:朱翔&周瑞祥&刘新民,0.6518691588785047,0.6,0.483,1,上册,/Users/LeoQin/Documents/GitHub/PDFconvertor/flattened_pdfs/义务教育教科书·地理图册八年级上册（主编：朱翔&周瑞祥&刘新民）_c64bac48.pdf,义务教育教科书·地理图册八年级上册（主编：朱翔&周瑞祥&刘新民）_c64bac48.json,地理,123,worker_4
义务教育教科书·地理图册八年级上册（主编_朱翔_周瑞祥_刘新民）_chunk_2,2,吕放后 RS ae 症机过让 TAR 于它 王天正直六 这 1\n了 ) 站 ] 让本 [Pa 和把人 | WA i 村3 TI 仿 7 [| 有有化户舍和有玫 t 请吧\n 时 X R 2 ) FU AT 间 - t wy 机人 KR | 二 8上 ff 9 上志本池相站 A 玫 DT < 0\nOO IT DRT 站TY人 YTFT TS AT T FT直人让厅村二条帮首看夺末世由有吓全二用担负任上生志和二引忆中从必于用在 TY 奶站下轩导从t TY\nMT LTPT TACTICS 全， MT TANCTEOLS\n< 呈二 FE下他山下导台利和芝呈4 等所 AT TY 内知久时节月训便汪呈屋凌弄币由后二全元瑟下中折合同翅全站机如用 [ET 过站硬起从省国明 ET ET\nPER全OTDR TREA 入让让生生下全和人全全了和ET\n请困如站帮可语芒去市圭直虽汪共生全由事且 P 有站改汪有帮忆棕上条和芋才纺用六滞生硬生着二区各条东南信十所要克8答全王府办昌二有天划敌丰悟关奉册全条让必直号芭着证化址相仿任寿着辣人人基本扑膏直史世生覃衣个总芷导阳六全古寺名全站员夺仙呈吾和机过京剑三肌闪基慎重堆六人让失信南攻产央名和全将所因明汪证可厂区卡生放生对出让恒谷可心站丰才二估生生全二二让训话当下提征丰二全入胡强十了首所计二届骂信克计东过\nRE ART WEI不让人人放大拓下全于下大太太丰基大太太丰基和大人下这人生区TCR CT ECTT\n县志贡咸丰生生二浊贞和十导册本切寥矶关恒河间荐帮六他请本8性全疝访全不市月庙市考生省呈作认二枯才而百局他全看宣多用全关全全而矶外且和本让各可衣二页靖你六藤胆币丰过生命生痢由各起二人头疝地人机好电入二嚼息肉用甩刘站条辣副昌和涉站二床让而玫闪轨全基本计汪起机攻才生他他用症坟党闻站站直二击要区点侯他避全帮儿知部用让健在全折布用际让名站站呈才可各中站地请芷汪汪区站后站全马克角二全曲他点也省管和对妆日讽,816,0,unknown,text-extracted,,2.0,义务教育教科书·地理图册八年级上册（主编_朱翔_周瑞祥_刘新民）,2,2025-07-21T14:23:24.021Z,2.0,义务教育教科书·地理图册八年级上册（主编：朱翔&周瑞祥&刘新民）_c64bac48,八年级,ocr,主编:朱翔&周瑞祥&刘新民,0.7983425414364641,0.6,0.816,1,上册,/Users/LeoQin/Documents/GitHub/PDFconvertor/flattened_pdfs/义务教育教科书·地理图册八年级上册（主编：朱翔&周瑞祥&刘新民）_c64bac48.pdf,义务教育教科书·地理图册八年级上册（主编：朱翔&周瑞祥&刘新民）_c64bac48.json,地理,123,worker_4
义务教育教科书·地理图册八年级上册（主编_朱翔_周瑞祥_刘新民）_chunk_3,3,嚼息肉用甩刘站条辣副昌和涉站二床让而玫闪轨全基本计汪起机攻才生他他用症坟党闻站站直二击要区点侯他避全帮儿知部用让健在全折布用际让名站站呈才可各中站地请芷汪汪区站后站全马克角二全曲他点也省管和对妆日讽椰公声也局坪生最四生地性有草司成训与记可司帮尺靖应本走访首多罕取首二卫 二生生天训引省本下本让二相四却部用可相称呈二首且诈少记二疙可配训全让总和久首司反全起晴肌让代全条必号本息提忌吉窗攻让动吕三才襄其震司昌有各起草机二生得闲委二硅必半坟夺耻盎卫贡生相王和十措诈卫二志和守坟和痪直击区站让过条诊这放辣并局所二帮守圳二吾机共生清卫条雪本站入本洒条生二可更瑟关右攻征生明月博放背鼎属诺办闪生下轴导本二\nTELERT光庆生庆生这人和站人全和大六DLA Te 和人入江天天ETDCLIZRICCEUTYT EYETCTLZNCT了下丈了)\nSET六交区入[OTaCTT了IRIXTOETLK ET KITTATOOELTLSCNJTTEINEEITLLLREEOUEIUG JET人大IT到下了谎丰大\nEECECI TS大大让工7 TRENDIAIOTTTTTTTTTOODTLTTT TD\nORDERRERSRERTOEDONOOTRSITEOCDEOD RE\nCE 人 E: 了过\nDUOTELT TOTALTSOY IT 内有全从条山椒刘站怀洗吉本多夫刘让二本力作\nRCRILAROD和WO放向各 RED\nIRIX 人 ET\n IRON CI 六全2下全 人人、 ee EPEOEEEIEOAK\n工站 ER全人和 从下由汪部主挛池囊丙再和下二区站了可起才后才厌书网灿名可和马 DODI 思 MD\n 有 RD CA 上和夺 【(呈相 于二向让1 生0 的站 Ra 和 RD\n人和\n 全 TO NI 疙和下 刘 TH 0 证 IST 0这， 0,767,0,unknown,text-extracted,,2.0,义务教育教科书·地理图册八年级上册（主编_朱翔_周瑞祥_刘新民）,3,2025-07-21T14:23:24.021Z,2.0,义务教育教科书·地理图册八年级上册（主编：朱翔&周瑞祥&刘新民）_c64bac48,八年级,ocr,主编:朱翔&周瑞祥&刘新民,0.6134094151212554,0.6,0.767,1,上册,/Users/LeoQin/Documents/GitHub/PDFconvertor/flattened_pdfs/义务教育教科书·地理图册八年级上册（主编：朱翔&周瑞祥&刘新民）_c64bac48.pdf,义务教育教科书·地理图册八年级上册（主编：朱翔&周瑞祥&刘新民）_c64bac48.json,地理,123,worker_4
义务教育教科书·地理图册八年级上册（主编_朱翔_周瑞祥_刘新民）_chunk_4,4,"工站 ER全人和 从下由汪部主挛池囊丙再和下二区站了可起才后才厌书网灿名可和马 DODI 思 MD\n 有 RD CA 上和夺 【(呈相 于二向让1 生0 的站 Ra 和 RD\n人和\n 全 TO NI 疙和下 刘 TH 0 证 IST 0这， 0\n油了 让人 Ai = 全攻有 章殷 六人局B\nCRISRRDOOTGIOOERIOORNIOCUKOSEIIDORQOST RONONROIIDDNRRIPINQEOGILLDDE TO\n为有的和计生区证帮介全重生生合生秋组可让大信介和全下古国六村二站亿症守机下必Or 人有站村本区| 和让站和ToT Te oO\n光世 er TRY 站 JS 站 TREETRSOAOONLLOTRNTETIC CR YALEITI 区 TS\nNRECODOHEOODTEOTEUCURSLOEROOTAEENROTTICRUOSTEOADOTEODTCIRNODELEEOIEOSERRONEEERRODUOTRDI\n下而醒有必二着放心本证由生四机天相当入了+地基本二相和放本二< 芭可了只了全个呈十藕理后会全及雪人贡反可人旺虞辣间| 过名呈卫 5 雪玫军训| 克作天全和二全让 NTT站\nROUTE 第一章中国的括域与大间交orr2一1 IOTIITOOREEKOLY-\n从良和朋亲且济可小站放进乱册队站旺斌二疝委此让人把芝尖由月二部六了本和后老生部攻让不糊避及和订站村的,的技朱站攻才十雪昌部瑚二别痢生痪杂时让内学志师中阴阳站尖蝴自届捧可由中本-全量估认记站下到\n二所二时鹤 KE丰江工女工工工式由让8未机首音到而几介二司记者由卉各朱林再旬二旺加| 所你李全半时地轩杉池学二二月库攻语并全上丰弛志和遇角机夺汪妆仙人全用际计从\nHH第引国药履域站0 TEA\nDC 并蕊) 工国 TEL 和 TV TI 任兰帮基|， | 人\n| JI EC 和入 8 ETY 本性直 iv\n第二节: 中国的行政区划， aa Re\n第三节中国的大日站",832,0,unknown,text-extracted,,2.0,义务教育教科书·地理图册八年级上册（主编_朱翔_周瑞祥_刘新民）,4,2025-07-21T14:23:24.021Z,2.0,义务教育教科书·地理图册八年级上册（主编：朱翔&周瑞祥&刘新民）_c64bac48,八年级,ocr,主编:朱翔&周瑞祥&刘新民,0.5665760869565217,0.6,0.832,1,上册,/Users/LeoQin/Documents/GitHub/PDFconvertor/flattened_pdfs/义务教育教科书·地理图册八年级上册（主编：朱翔&周瑞祥&刘新民）_c64bac48.pdf,义务教育教科书·地理图册八年级上册（主编：朱翔&周瑞祥&刘新民）_c64bac48.json,地理,123,worker_4
义务教育教科书·地理图册八年级上册（主编_朱翔_周瑞祥_刘新民）_chunk_5,5,HH第引国药履域站0 TEA\nDC 并蕊) 工国 TEL 和 TV TI 任兰帮基|， | 人\n| JI EC 和入 8 ETY 本性直 iv\n第二节: 中国的行政区划， aa Re\n第三节中国的大日站第四芝:叶国的民族第二章中国的自然环境和4一29\n第一节中国的地形届rr\n弟三芝:币国隐误侧:oeeeoeseoroeeeosoyrenoarteerateorotttetoovoeeoneaspssocl\n第三节中国的河清，和2\n第三音中国的白 然资源和0一39\n第三节: 自然资源概况2\n省三大:市国前下弛痪鱼osrroeesroosererrasnroseeoeteoororesesresoopteoraoont遇第三节中国揭水资源36\n第四节中国的海洋资站eeeees38\n太后 2 机天全= 训生-证: 1 于一<\n第四竟中国的上要产和一圭 -\n国第一天-家业weseeroresseranyesapaaensnenaaaahatrnanekapaeaertoopaeraaeoannneetad\n机三竹下生生和\n”第三节交通运葵业4,474,0,unknown,text-extracted,,2.0,义务教育教科书·地理图册八年级上册（主编_朱翔_周瑞祥_刘新民）,5,2025-07-21T14:23:24.021Z,2.0,义务教育教科书·地理图册八年级上册（主编：朱翔&周瑞祥&刘新民）_c64bac48,八年级,ocr,主编:朱翔&周瑞祥&刘新民,0.42093023255813955,0.6,0.474,1,上册,/Users/LeoQin/Documents/GitHub/PDFconvertor/flattened_pdfs/义务教育教科书·地理图册八年级上册（主编：朱翔&周瑞祥&刘新民）_c64bac48.pdf,义务教育教科书·地理图册八年级上册（主编：朱翔&周瑞祥&刘新民）_c64bac48.json,地理,123,worker_4
义务教育教科书·地理图册八年级上册（主编_朱翔_周瑞祥_刘新民）_chunk_6,6,"ial,少第一节中国的疆域中国在世界的位置 < RE 页深 |\n四上 7 有二\n1: 90 000 000 了二 < Se -外江|\n 控四 『\n从加 oh\nSA 2了可二 [机 ax RN\nES村关 PFA 3 5 村中 忆\n-7 dv 和\n2 人 |\n2 本本\n\n国人寺淮汪本 了se 本二避\n生计人 吕on 也络 0 RE 1 本产-多 Se 本击村本直下林避本宁让让站庆RE 瑟二证克认Ts二古人 2人-\n9 _声 /全汪am直全 TRAK 区-7\n/ 2 入话g 太古7 由 TAR 他全Sc玫这 /的二四拓有具R /7 和\nfm 6 1/ / 入|， .了节合训中华人民张箱让-7 人用人三 LE/壤榴人/|和 | 八。 时司2\n1 AN 四) | 天人 有和 0 -到如 兴上 站-呈届 SA 三产-杞中 i汪了二 人 2人与 必E7 或” 1 人二 本泵必 0 2 | 本\nee“全全六 “Wea避-和闪忆t | 下书号抽所人 7 @@真地村二司 说一 | 全襄和 7 站 3总葡\n同晴克大全下人1 语司下 | LA 国且人到时有 人半岛|珊)\n相生| 竹oRAr、 | 人人 |\n和和和王1 虽天站 [由且-4 | | -四",521,0,unknown,text-extracted,,2.0,义务教育教科书·地理图册八年级上册（主编_朱翔_周瑞祥_刘新民）,6,2025-07-21T14:23:24.021Z,2.0,义务教育教科书·地理图册八年级上册（主编：朱翔&周瑞祥&刘新民）_c64bac48,八年级,ocr,主编:朱翔&周瑞祥&刘新民,0.5721649484536082,0.7999999999999999,0.521,1,上册,/Users/LeoQin/Documents/GitHub/PDFconvertor/flattened_pdfs/义务教育教科书·地理图册八年级上册（主编：朱翔&周瑞祥&刘新民）_c64bac48.pdf,义务教育教科书·地理图册八年级上册（主编：朱翔&周瑞祥&刘新民）_c64bac48.json,地理,123,worker_4
义务教育教科书·地理图册八年级上册（主编_朱翔_周瑞祥_刘新民）_chunk_7,7,ee“全全六 “Wea避-和闪忆t | 下书号抽所人 7 @@真地村二司 说一 | 全襄和 7 站 3总葡\n同晴克大全下人1 语司下 | LA 国且人到时有 人半岛|珊)\n相生| 竹oRAr、 | 人人 |\n和和和王1 虽天站 [由且-4 | | -四全 了呈 汪 ] 间症。 站全 @双累 | Se灿人 古本 |\n二间关机地二) 己 | 关. | “训 TE\n人去 |区机 | AU Ses\n| | 5 in二人\n| 位人全本| | 二再\n| | 用 | | 生生到，， 加 | 区实尖吕 3 吧晴 | 二 | | 生生高通) 2 尔共计二\n\ <。册本 夺 1 如意 | 车 te 和本 ”|\n天和， 人和天的荐|。。 、 吗加沁抽 7 ES\n秦 【本<内 (于和\nNA 辐1一 1 了睛大利机人 “齐和各商一而时这3 - N 加\nmaRa 一。 No 人人 AN 二全生本0一一一一 | 由姑 ;\n\ 妆 \ | 2\n= \， \ | \ \ 轩,426,0,unknown,text-extracted,,2.0,义务教育教科书·地理图册八年级上册（主编_朱翔_周瑞祥_刘新民）,7,2025-07-21T14:23:24.021Z,2.0,义务教育教科书·地理图册八年级上册（主编：朱翔&周瑞祥&刘新民）_c64bac48,八年级,ocr,主编:朱翔&周瑞祥&刘新民,0.5695364238410596,0.5,0.426,1,上册,/Users/LeoQin/Documents/GitHub/PDFconvertor/flattened_pdfs/义务教育教科书·地理图册八年级上册（主编：朱翔&周瑞祥&刘新民）_c64bac48.pdf,义务教育教科书·地理图册八年级上册（主编：朱翔&周瑞祥&刘新民）_c64bac48.json,地理,123,worker_4
义务教育教科书·地理图册八年级上册（主编_朱翔_周瑞祥_刘新民）_chunk_8,8,AN 二全生本0一一一一 | 由姑 ;\n\ 妆 \ | 2\n= \， \ | \ \ 轩\noa AN |\n并 [ N 站和 |\n所四 1\nAS 站\n\n1 、 和人\n二 |\n1 朝一 2015年人 二和\n3 ”新加坡上 2 NU” 1\n4 不丹 NA 7 1\n5克什米尔人 AN \， 6 塔吉克斯坦加 SR R NS N 1\n7 吉尔吉斯斯坦 、 苹\、 N\， 极\n8 阿窜兰村 > NS SN N \\n9 亚美尼亚人\n10 ”格鲁吉亚\n11 黎巴嫩欧 浏\n12，巴勤斯坦 15窗浦路斯 18 属山 21 捷克 24 瑞士\n13 以色列 16 约旦 19。 摩尔多瓦 22 比利时 25 ”列支敦士登\n14 ”科威特 17 阿拉伯联合凋长国 20 斯洛公克 23 卢森堡 26 斯洛文尼亚\nRE 第一意中国的疆域与人口第一章 ”中国的疆域与人口,373,0,unknown,text-extracted,,2.0,义务教育教科书·地理图册八年级上册（主编_朱翔_周瑞祥_刘新民）,8,2025-07-21T14:23:24.021Z,2.0,义务教育教科书·地理图册八年级上册（主编：朱翔&周瑞祥&刘新民）_c64bac48,八年级,ocr,主编:朱翔&周瑞祥&刘新民,0.553030303030303,0.7999999999999999,0.373,1,上册,/Users/LeoQin/Documents/GitHub/PDFconvertor/flattened_pdfs/义务教育教科书·地理图册八年级上册（主编：朱翔&周瑞祥&刘新民）_c64bac48.pdf,义务教育教科书·地理图册八年级上册（主编：朱翔&周瑞祥&刘新民）_c64bac48.json,地理,123,worker_4
义务教育教科书·地理图册八年级上册（主编_朱翔_周瑞祥_刘新民）_chunk_9,9,"第一节 “中国的强域, 八 IE\n本率枉(砚丁芭而 现 7 二\nKR eps的四，人机\n+ 上-过站趟RSO 兴\n2 SS 半球站，她位于东平 WSI 妹。 你南天玉妹济。 西愉而亚潮 aa 、 ERASSSN E 她位于北半球; 从世\nRDAS 征大洲和大洋的位轩四 AN 关系看，她地处亚洲\nRa\nSS NA” >\n向二-广作， NA 加 \ 号 NE N\n1 NI RS 肖\n| 1 到 ) 机司二二二站\n| 1 三有 S 本时一 -一说\n| | < 二归 示丁旧杀-。 人 NT\n人 ca\n1 SS\n主公人 | 1 二10 | 翅 ie下全。 SS\n号提 | | ne\n七要 得 | | ba 是 a 内于 央中 本时|二下覃要 |。 乓王区区榨汪四有 7\ny] 令 m: 【CA\n有疯 | AR | | 1 机， on 所 | | 大",372,0,unknown,text-extracted,,2.0,义务教育教科书·地理图册八年级上册（主编_朱翔_周瑞祥_刘新民）,9,2025-07-21T14:23:24.021Z,2.0,义务教育教科书·地理图册八年级上册（主编：朱翔&周瑞祥&刘新民）_c64bac48,八年级,ocr,主编:朱翔&周瑞祥&刘新民,0.5245283018867924,0.5,0.372,1,上册,/Users/LeoQin/Documents/GitHub/PDFconvertor/flattened_pdfs/义务教育教科书·地理图册八年级上册（主编：朱翔&周瑞祥&刘新民）_c64bac48.pdf,义务教育教科书·地理图册八年级上册（主编：朱翔&周瑞祥&刘新民）_c64bac48.json,地理,123,worker_4
义务教育教科书·地理图册八年级上册（主编_朱翔_周瑞祥_刘新民）_chunk_10,10,中本\n时|二下覃要 |。 乓王区区榨汪四有 7\ny] 令 m: 【CA\n有疯 | AR | | 1 机， on 所 | | 大\nCT 1 app-革as 人 | | 网 |本5\nNe | am 至高和 | | 、 全各\n| It 和 / / 4 划 1\n人耻则 1) 二 /全丰区 ar 1一罗-总加\n| | 天取 ” 避风王\n1 ] | 1/ 一条”洲/2 四\n | / & ws 司 AAAND\n全 | 大 -卉\n< / 1 广二清国本检充兰那岛!新| | ) / / ; 太玖[用浴\n| / / / 9 人济亲二岛|如 | 汉疙\n| 光 / 区寻\n] 二玉 总2 2 区由 人有je\n二1一一人-人7\nPh 人\nSR 4 有\n”ASS ma\njg 区 42 多米尼加委 波多玖各 {美}\n44 安圭拉 (英},357,0,unknown,text-extracted,,2.0,义务教育教科书·地理图册八年级上册（主编_朱翔_周瑞祥_刘新民）,10,2025-07-21T14:23:24.021Z,2.0,义务教育教科书·地理图册八年级上册（主编：朱翔&周瑞祥&刘新民）_c64bac48,八年级,ocr,主编:朱翔&周瑞祥&刘新民,0.4625,0.5,0.357,1,上册,/Users/LeoQin/Documents/GitHub/PDFconvertor/flattened_pdfs/义务教育教科书·地理图册八年级上册（主编：朱翔&周瑞祥&刘新民）_c64bac48.pdf,义务教育教科书·地理图册八年级上册（主编：朱翔&周瑞祥&刘新民）_c64bac48.json,地理,123,worker_4
义务教育教科书·地理图册八年级上册（主编_朱翔_周瑞祥_刘新民）_chunk_11,11,济亲二岛|如 | 汉疙\n| 光 / 区寻\n] 二玉 总2 2 区由 人有je\n二1一一人-人7\nPh 人\nSR 4 有\n”ASS ma\njg 区 42 多米尼加委 波多玖各 {美}\n44 安圭拉 (英}\n27 ”克罗地亚 30 北马其顿 33 ”楚薄网 36 ”俄罗斯 4 “马提尼克 【法}\n28 波斯尼亚和黑塞哥维天 31 阿尔巴尼亚 34 ” 麻纳哥 37 拉陪锥亚 46 圣文森特和格林纳丁斯\n29 塞尔维亚 32 圣马力诺 35 安道尔 38 爱沙尼亚 47 库拉索 (荷}\n 第一章“中国的绪域与人口IE,258,0,unknown,text-extracted,,2.0,义务教育教科书·地理图册八年级上册（主编_朱翔_周瑞祥_刘新民）,11,2025-07-21T14:23:24.021Z,2.0,义务教育教科书·地理图册八年级上册（主编：朱翔&周瑞祥&刘新民）_c64bac48,八年级,ocr,主编:朱翔&周瑞祥&刘新民,0.6185567010309279,0.6,0.258,1,上册,/Users/LeoQin/Documents/GitHub/PDFconvertor/flattened_pdfs/义务教育教科书·地理图册八年级上册（主编：朱翔&周瑞祥&刘新民）_c64bac48.pdf,义务教育教科书·地理图册八年级上册（主编：朱翔&周瑞祥&刘新民）_c64bac48.json,地理,123,worker_4
义务教育教科书·地理图册八年级上册（主编_朱翔_周瑞祥_刘新民）_chunk_12,12,"全第一节中国的疆域\n2 中国的杜域\n2 1:24 000 000\n大A才时半羡量 且辐。，， 局由\nsa = 一生1 SS\n中华人民共和国国旗中华人民共和国国徽 va 罗下|\nISSN 了攻一海陆位置 ES\n中国与蒙古、日本海陆位置的比较 per\n5 fs\n人 0 | |\nAR 让 | 阳二/3\nRE\n帮源了请 5 风汪 9 AS， 0 忆\nDC ve 本 or 商人状，-厅网和新总大7 us\n包与三已fs 中 CA [ SS\n 人人 HA E 5， 才 Da | va RS | |志可中华人民共和国儿 放攻NS 7 有六\nEN 二辣 |\n内陆国家，无出海口海陆兼备的国家岛国，陆上无邻国 | 人纬度位置 Ai\n中国与俄罗斯、巴西纬度位置的比较 | _\n\、、 4 人谓\n""的和 二光世 2\n人 “二前天了， 覆 RE 本 j\n俄罗斯大部分领土位于中国大部分领土位于巴西大部分领土位于 |\n北温带，小部分领土位于北北温带，小部分领土位于热带，小部分领土位于南 |-\n寒带。 热带。 温带。 二\nRe ee ep， | 有二 K 本|， 二全 人 EN |",480,0,unknown,text-extracted,,2.0,义务教育教科书·地理图册八年级上册（主编_朱翔_周瑞祥_刘新民）,12,2025-07-21T14:23:24.021Z,2.0,义务教育教科书·地理图册八年级上册（主编：朱翔&周瑞祥&刘新民）_c64bac48,八年级,ocr,主编:朱翔&周瑞祥&刘新民,0.6417112299465241,0.5,0.48,1,上册,/Users/LeoQin/Documents/GitHub/PDFconvertor/flattened_pdfs/义务教育教科书·地理图册八年级上册（主编：朱翔&周瑞祥&刘新民）_c64bac48.pdf,义务教育教科书·地理图册八年级上册（主编：朱翔&周瑞祥&刘新民）_c64bac48.json,地理,123,worker_4
义务教育教科书·地理图册八年级上册（主编_朱翔_周瑞祥_刘新民）_chunk_13,13,北温带，小部分领土位于北北温带，小部分领土位于热带，小部分领土位于南 |-\n寒带。 热带。 温带。 二\nRe ee ep， | 有二 K 本|， 二全 人 EN |\n7 -入 We 司和 上\naa 必庆三 | 汪北欧北刘最热果观则\n(终年寒冷) (四季分明) (终年炎热) - 自拓海械民 | |\nRSS 第一草 “中辐的乡下己入吕,166,0,unknown,text-extracted,,2.0,义务教育教科书·地理图册八年级上册（主编_朱翔_周瑞祥_刘新民）,13,2025-07-21T14:23:24.021Z,2.0,义务教育教科书·地理图册八年级上册（主编：朱翔&周瑞祥&刘新民）_c64bac48,八年级,ocr,主编:朱翔&周瑞祥&刘新民,0.6793893129770993,0.7999999999999999,0.166,1,上册,/Users/LeoQin/Documents/GitHub/PDFconvertor/flattened_pdfs/义务教育教科书·地理图册八年级上册（主编：朱翔&周瑞祥&刘新民）_c64bac48.pdf,义务教育教科书·地理图册八年级上册（主编：朱翔&周瑞祥&刘新民）_c64bac48.json,地理,123,worker_4
义务教育教科书·地理图册八年级上册（主编_朱翔_周瑞祥_刘新民）_chunk_14,14,"第一节中国的疆域, 全 TIE -RE 全 em一三 T TFT\nTS 对 mm 7到下产一一 \ |\n屿iT 上几司二， 人用 ee 专局 更全2\nNA 开 | 代 2 NA\nET FASI顺7 | 2 7 |\nRN 人) 有| 一仁3\n和 > 岂AR 1 | IE 下 | ES 太下 PE |\n) ER | 一放 相 <\n下 2 四一 2 < 因 Ne， |\n斯| 姐二天三 车| 这忆| f 用 ez 鲁本\n1/ s基、N 人避 蛋顾\nwm 机cc FE二四 加是山 JAA 】\n上 1 4 2 ss < 光 | 岛兰巴托辑全| | 0 本司| Te 则 ER |\n人 GOW\n| 上国 由雹 | 姜外 1 1 由导师\n1、 | 屋 oo - 过， =/ 总理疏导 E 到和\n二和 | SS | | Pa 内必二并 本",363,0,unknown,text-extracted,,2.0,义务教育教科书·地理图册八年级上册（主编_朱翔_周瑞祥_刘新民）,14,2025-07-21T14:23:24.021Z,2.0,义务教育教科书·地理图册八年级上册（主编：朱翔&周瑞祥&刘新民）_c64bac48,八年级,ocr,主编:朱翔&周瑞祥&刘新民,0.44166666666666665,0.30000000000000004,0.363,1,上册,/Users/LeoQin/Documents/GitHub/PDFconvertor/flattened_pdfs/义务教育教科书·地理图册八年级上册（主编：朱翔&周瑞祥&刘新民）_c64bac48.pdf,义务教育教科书·地理图册八年级上册（主编：朱翔&周瑞祥&刘新民）_c64bac48.json,地理,123,worker_4
义务教育教科书·地理图册八年级上册（主编_朱翔_周瑞祥_刘新民）_chunk_15,15,1、 | 屋 oo - 过， =/ 总理疏导 E 到和\n二和 | SS | | Pa 内必二并 本人 | 号 | 的 0 本用司 ec 0 量民 ) 天页 二义 三由 “各一 了及和 SEE 的 | 人国人 7 量\n< | 2 1\nSS :一 3 1人总\n 人、 - h 一一平 抽 0\n站 Mi 二二 AN\n罗本 二 er下全有全。 二国上个\\n1 [| 类必 策下， 人喇副， 党\n1 )呈 1 机由 史汪 N， 上售二 | 1 “\n用 2 FA 1 be 一浊中 1 0 | 和出 光线可 人\n~ 二| 二 sg 、 这虱 ROY,268,0,unknown,text-extracted,,2.0,义务教育教科书·地理图册八年级上册（主编_朱翔_周瑞祥_刘新民）,15,2025-07-21T14:23:24.021Z,2.0,义务教育教科书·地理图册八年级上册（主编：朱翔&周瑞祥&刘新民）_c64bac48,八年级,ocr,主编:朱翔&周瑞祥&刘新民,0.5290697674418605,0.5,0.268,1,上册,/Users/LeoQin/Documents/GitHub/PDFconvertor/flattened_pdfs/义务教育教科书·地理图册八年级上册（主编：朱翔&周瑞祥&刘新民）_c64bac48.pdf,义务教育教科书·地理图册八年级上册（主编：朱翔&周瑞祥&刘新民）_c64bac48.json,地理,123,worker_4
义务教育教科书·地理图册八年级上册（主编_朱翔_周瑞祥_刘新民）_chunk_16,16,中 1 0 | 和出 光线可 人\n~ 二| 二 sg 、 这虱 ROY 羡 5 上= 0 RE |国本 雹 1 Ti\n| 入民了st 和同仁放部本上 人 7 二有和 “ 起二60度，相距约5 206 = er Ac 、 . 州区 0 1二二 人 Sr\n上 4 ES 北而站下> 上民并员月相距约5 500 > 天十 陋 DR 际遇一让GORn 天亚定下se An -击人、阵地面积约9 干米_ 有几天且汪人 RS\nNe NS\nWE一 ) RS 国人 本在引 : ae 人 ss 放作 > 和郑 昌\nhai\nSU 和站一 TPR 1 2 大陆海岸线长| :1，@蚂 se NA避| Te ‖ | 1下 |揭18.000千米 >\nWO AAANIK 避 |\n“全请都ivS、冰内让外 NU [ | 光旬务.坦忆巾四 0 aa 二 0 WO 村\nER 而| |人六A 本 - 所\nDe 人避度， RE 本治 柜2 珊呈从 -| 中区这:7 有,418,0,unknown,text-extracted,,2.0,义务教育教科书·地理图册八年级上册（主编_朱翔_周瑞祥_刘新民）,16,2025-07-21T14:23:24.021Z,2.0,义务教育教科书·地理图册八年级上册（主编：朱翔&周瑞祥&刘新民）_c64bac48,八年级,ocr,主编:朱翔&周瑞祥&刘新民,0.47491638795986624,0.30000000000000004,0.418,1,上册,/Users/LeoQin/Documents/GitHub/PDFconvertor/flattened_pdfs/义务教育教科书·地理图册八年级上册（主编：朱翔&周瑞祥&刘新民）_c64bac48.pdf,义务教育教科书·地理图册八年级上册（主编：朱翔&周瑞祥&刘新民）_c64bac48.json,地理,123,worker_4
义务教育教科书·地理图册八年级上册（主编_朱翔_周瑞祥_刘新民）_chunk_17,17,"四 0 aa 二 0 WO 村\nER 而| |人六A 本 - 所\nDe 人避度， RE 本治 柜2 珊呈从 -| 中区这:7 有人 下加拉国广下 反旋 SS 上 | 5 ,上下\nEM人作上二一人 1) SAO2 二二岗呈 2 次洒\n|全 5 下全 下和下全人 SR 汪 [人季 :\n区疯光全下于 | PCNA _ 4\n一一一 | AN 昌记 : 川硕从\n| | NE 全辐 网到 “二 】 和有二内忆让 : 夺圳全\nSe 1 | - 志二 一失三 包过. 二孟 抓|拉计轴 面FA 本人 本， |内比都/ 万龟人 |海南入 |， NE frAB关ANNA s 二 |\n让 】 从人 - SN NS 西种群亏才\n六人拉ES ”中圳千甸 1 4\n站请 率田 RN 黄岩而 ur由通R\nWi 人 CNSS 加",351,0,unknown,text-extracted,,2.0,义务教育教科书·地理图册八年级上册（主编_朱翔_周瑞祥_刘新民）,17,2025-07-21T14:23:24.021Z,2.0,义务教育教科书·地理图册八年级上册（主编：朱翔&周瑞祥&刘新民）_c64bac48,八年级,ocr,主编:朱翔&周瑞祥&刘新民,0.5587044534412956,0.30000000000000004,0.351,1,上册,/Users/LeoQin/Documents/GitHub/PDFconvertor/flattened_pdfs/义务教育教科书·地理图册八年级上册（主编：朱翔&周瑞祥&刘新民）_c64bac48.pdf,义务教育教科书·地理图册八年级上册（主编：朱翔&周瑞祥&刘新民）_c64bac48.json,地理,123,worker_4
义务教育教科书·地理图册八年级上册（主编_朱翔_周瑞祥_刘新民）_chunk_18,18,六人拉ES ”中圳千甸 1 4\n站请 率田 RN 黄岩而 ur由通R\nWi 人 CNSS 加让 一一个| NS\n四 mn IJRS\n从用《xj=汗| )作Ts， 7 四分国人 4 二国生 SR 罗RE 时 0 ATI -区 7 二:让\n05 动和 帮本\n和六 人7 节扣 南 R 二十 嘱上 如外 Mt\n| 3 Dr 国证。 洲扣 放癌 民要 二| 了 nmEN 本亿 1 区国\n7 攻 、 更本本人 9\n度洋 恰王， -号ae， 一斯里巴加湾市6 人二人,228,0,unknown,text-extracted,,2.0,义务教育教科书·地理图册八年级上册（主编_朱翔_周瑞祥_刘新民）,18,2025-07-21T14:23:24.021Z,2.0,义务教育教科书·地理图册八年级上册（主编：朱翔&周瑞祥&刘新民）_c64bac48,八年级,ocr,主编:朱翔&周瑞祥&刘新民,0.5493827160493827,0.5,0.228,1,上册,/Users/LeoQin/Documents/GitHub/PDFconvertor/flattened_pdfs/义务教育教科书·地理图册八年级上册（主编：朱翔&周瑞祥&刘新民）_c64bac48.pdf,义务教育教科书·地理图册八年级上册（主编：朱翔&周瑞祥&刘新民）_c64bac48.json,地理,123,worker_4
义务教育教科书·地理图册八年级上册（主编_朱翔_周瑞祥_刘新民）_chunk_19,19,1 区国\n7 攻 、 更本本人 9\n度洋 恰王， -号ae， 一斯里巴加湾市6 人二人晤 ]己可吕六 Se -癌本\nFS - \ E 和从 ES 人医 填所 Ne计陡起| 5 到元 关 ; 全二 AAA\nIs As 部训 7 村人二\nES AN 到上 让西必fEE会 | 卫一， 100 下二 和讼 区 | UL 一玖 7\n加熏 书国的慎域 ET\n第一章 ”中国的疆域与人口,187,0,unknown,text-extracted,,2.0,义务教育教科书·地理图册八年级上册（主编_朱翔_周瑞祥_刘新民）,19,2025-07-21T14:23:24.021Z,2.0,义务教育教科书·地理图册八年级上册（主编：朱翔&周瑞祥&刘新民）_c64bac48,八年级,ocr,主编:朱翔&周瑞祥&刘新民,0.6044776119402985,0.6,0.187,1,上册,/Users/LeoQin/Documents/GitHub/PDFconvertor/flattened_pdfs/义务教育教科书·地理图册八年级上册（主编：朱翔&周瑞祥&刘新民）_c64bac48.pdf,义务教育教科书·地理图册八年级上册（主编：朱翔&周瑞祥&刘新民）_c64bac48.json,地理,123,worker_4
义务教育教科书·地理图册八年级上册（主编_朱翔_周瑞祥_刘新民）_chunk_20,20,ES 人第一节中国的行政区划过 由 1 |\n中国省级行政区划 |。，、几\n1:16 000 000 1 SS 如俄\n1 入 ~ as 至义 EN 7 从~-\nPass 为必_ ee\n巴尔喀什戎SKY se 宇和\n、 As |一-一多人A\nMe、 间\n2，过 no 上\n2 证罗 RE 下二当可 |\n站 s 厢; 一 -坦 TS 一人 生生天并人\n“乞和 at 人 | 本区 内消\n阿 SR | 最\nRaw |) As\n一国\nAR 1 > 泗 | 3 | AR\n眉区友 L/ 2 1 而记汪到关 二 FE |\n区 1 晶和 2 并六 wu 侦人， 站 =\n三辣直亲用 1 写 Re 、， ee,295,0,unknown,text-extracted,,2.0,义务教育教科书·地理图册八年级上册（主编_朱翔_周瑞祥_刘新民）,20,2025-07-21T14:23:24.021Z,2.0,义务教育教科书·地理图册八年级上册（主编：朱翔&周瑞祥&刘新民）_c64bac48,八年级,ocr,主编:朱翔&周瑞祥&刘新民,0.4729064039408867,0.5,0.295,1,上册,/Users/LeoQin/Documents/GitHub/PDFconvertor/flattened_pdfs/义务教育教科书·地理图册八年级上册（主编：朱翔&周瑞祥&刘新民）_c64bac48.pdf,义务教育教科书·地理图册八年级上册（主编：朱翔&周瑞祥&刘新民）_c64bac48.json,地理,123,worker_4
义务教育教科书·地理图册八年级上册（主编_朱翔_周瑞祥_刘新民）_chunk_21,21,六 wu 侦人， 站 =\n三辣直亲用 1 写 Re 、， ee\n1 加 | 友二人人斯\:深礁生生 pe 人渴 全人让\nSEE 计S 区 |他- 人二 大全 SA 由站 一全和了 ” 间图 “六Na证汪\nPFA 《呈\ 外 (音) 百 “和白人 AS 双上关本二 rr\na SC 和 Se 人八相信 RS\n= 入其 SN AR四|\n<疝要 ES、 久 | | AR 澡十 VE\n和 al E | Ta 本 YES _咎- 村 NE 和机\n“和 (各有一mre 1 > we ”辐\nSR有念 和一全 E同-必要基一忆有关>、\nNS\n忆 Ra 2 AL 二要 AS 让久 SS FE ES\nnp NI Le 【ES )\n电大maya 从人是\nas _ AN 二本天二全人,333,0,unknown,text-extracted,,2.0,义务教育教科书·地理图册八年级上册（主编_朱翔_周瑞祥_刘新民）,21,2025-07-21T14:23:24.021Z,2.0,义务教育教科书·地理图册八年级上册（主编：朱翔&周瑞祥&刘新民）_c64bac48,八年级,ocr,主编:朱翔&周瑞祥&刘新民,0.4595744680851064,0.30000000000000004,0.333,1,上册,/Users/LeoQin/Documents/GitHub/PDFconvertor/flattened_pdfs/义务教育教科书·地理图册八年级上册（主编：朱翔&周瑞祥&刘新民）_c64bac48.pdf,义务教育教科书·地理图册八年级上册（主编：朱翔&周瑞祥&刘新民）_c64bac48.json,地理,123,worker_4
义务教育教科书·地理图册八年级上册（主编_朱翔_周瑞祥_刘新民）_chunk_22,22,SR有念 和一全 E同-必要基一忆有关>、\nNS\n忆 Ra 2 AL 二要 AS 让久 SS FE ES\nnp NI Le 【ES )\n电大maya 从人是\nas _ AN 二本天二全人人 四司 长芋 克 0 2 代二 | j 上4 本时 的 Te\n三二旭汪一类| |大-与全\n-as 7 MI有\nSA 人 AN 息胃 『霹妈 办办二 南全 高 、\n1 We = WE\n前辣|本:见吕最 全如 人\n=) ae\n人 ES 到人\n一加 技和 5 户呈人\n-5 和湾 RS\nee ” 轧攻4 A _ 老这\n站出 vi 1 re一二 让攻 南\n| 4 上一 对拉\n省级行政区埋单位简称遇 {\n斧) 证局 100 [7 下 Ne-\nER第一章中国的疆域与人口-\n第一章”中国的疆域与人口,338,0,unknown,text-extracted,,2.0,义务教育教科书·地理图册八年级上册（主编_朱翔_周瑞祥_刘新民）,22,2025-07-21T14:23:24.021Z,2.0,义务教育教科书·地理图册八年级上册（主编：朱翔&周瑞祥&刘新民）_c64bac48,八年级,ocr,主编:朱翔&周瑞祥&刘新民,0.5555555555555556,0.30000000000000004,0.338,1,上册,/Users/LeoQin/Documents/GitHub/PDFconvertor/flattened_pdfs/义务教育教科书·地理图册八年级上册（主编：朱翔&周瑞祥&刘新民）_c64bac48.pdf,义务教育教科书·地理图册八年级上册（主编：朱翔&周瑞祥&刘新民）_c64bac48.json,地理,123,worker_4
义务教育教科书·地理图册八年级上册（主编_朱翔_周瑞祥_刘新民）_chunk_23,23,"第二节 “中国的行政区划\, 融 TD\n一\n[网开 |和有有 1 识别中国行政区划的方琶六呈 愉 | 法;\n休- 力 “刘 1\n民- | 1 要 1.口读法:如京津沪洽有 一一直辖市，裳宁新茂桂自治区， 筷二 RS 乒港澳特列行政区等。 | 将全 元 :一 FE一上 二 S 2 图形形象法，如黑龙\nzs 六 | 区 | =。 江轮麻似天网。青海轮廓像锡\n1/ 一-人眩1 gj 加子，山东输麻像骆驼等。 |区 WU， 加旺3 商了,自然环境组法: 如长古、- PP 4 呈 -谭 \ 江、黄河经过的省级行政间表 se \\ 位，活海岸线、滞陆上答习分人 ER 天 En， 2 | 人 Re ” 二 | 二 5 一到 本了 Te 下阳 > 可站 儒) 外 ee 三 5 1\n人部 二轴 司7 了 3 入人\n间洒 WE 下有 SN， 区一 了中区于\n过 | 呈和滞特人 |。 识二-一人\nre 和末了一 其米 人 |\nWA 修aa ts 1 总了 \|",425,0,unknown,text-extracted,,2.0,义务教育教科书·地理图册八年级上册（主编_朱翔_周瑞祥_刘新民）,23,2025-07-21T14:23:24.021Z,2.0,义务教育教科书·地理图册八年级上册（主编：朱翔&周瑞祥&刘新民）_c64bac48,八年级,ocr,主编:朱翔&周瑞祥&刘新民,0.6507936507936508,0.5,0.425,1,上册,/Users/LeoQin/Documents/GitHub/PDFconvertor/flattened_pdfs/义务教育教科书·地理图册八年级上册（主编：朱翔&周瑞祥&刘新民）_c64bac48.pdf,义务教育教科书·地理图册八年级上册（主编：朱翔&周瑞祥&刘新民）_c64bac48.json,地理,123,worker_4
义务教育教科书·地理图册八年级上册（主编_朱翔_周瑞祥_刘新民）_chunk_24,24,间洒 WE 下有 SN， 区一 了中区于\n过 | 呈和滞特人 |。 识二-一人\nre 和末了一 其米 人 |\nWA 修aa ts 1 总了 \|\n和汪北京女生人 |藤总到人 (人 \\n] 上和 SR \ 交\n 4/壮， _ 人钊) | 六千 3全韩 司 1 本 [ ct\n有人 国总 全站 共本， 1 二 “杰 tz“一 2人 1\n人 DA 车和下国 /关 7 个 |\n2和， OUL\n2 蜗二 放 3 区 1 7 >\n一生会再必册人省疝炎， ER 天 Wi 1/ 西红 As 吼出 |\n或秦儿 s 册立生占、 由 | 人中 | | US 二现\n| 2天汪 YN 则省 局过交直本\n7本和 ”一人ER | 车 es 有扩 Ar 1\nee 天人 5外\n> it 工则有 1\n呈| 0 1\n丰丁 0 下 1 | ee 和本 |\nTY je | | 1 麻吉本名 | 浊|\n司村| 古人全人 相,394,0,unknown,text-extracted,,2.0,义务教育教科书·地理图册八年级上册（主编_朱翔_周瑞祥_刘新民）,24,2025-07-21T14:23:24.021Z,2.0,义务教育教科书·地理图册八年级上册（主编：朱翔&周瑞祥&刘新民）_c64bac48,八年级,ocr,主编:朱翔&周瑞祥&刘新民,0.5492424242424242,0.5,0.394,1,上册,/Users/LeoQin/Documents/GitHub/PDFconvertor/flattened_pdfs/义务教育教科书·地理图册八年级上册（主编：朱翔&周瑞祥&刘新民）_c64bac48.pdf,义务教育教科书·地理图册八年级上册（主编：朱翔&周瑞祥&刘新民）_c64bac48.json,地理,123,worker_4
义务教育教科书·地理图册八年级上册（主编_朱翔_周瑞祥_刘新民）_chunk_25,25,"呈| 0 1\n丰丁 0 下 1 | ee 和本 |\nTY je | | 1 麻吉本名 | 浊|\n司村| 古人全人 相\nSn 六虽, 后呈3 3 本 】\nES ES八国本加 汶- 二 SN | mmai en |\n得关放自治区》 广未 站 RH 专任作| -一一 [Eee\n让放一一 | 台湾岛宣 刘机， 二\nAR 几师光有必 1 ”和训攻一|一一一者的闪a 加人 由 3 证区 (洪) 东孙群凡 | 六 | 和了 | |\n邦。 【|晶 (澡) 2 | 7 中we ED\n芝锥酒则 RE NA 可海 | 这的 下海南多有 二放 |站岂\n| /律宾由 请汉皮基站人 | 等律窒 | FE本生意吕|\n第一章 ”中国的疆域与人口ES",312,0,unknown,text-extracted,,2.0,义务教育教科书·地理图册八年级上册（主编_朱翔_周瑞祥_刘新民）,25,2025-07-21T14:23:24.021Z,2.0,义务教育教科书·地理图册八年级上册（主编：朱翔&周瑞祥&刘新民）_c64bac48,八年级,ocr,主编:朱翔&周瑞祥&刘新民,0.5855855855855856,0.5,0.312,1,上册,/Users/LeoQin/Documents/GitHub/PDFconvertor/flattened_pdfs/义务教育教科书·地理图册八年级上册（主编：朱翔&周瑞祥&刘新民）_c64bac48.pdf,义务教育教科书·地理图册八年级上册（主编：朱翔&周瑞祥&刘新民）_c64bac48.json,地理,123,worker_4
义务教育教科书·地理图册八年级上册（主编_朱翔_周瑞祥_刘新民）_chunk_26,26,NE， 全第一节中国的行政区划中国省级行政区域单位海陆位置分布人 AR 可ER\n13:32 000 000 二上 它赔\nud 了\nLI 7 NS\n六-人站一区Te ME\n直人， 录放和全天， 硒用 : 了商 ad如台 E 0仙人蛮、避 RE\nRN 有网 和司卫二于二汉 SO AR\n”全人有 CA QQ\nRAR\n仿生志和 RAR\n7 网汪人不下7， 量/ 兰和CR\n= sa 人 AS 相川 省年沁和\n电 SS 此 sea 人\nSA | 二人 本\n| 耻_ AP IT 长落of 严了 “悚用夫到由风 Re 全出省分| 南下和本和 1\n.wa ja 人人靖第人\n3 屁明双人 ti记 2 ] 了 ] 了 F\n时一 人 ee 蘑四 区\nE | 沿海省级行政区域单位市直王机Piy瑟aa 人十让\n[一] 内陆省级行政区域单位二 全一 | 加了 |\n[让陆枉党级行政区域单位局 上 De\n388沼Kg区人\n中国 Et [二三\n级| 四----加-|\n行政\n区局 和省级县级乡级中国三级行政区划人举例 (湖南省一- 桂阳县一- 东城乡)\nad ass em\n大: 0 元9折水多人 1。 李江邓人\n1 mm A几 o 六 | 洗请 1 亲养靖,517,0,unknown,text-extracted,,2.0,义务教育教科书·地理图册八年级上册（主编_朱翔_周瑞祥_刘新民）,26,2025-07-21T14:23:24.021Z,2.0,义务教育教科书·地理图册八年级上册（主编：朱翔&周瑞祥&刘新民）_c64bac48,八年级,ocr,主编:朱翔&周瑞祥&刘新民,0.6055979643765903,0.5,0.517,1,上册,/Users/LeoQin/Documents/GitHub/PDFconvertor/flattened_pdfs/义务教育教科书·地理图册八年级上册（主编：朱翔&周瑞祥&刘新民）_c64bac48.pdf,义务教育教科书·地理图册八年级上册（主编：朱翔&周瑞祥&刘新民）_c64bac48.json,地理,123,worker_4
义务教育教科书·地理图册八年级上册（主编_朱翔_周瑞祥_刘新民）_chunk_27,27,中国三级行政区划人举例 (湖南省一- 桂阳县一- 东城乡)\nad ass em\n大: 0 元9折水多人 1。 李江邓人\n1 mm A几 o 六 | 洗请 1 亲养靖二 S 四人 EC\n六 - 元可全、enedtg 全生 过和 到生 MSN amae\n本本 人 -省人 入喜 Fi 人和 上人 二 SU 本\noa ae 2\n岛省级行政中心 ”加县额行政中心日 多级行政中心 9村庄一一一省顷界 ”一一县级界 ”一一，乡航异\nES 第一章中国的疆域与人口,225,0,unknown,text-extracted,,2.0,义务教育教科书·地理图册八年级上册（主编_朱翔_周瑞祥_刘新民）,27,2025-07-21T14:23:24.021Z,2.0,义务教育教科书·地理图册八年级上册（主编：朱翔&周瑞祥&刘新民）_c64bac48,八年级,ocr,主编:朱翔&周瑞祥&刘新民,0.6647398843930635,0.5,0.225,1,上册,/Users/LeoQin/Documents/GitHub/PDFconvertor/flattened_pdfs/义务教育教科书·地理图册八年级上册（主编：朱翔&周瑞祥&刘新民）_c64bac48.pdf,义务教育教科书·地理图册八年级上册（主编：朱翔&周瑞祥&刘新民）_c64bac48.json,地理,123,worker_4
义务教育教科书·地理图册八年级上册（主编_朱翔_周瑞祥_刘新民）_chunk_28,28,第三节 “中国的人口\ 从 TD\n2016年世界人口超过1亿的国家 1:180 000 000\n区- AU es SS LE\n二攻 让EEC二\n8 de\n人元的二国生人人个 蕊交区mw\n人 1 WE 这才\n[4 六 Fnea 人 |\n人一”AR AD 站人 7A 了人 人 RN aa\n了了 王二 洒 SP人一人 Sa一AS\n1 六 xx区和一一一一|一一- 主攻二站“3\nee LE 1 生半生|归 SS\n人府 一 | IE 计四 上志 = -大狂\n| AL R 有局 本 > 全 0 8\n1 DT 二和 1二 LS 人和 到太忆 EN 如各起 二 TPR FRR ET 汪汪一 OCS ET二大 |局-\nYI Rs -0 4 时 LT 1/ 7 2\n本可 L 等 0 8 谤半 故 po 党/,348,0,unknown,text-extracted,,2.0,义务教育教科书·地理图册八年级上册（主编_朱翔_周瑞祥_刘新民）,28,2025-07-21T14:23:24.021Z,2.0,义务教育教科书·地理图册八年级上册（主编：朱翔&周瑞祥&刘新民）_c64bac48,八年级,ocr,主编:朱翔&周瑞祥&刘新民,0.46153846153846156,0.30000000000000004,0.348,1,上册,/Users/LeoQin/Documents/GitHub/PDFconvertor/flattened_pdfs/义务教育教科书·地理图册八年级上册（主编：朱翔&周瑞祥&刘新民）_c64bac48.pdf,义务教育教科书·地理图册八年级上册（主编：朱翔&周瑞祥&刘新民）_c64bac48.json,地理,123,worker_4
义务教育教科书·地理图册八年级上册（主编_朱翔_周瑞祥_刘新民）_chunk_29,29,时 LT 1/ 7 2\n本可 L 等 0 8 谤半 故 po 党/\n二 - 这 7\n人下\n启 RE EL 5\n2 三李 Fr 窜: 请人口二 南瓜 送汪 ”十 SR 和 {僻 |\n世界人口前五位国家占世界总人口的比重加 4.34%6. we 3.519%6 2.79%、_ WE\n中国印度美国印度尼西亚巴西中国人口增长和自然变动情况罗\n日出 城镇人品一一人口出生素入鳃和必 乡村人口一一人口死亡率六\n一一人口增长昌线一，人口自然增长率数 1\n拓站人吕由\n攻,228,0,unknown,text-extracted,,2.0,义务教育教科书·地理图册八年级上册（主编_朱翔_周瑞祥_刘新民）,29,2025-07-21T14:23:24.021Z,2.0,义务教育教科书·地理图册八年级上册（主编：朱翔&周瑞祥&刘新民）_c64bac48,八年级,ocr,主编:朱翔&周瑞祥&刘新民,0.6944444444444444,0.30000000000000004,0.228,1,上册,/Users/LeoQin/Documents/GitHub/PDFconvertor/flattened_pdfs/义务教育教科书·地理图册八年级上册（主编：朱翔&周瑞祥&刘新民）_c64bac48.pdf,义务教育教科书·地理图册八年级上册（主编：朱翔&周瑞祥&刘新民）_c64bac48.json,地理,123,worker_4
义务教育教科书·地理图册八年级上册（主编_朱翔_周瑞祥_刘新民）_chunk_30,30,"一一人口增长昌线一，人口自然增长率数 1\n拓站人吕由\n攻\n1f9j 了\n0 5 .由和\n品 AAA ] 再\n0 二汪汪和 4\n0 DA 站 3\n1 ss SEE生生和二= 一中了\n[ 2 四二 Er 本上1\n-10\n1949 1955 1960 1965 1870 1975 1980 1985 1990 18995 2000 2005 2010 20放[后)\n注,本图数据不含条港特别行政区澳门特别行政区、人台湾省第一章 “中国的疆域与人口ER",223,0,unknown,text-extracted,,2.0,义务教育教科书·地理图册八年级上册（主编_朱翔_周瑞祥_刘新民）,30,2025-07-21T14:23:24.021Z,2.0,义务教育教科书·地理图册八年级上册（主编：朱翔&周瑞祥&刘新民）_c64bac48,八年级,ocr,主编:朱翔&周瑞祥&刘新民,0.4606741573033708,0.2,0.223,1,上册,/Users/LeoQin/Documents/GitHub/PDFconvertor/flattened_pdfs/义务教育教科书·地理图册八年级上册（主编：朱翔&周瑞祥&刘新民）_c64bac48.pdf,义务教育教科书·地理图册八年级上册（主编：朱翔&周瑞祥&刘新民）_c64bac48.json,地理,123,worker_4
义务教育教科书·地理图册八年级上册（主编_朱翔_周瑞祥_刘新民）_chunk_31,31,",第三节中国的人品让国人吕密度分布| 7 区\n1:20 000 000 7\n0 这刘医 福\n1 本凡\n/ 人 FF aa 了 / 二 AR本 【 7\nrc 《\n汪 SN 7 8 下 SS ee \ 枚 ee 玖让人\n = 机 TU SN 二时 RAT | < 遇人\nTAN 广浊\n人 AR\n人口密诬(入/千米人 3 e\n国 > 800 有 600一800 有有 400~6o0 昌和\n硬一 100一400 IE 10一100 1~10 中民 和 = - 油\n<1 一一人口地理界线 - 村全吉\n注，人口密度以县级行政区划为计算单位。 上中 二区， ,海南久 |\n(鸭) (为) (纪)",292,0,unknown,text-extracted,,2.0,义务教育教科书·地理图册八年级上册（主编_朱翔_周瑞祥_刘新民）,31,2025-07-21T14:23:24.021Z,2.0,义务教育教科书·地理图册八年级上册（主编：朱翔&周瑞祥&刘新民）_c64bac48,八年级,ocr,主编:朱翔&周瑞祥&刘新民,0.4834123222748815,0.5,0.292,1,上册,/Users/LeoQin/Documents/GitHub/PDFconvertor/flattened_pdfs/义务教育教科书·地理图册八年级上册（主编：朱翔&周瑞祥&刘新民）_c64bac48.pdf,义务教育教科书·地理图册八年级上册（主编：朱翔&周瑞祥&刘新民）_c64bac48.json,地理,123,worker_4
义务教育教科书·地理图册八年级上册（主编_朱翔_周瑞祥_刘新民）_chunk_32,32,"注，人口密度以县级行政区划为计算单位。 上中 二区， ,海南久 |\n(鸭) (为) (纪)\n直 1 1863征 1982征 201o生全 - 时公 男版昌文习 昌。 妇男 文三 =一明贞 一二 一\n”上生三\nZi 6 4 了 2 4 6 8杭) (XIE 6 4 2 2 4 8 t#山] ZI 8 4 2 4 6 8俩)\nSS 第一草 “让辐的戎起己估吕",178,0,unknown,text-extracted,,2.0,义务教育教科书·地理图册八年级上册（主编_朱翔_周瑞祥_刘新民）,32,2025-07-21T14:23:24.021Z,2.0,义务教育教科书·地理图册八年级上册（主编：朱翔&周瑞祥&刘新民）_c64bac48,八年级,ocr,主编:朱翔&周瑞祥&刘新民,0.5230769230769231,0.7999999999999999,0.178,1,上册,/Users/LeoQin/Documents/GitHub/PDFconvertor/flattened_pdfs/义务教育教科书·地理图册八年级上册（主编：朱翔&周瑞祥&刘新民）_c64bac48.pdf,义务教育教科书·地理图册八年级上册（主编：朱翔&周瑞祥&刘新民）_c64bac48.json,地理,123,worker_4
义务教育教科书·地理图册八年级上册（主编_朱翔_周瑞祥_刘新民）_chunk_33,33,"第三节 “中国的人口\体TIE\nFRI 0 |\n5 9 时河一腾冲一线以东、以西人口和西积的比较“六人< 司黑河-往冲一线 nm闪一二 ,本以西地区多沙洪, 区玫2 人倡 有 LE 浴 U、沿原 es\n,临-| 窒 ER 三-等/ 5\n5 ff 带 | ee 认， 八-， 5 刘了7\nn ct 全蝇国 | TREEasasc朋二 0\nms 7基wtaa下3本六二\n| 了辣eaeRSsabd江人GE 尝主三人 -， 由 H Te 汪二和硬二 腾冲一线以全 和 2 11全全证。 未地区地上|\n 人 rr 和。 人 - 市5人全证这二放 0 瞧。 素件好。 SA\n人人 引水有 | 号。 上 | 区二 更条了\nee 加 2 了二 -一一1 本 2",323,0,unknown,text-extracted,,2.0,义务教育教科书·地理图册八年级上册（主编_朱翔_周瑞祥_刘新民）,33,2025-07-21T14:23:24.021Z,2.0,义务教育教科书·地理图册八年级上册（主编：朱翔&周瑞祥&刘新民）_c64bac48,八年级,ocr,主编:朱翔&周瑞祥&刘新民,0.5551020408163265,0.5,0.323,1,上册,/Users/LeoQin/Documents/GitHub/PDFconvertor/flattened_pdfs/义务教育教科书·地理图册八年级上册（主编：朱翔&周瑞祥&刘新民）_c64bac48.pdf,义务教育教科书·地理图册八年级上册（主编：朱翔&周瑞祥&刘新民）_c64bac48.json,地理,123,worker_4
义务教育教科书·地理图册八年级上册（主编_朱翔_周瑞祥_刘新民）_chunk_34,34,SA\n人人 引水有 | 号。 上 | 区二 更条了\nee 加 2 了二 -一一1 本 2\n后 50060107\n要; | < 玫醒 面积{锅} 小站 人 es 他二 人龟 “+生\n|花 1 国人Dit%I TS 汪二 和司 吕一 一人口雹理恰线本 和本\n0 这号 外 2 硬六\nS 二， 号外 南海请郊\n1 搬\nER 二 |， 2016年中国省级行政区域单位人口密度分布则 党 3， 购总 要到 也扒 此二 Te 人 c\n和有 Re\n本一旺 下人,223,0,unknown,text-extracted,,2.0,义务教育教科书·地理图册八年级上册（主编_朱翔_周瑞祥_刘新民）,34,2025-07-21T14:23:24.021Z,2.0,义务教育教科书·地理图册八年级上册（主编：朱翔&周瑞祥&刘新民）_c64bac48,八年级,ocr,主编:朱翔&周瑞祥&刘新民,0.6392405063291139,0.5,0.223,1,上册,/Users/LeoQin/Documents/GitHub/PDFconvertor/flattened_pdfs/义务教育教科书·地理图册八年级上册（主编：朱翔&周瑞祥&刘新民）_c64bac48.pdf,义务教育教科书·地理图册八年级上册（主编：朱翔&周瑞祥&刘新民）_c64bac48.json,地理,123,worker_4
义务教育教科书·地理图册八年级上册（主编_朱翔_周瑞祥_刘新民）_chunk_35,35,二 Te 人 c\n和有 Re\n本一旺 下人 沈人 证维吾尔间治区 Se 和了 和多 二-2 A TS 生 Csh近和 国人后 = 和ACT\n有了 || | 人亏 SS FA 本攻 SS 0 让\n”入| ER 上汉 四川 让 VE 本本”人 | e wo | sea 所 0\n有本 | 同一病网则人口才让“CS季候局 《训了和 1可吕| 1 下人7和辣 保卫0个本二六 | | jw\n1 要\n-天巡 阔群硬 | 刁 se RS TI 1 [三 00~600 有云南划聊3 四 、 2 化 | 国国 400一5600 得 we 人规 中 : 汪芝直一一一一| 记 lo 和 -全 rw 二虹机- 了人 7 一和 | 有站\n骨 - 3 加| 学站 2 <10 和南诲许|\nER | 呈。 网二汪到\n2016年中国部分省级行政区域单位人口年龄比例,369,0,unknown,text-extracted,,2.0,义务教育教科书·地理图册八年级上册（主编_朱翔_周瑞祥_刘新民）,35,2025-07-21T14:23:24.021Z,2.0,义务教育教科书·地理图册八年级上册（主编：朱翔&周瑞祥&刘新民）_c64bac48,八年级,ocr,主编:朱翔&周瑞祥&刘新民,0.5643939393939394,0.5,0.369,1,上册,/Users/LeoQin/Documents/GitHub/PDFconvertor/flattened_pdfs/义务教育教科书·地理图册八年级上册（主编：朱翔&周瑞祥&刘新民）_c64bac48.pdf,义务教育教科书·地理图册八年级上册（主编：朱翔&周瑞祥&刘新民）_c64bac48.json,地理,123,worker_4
义务教育教科书·地理图册八年级上册（主编_朱翔_周瑞祥_刘新民）_chunk_36,36,"机- 了人 7 一和 | 有站\n骨 - 3 加| 学站 2 <10 和南诲许|\nER | 呈。 网二汪到\n2016年中国部分省级行政区域单位人口年龄比例\n11.74% 10.88% 7.69和16.14% 1 .归站18.20% 7.23%% 22.52%\n本 77,38% | 6.5殴 69.91% | 0上北京市广东省湖南省新疆维吾尔自治区国四0一14岁 15一64岁。 国惠 65岁及以上第一章”中国的愤域与人口ES",212,0,unknown,text-extracted,,2.0,义务教育教科书·地理图册八年级上册（主编_朱翔_周瑞祥_刘新民）,36,2025-07-21T14:23:24.021Z,2.0,义务教育教科书·地理图册八年级上册（主编：朱翔&周瑞祥&刘新民）_c64bac48,八年级,ocr,主编:朱翔&周瑞祥&刘新民,0.480225988700565,0.7999999999999999,0.212,1,上册,/Users/LeoQin/Documents/GitHub/PDFconvertor/flattened_pdfs/义务教育教科书·地理图册八年级上册（主编：朱翔&周瑞祥&刘新民）_c64bac48.pdf,义务教育教科书·地理图册八年级上册（主编：朱翔&周瑞祥&刘新民）_c64bac48.json,地理,123,worker_4
义务教育教科书·地理图册八年级上册（主编_朱翔_周瑞祥_刘新民）_chunk_37,37,"ES ]人第四节中国的民族中国民族分布 | 和\n1:20 000 000 二而 3 一 _ 多全\n| 下巴和路什诅S2 2 FE\n| 三 AlY司| 件册芭\n本人包人\n儿年:: 1和信出 ma\n4 | 0 hn 加人 和三\n和由 生大汉\nec用册计寺条站下省 AE\n二ee\nEYE\ncs 2 2 人 DB\n《人 ”庆生5 bo ZJ\n站中 区2 多 ZN\n和耻 0 GAN 2\n把: 起广-SC GAN 2\n1 二人涉 有多 TEL YNY NA 0 2\n< 人交代AAS多区 ZN ZN\nNA 1 Se ANGAX AAA了\nDR 相 SAN 2 5， CA AZ YA 2AGGZY\n下多< 5 ,有， ia RAW 95 2 GZ UN UN GZ 2\nAAAY OOGOOO\n[0 AN AAA",351,0,unknown,text-extracted,,2.0,义务教育教科书·地理图册八年级上册（主编_朱翔_周瑞祥_刘新民）,37,2025-07-21T14:23:24.022Z,2.0,义务教育教科书·地理图册八年级上册（主编：朱翔&周瑞祥&刘新民）_c64bac48,八年级,ocr,主编:朱翔&周瑞祥&刘新民,0.34523809523809523,0.6,0.351,1,上册,/Users/LeoQin/Documents/GitHub/PDFconvertor/flattened_pdfs/义务教育教科书·地理图册八年级上册（主编：朱翔&周瑞祥&刘新民）_c64bac48.pdf,义务教育教科书·地理图册八年级上册（主编：朱翔&周瑞祥&刘新民）_c64bac48.json,地理,123,worker_4
义务教育教科书·地理图册八年级上册（主编_朱翔_周瑞祥_刘新民）_chunk_38,38,"< 人交代AAS多区 ZN ZN\nNA 1 Se ANGAX AAA了\nDR 相 SAN 2 5， CA AZ YA 2AGGZY\n下多< 5 ,有， ia RAW 95 2 GZ UN UN GZ 2\nAAAY OOGOOO\n[0 AN AAA\nEL 汪风酒 SR 0 尝竹 MUYZYZop 甬 2 CC y逢时\n< 了和 ZZ 2\n= 1 -和企吉 2 GZ 2\n人 7力5人2 人属， 大汪 本人 2 2\nae 了二 二六 有\nAS\n广作各井六 A- 有 2 ZN 训由 (人一 400万人口以上的民族 [到] 京族玉巴族全EE 塔吉克上族 [吓 ] 俄罗斯族局 大族 [瑟 ] 普米族\n”100万人口以上的民族 [到] 忒哲族。。 [瑟] 基诺族 [下] 起族 [3 浊克族。。 轩到土家族。。。 [] 保安族区2 汉读国加门巴族 [二 ] 裕固族 [训] 乌孜别克族。 [芭] 本昂族恕恒高山族要伦春族\nEEE 这古族记] 布依族 [TI 哈萨克旗区可水旗 EEEE 芜族 [II 达壮尔族 [重 ] 塔典尔族\n[] 有此记 | 朝详旗国国傣族 [夯] 东乡族 [本 ] 布关族 [本 ] 阿虽族",504,0,unknown,text-extracted,,2.0,义务教育教科书·地理图册八年级上册（主编_朱翔_周瑞祥_刘新民）,38,2025-07-21T14:23:24.022Z,2.0,义务教育教科书·地理图册八年级上册（主编：朱翔&周瑞祥&刘新民）_c64bac48,八年级,ocr,主编:朱翔&周瑞祥&刘新民,0.5,0.7999999999999999,0.504,1,上册,/Users/LeoQin/Documents/GitHub/PDFconvertor/flattened_pdfs/义务教育教科书·地理图册八年级上册（主编：朱翔&周瑞祥&刘新民）_c64bac48.pdf,义务教育教科书·地理图册八年级上册（主编：朱翔&周瑞祥&刘新民）_c64bac48.json,地理,123,worker_4
义务教育教科书·地理图册八年级上册（主编_朱翔_周瑞祥_刘新民）_chunk_39,39,EEE 这古族记] 布依族 [TI 哈萨克旗区可水旗 EEEE 芜族 [II 达壮尔族 [重 ] 塔典尔族\n[] 有此记 | 朝详旗国国傣族 [夯] 东乡族 [本 ] 布关族 [本 ] 阿虽族\n[| 束族 [可 ] 清族全 黎族苞司纳西族 [权] 数拉族世 ] 壮族证 维吾尔族 EE 侗族 EEEE 保保族国司景频族 [受 ] 万南旗蕊习哈尼族国恒区几请 瑶族局 候族 II] 柯尔克孜族 [到] 做任族国国拉枯族\n[王] 独龙族人EEE 白族 DID 育族思] 土族 EE 锚伯族 [画] 优佬族\nES 第一章中国的疆域与人口,265,0,unknown,text-extracted,,2.0,义务教育教科书·地理图册八年级上册（主编_朱翔_周瑞祥_刘新民）,39,2025-07-21T14:23:24.022Z,2.0,义务教育教科书·地理图册八年级上册（主编：朱翔&周瑞祥&刘新民）_c64bac48,八年级,ocr,主编:朱翔&周瑞祥&刘新民,0.7087378640776699,0.6,0.265,1,上册,/Users/LeoQin/Documents/GitHub/PDFconvertor/flattened_pdfs/义务教育教科书·地理图册八年级上册（主编：朱翔&周瑞祥&刘新民）_c64bac48.pdf,义务教育教科书·地理图册八年级上册（主编：朱翔&周瑞祥&刘新民）_c64bac48.json,地理,123,worker_4
义务教育教科书·地理图册八年级上册（主编_朱翔_周瑞祥_刘新民）_chunk_40,40,"第四节 “中国的民族,谤 TEEEEESEGDI\n了兴， 中国民族自治地方分布\n\nAZ 汪 5 - 则\nGZ AZ 琵二1965年10月1日成立一\n2 3 ER 矶并\n2 0各 7 ZX\n受区2入 5 5 EN\n、、 5 Me 和 ee\n2 2\nEGR ZN\n元2罗 ,入 4 二 0 六肖\nEN多 ZN 由二 二一| prrnv 人 0 -和 ee 扣\n\nCh | 下9 局自治区吕 和re 7 人者 人呈优古 二昌 2 自治州罗 7 人产且人十 上\n2 划本 员了 ” 人二肖中心们时) 1 站四 人\n2 风广西壮族自治区机 南海名二， 人已 | 过和 轴\n, 和用 Wiw Csl\n有 AN | AAA 症三下赂太\nAZ 半浊 关山网 ) 网 - |\nZN MG | 和 TAN\nHUA 1 | 二”JU， 内硬站\n “ 由全二划| 局\nAZAZA 人 : r 局， 了， rr 引主要分布在广西。。 清和及全国， 于表W 5 类本本 5 辽宁最多。 网包外容 2 2 -> = CA 本",447,0,unknown,text-extracted,,2.0,义务教育教科书·地理图册八年级上册（主编_朱翔_周瑞祥_刘新民）,40,2025-07-21T14:23:24.022Z,2.0,义务教育教科书·地理图册八年级上册（主编：朱翔&周瑞祥&刘新民）_c64bac48,八年级,ocr,主编:朱翔&周瑞祥&刘新民,0.5158227848101266,0.5,0.447,1,上册,/Users/LeoQin/Documents/GitHub/PDFconvertor/flattened_pdfs/义务教育教科书·地理图册八年级上册（主编：朱翔&周瑞祥&刘新民）_c64bac48.pdf,义务教育教科书·地理图册八年级上册（主编：朱翔&周瑞祥&刘新民）_c64bac48.json,地理,123,worker_4
义务教育教科书·地理图册八年级上册（主编_朱翔_周瑞祥_刘新民）_chunk_41,41,“ 由全二划| 局\nAZAZA 人 : r 局， 了， rr 引主要分布在广西。。 清和及全国， 于表W 5 类本本 5 辽宁最多。 网包外容 2 2 -> = CA 本\n8 M 加|古7 二现中，、W 1的人\nOA\n色上 0，人 AN IN 本人 9 [ 人在新疆等\nxi ER /7 证二\nIE 占F 了人信徒\n| 用产=训攻 o”: | | 回族所及全国，。 苗族主要分布在贵州、淹疯 | R 宁夏最多。 南、云南、广西等地。 全个\nSt -内\nws 让人 人。 RE\n人分布在去 9和各梨古帮主遇允分布在本二 于放人 及， 更分布在 1 、二凡 土宗旋主和四川等内蒙古等本 海、 甘南要分布在地。 1 屋 ”\n湖南和湖人 闭.\n北等地。 和-章 “中国的本基与FEEEESESESEGI,347,0,unknown,text-extracted,,2.0,义务教育教科书·地理图册八年级上册（主编_朱翔_周瑞祥_刘新民）,41,2025-07-21T14:23:24.022Z,2.0,义务教育教科书·地理图册八年级上册（主编：朱翔&周瑞祥&刘新民）_c64bac48,八年级,ocr,主编:朱翔&周瑞祥&刘新民,0.6142322097378277,0.7999999999999999,0.347,1,上册,/Users/LeoQin/Documents/GitHub/PDFconvertor/flattened_pdfs/义务教育教科书·地理图册八年级上册（主编：朱翔&周瑞祥&刘新民）_c64bac48.pdf,义务教育教科书·地理图册八年级上册（主编：朱翔&周瑞祥&刘新民）_c64bac48.json,地理,123,worker_4
义务教育教科书·地理图册八年级上册（主编_朱翔_周瑞祥_刘新民）_chunk_42,42,"sl ,1 第一节 “中国的地形\nES TCR “二于\n1:16 000 000 三主要山脉的走向广东一一东西走向 E 了 1004 2 由二 二各风情。 2 辣 rm\n一2 ws AN 了二\n向 0 中国五种册形面积构\nICaASE 全下 革有\n这 = Sa\nAAASSSAA\nRISE人1\n8 让人 二人 且\nVTS ET\n村等 贡上 多头功光 j 加布徇汪 1 az\n7 5\nSS ee\ns 也次 SS 品 sf 尔 ;全-汕- 天下 拓后\nASS SR\nAAS yy\nWE 人人 三青 2 呈 | 让恢下-二 SA 、、 0忆 Se )\nSC ”下汪汪二和姑相 2 操: 0 Ti 四\nOO ii:\n和四到受 CC 下\nAAA TOO\n六上 于 CC 呈蕊风号 让 Ac <\n(SAN 忆_AA2 总加下 了\n | 车各 交 NA\nEN、 人习了CO\n了第 从吊装交广外次本 人星人\nNE和|全证了呈iESNSSE 全人 级 Co | ff 人芝- is\nSS\n5 AI 本司本区站\n了到 } 人 Je 人证人了\nES 第二章中国的自然环境",474,0,unknown,text-extracted,,2.0,义务教育教科书·地理图册八年级上册（主编_朱翔_周瑞祥_刘新民）,42,2025-07-21T14:23:24.022Z,2.0,义务教育教科书·地理图册八年级上册（主编：朱翔&周瑞祥&刘新民）_c64bac48,八年级,ocr,主编:朱翔&周瑞祥&刘新民,0.4883720930232558,0.5,0.474,1,上册,/Users/LeoQin/Documents/GitHub/PDFconvertor/flattened_pdfs/义务教育教科书·地理图册八年级上册（主编：朱翔&周瑞祥&刘新民）_c64bac48.pdf,义务教育教科书·地理图册八年级上册（主编：朱翔&周瑞祥&刘新民）_c64bac48.json,地理,123,worker_4
义务教育教科书·地理图册八年级上册（主编_朱翔_周瑞祥_刘新民）_chunk_43,43,"加第一节 “中国的地形\贰 IE\n避 /上， /1他和不且高的高原。青茂高原多 咒。 世界最深的峡谷: 站香基布大坪谷乓生大 AN .尘世四最高的山颖: 珠穆朗玛只\n- 有沁 中国最大的笠原，东北平原\n/3 在二克汪汪中国最大的企地,塔里木企地本工本 M 本和驴友中国最大的沙汉。 塔克拉玛干沙汉\n- 卫光有 区人上岗 2 中国晤长的河流。 长江\nE < 凡党 辕，中国最大的向屿:人台湾多\nAR /号人后中国是大的群忽， 秀山到各痪. 上和 W。 中国最大的半包:山东让名区 本和 : 1 7 人本\nPr， | 民人\n5 人人\n2 和 0 上由 和六受于 基一避行- AM 多本 2 2 生入\n和和 2 工交站 全贸 罗古人 Co 2 隐2\n降攻 区肖\nrc 6 忆沁十，了\n1 男 /辣; 陆高与海漆 (米)\n< 于四\n2 rr 本 : or 有 - 4 3000\n全全ES。 ”\n取 >， 必滴| 人本 ; 驳芽\nEN ns Tv 攻\nAT 二2 国三世丸和兴所作天乡 了mm\n模2 双记汪下 下全 4 = 人 1 300\n二 3 0 /放-7 国 em\nL 到 FA 有于人 SA二本\n0 CR\n2 2",505,0,unknown,text-extracted,,2.0,义务教育教科书·地理图册八年级上册（主编_朱翔_周瑞祥_刘新民）,43,2025-07-21T14:23:24.022Z,2.0,义务教育教科书·地理图册八年级上册（主编：朱翔&周瑞祥&刘新民）_c64bac48,八年级,ocr,主编:朱翔&周瑞祥&刘新民,0.6797900262467191,0.5,0.505,1,上册,/Users/LeoQin/Documents/GitHub/PDFconvertor/flattened_pdfs/义务教育教科书·地理图册八年级上册（主编：朱翔&周瑞祥&刘新民）_c64bac48.pdf,义务教育教科书·地理图册八年级上册（主编：朱翔&周瑞祥&刘新民）_c64bac48.json,地理,123,worker_4
义务教育教科书·地理图册八年级上册（主编_朱翔_周瑞祥_刘新民）_chunk_44,44,EN ns Tv 攻\nAT 二2 国三世丸和兴所作天乡 了mm\n模2 双记汪下 下全 4 = 人 1 300\n二 3 0 /放-7 国 em\nL 到 FA 有于人 SA二本\n0 CR\n2 2\nec JE\nSO 人和 SR\n二区 了 Y 上了\n2 .码酉和级 WE和\n_北各次区 nmw 六生站环宇王蝇区 南站过产帆所 了全林海南久 NS FE 全第二章 “中国的自然环境ES,187,0,unknown,text-extracted,,2.0,义务教育教科书·地理图册八年级上册（主编_朱翔_周瑞祥_刘新民）,44,2025-07-21T14:23:24.022Z,2.0,义务教育教科书·地理图册八年级上册（主编：朱翔&周瑞祥&刘新民）_c64bac48,八年级,ocr,主编:朱翔&周瑞祥&刘新民,0.5661764705882353,0.30000000000000004,0.187,1,上册,/Users/LeoQin/Documents/GitHub/PDFconvertor/flattened_pdfs/义务教育教科书·地理图册八年级上册（主编：朱翔&周瑞祥&刘新民）_c64bac48.pdf,义务教育教科书·地理图册八年级上册（主编：朱翔&周瑞祥&刘新民）_c64bac48.json,地理,123,worker_4
义务教育教科书·地理图册八年级上册（主编_朱翔_周瑞祥_刘新民）_chunk_45,45,"El ,]人第一节中国的气修\n| E 00 10 1230 130\n中国年平均气温分布 we 骨本\n1 :3235 000 000\n元全一我国难域南北中越续度近 】 月\n= 50度，固此，有影响我国气温分他族 EC 本 SN 布的主要回素是纺度位置 (理区季 LT\n二一人人下和本人二人 和\nRS ye& 7 [AN\n邮 RES 人SI和全关所 SAN- 才天WA\n全 ESSS 1 eeh 七\nN RAR 人APe 严- 唤 RM\n《 WwW 本 W 本了 r世可二 assaaaci7 寺 3 人嗓 一一和乱阳有\nNNK KE人NT一二 PE /一\nNSs 人人二\nSS于人 ARNRNNN NSS 向人 PN\n并。 ) [ SN SR | 0 站 1 KPA NO， 攻过低本 址3 让 | -兴外\n=和闫 ss 区一洒 JS 二 5 本它\n 7 人 SS全加二司刘\nSS NS\nSS |作汉 LA\nEEC 岂芝多\n人 0\nNM 光 se RN 站一",428,0,unknown,text-extracted,,2.0,义务教育教科书·地理图册八年级上册（主编_朱翔_周瑞祥_刘新民）,45,2025-07-21T14:23:24.022Z,2.0,义务教育教科书·地理图册八年级上册（主编：朱翔&周瑞祥&刘新民）_c64bac48,八年级,ocr,主编:朱翔&周瑞祥&刘新民,0.4591194968553459,0.5,0.428,1,上册,/Users/LeoQin/Documents/GitHub/PDFconvertor/flattened_pdfs/义务教育教科书·地理图册八年级上册（主编：朱翔&周瑞祥&刘新民）_c64bac48.pdf,义务教育教科书·地理图册八年级上册（主编：朱翔&周瑞祥&刘新民）_c64bac48.json,地理,123,worker_4
义务教育教科书·地理图册八年级上册（主编_朱翔_周瑞祥_刘新民）_chunk_46,46,7 人 SS全加二司刘\nSS NS\nSS |作汉 LA\nEEC 岂芝多\n人 0\nNM 光 se RN 站一 2 蒜4\n年平均气温(C) 呈本| 这 k 上人 [人人 全二\nCS 人七月平均气温 23.0C 七月平均气温 26-2C\n”于气于【CC) 隆水量 {毫数} FeeERo 0 饥水量 |可坟 | 1 由 600 cc 这村: IJ > 5o0 民企学 3 = EN PR “一\n[ 小 5 400 2 舍 400\n人 < 十响\n| -恒 200 | 有 200 二二 r 四把 100 全一 | 100 和ee\nEL 和人 是 ee\nEgg - 人下 1 4 7了 tn 2\n一月平均气温-18.3C 哈尔滨一月平均气温-3.7C 北京 一月平均气温17.7C\nES 第二章中国的自然环境,349,0,unknown,text-extracted,,2.0,义务教育教科书·地理图册八年级上册（主编_朱翔_周瑞祥_刘新民）,46,2025-07-21T14:23:24.022Z,2.0,义务教育教科书·地理图册八年级上册（主编：朱翔&周瑞祥&刘新民）_c64bac48,八年级,ocr,主编:朱翔&周瑞祥&刘新民,0.4549019607843137,0.30000000000000004,0.349,1,上册,/Users/LeoQin/Documents/GitHub/PDFconvertor/flattened_pdfs/义务教育教科书·地理图册八年级上册（主编：朱翔&周瑞祥&刘新民）_c64bac48.pdf,义务教育教科书·地理图册八年级上册（主编：朱翔&周瑞祥&刘新民）_c64bac48.json,地理,123,worker_4
义务教育教科书·地理图册八年级上册（主编_朱翔_周瑞祥_刘新民）_chunk_47,47,第二节 ”中国的气候\芝 TD\nTAR wa\n人 1.读图例，确定图中各末等温线的数值。2 .看朴寅，判断气温变化的大小。5.看建伸下配方向，比较同纬度气温的变化。4.总结递变规律，根据气温分市的状况总结变化规律。 十 JJ\n1 最中国一月平均气温分布人 本 -52.3C | 和坦 总 -\n站移 了和高王\n] 遇旭| EBP = 人 oo的\n7 ht 么地，太交\n1 Re s < 局直射南半球。从\n< ER 图中可以看出:\n| FS SA RE 我国南北气温相一 和< 二\n_量一 SR\n二 “下了二 多\nWi 后 os\n元芝由 9 一 c 背祖旭 汪 7 加\nES 了交光 5本的\nbe ee 人 ro\nAN 是南侮诗旬读 en\n|\n国有上 中国七月平均气温分布\n|\n人有 2得.7C - |\n二二\n1 TEL 二\nEva 了人 力 wez的)\nCE 国 7 IE\nss TREE 了让 本一 - RS 一北半球。,410,0,unknown,text-extracted,,2.0,义务教育教科书·地理图册八年级上册（主编_朱翔_周瑞祥_刘新民）,47,2025-07-21T14:23:24.022Z,2.0,义务教育教科书·地理图册八年级上册（主编：朱翔&周瑞祥&刘新民）_c64bac48,八年级,ocr,主编:朱翔&周瑞祥&刘新民,0.6050955414012739,0.5,0.41,1,上册,/Users/LeoQin/Documents/GitHub/PDFconvertor/flattened_pdfs/义务教育教科书·地理图册八年级上册（主编：朱翔&周瑞祥&刘新民）_c64bac48.pdf,义务教育教科书·地理图册八年级上册（主编：朱翔&周瑞祥&刘新民）_c64bac48.json,地理,123,worker_4
义务教育教科书·地理图册八年级上册（主编_朱翔_周瑞祥_刘新民）_chunk_48,48,二二\n1 TEL 二\nEva 了人 力 wez的)\nCE 国 7 IE\nss TREE 了让 本一 - RS 一北半球。 七月平均气温 28.6C NS NO 从图中可以天侍 ff) 讲水各 【于米 SS_ ES 上出: 我国南北气鼎 YN 食党半不大，首\nNS有 Sa j 2 志高温。 合 400 3 帮和天。 本矿 替。 下和加 + 覃\n-15 200 总再j 丰隆 3\n-0 100 气量{) 站本机? 和滑本 下三二mm R sw\n海吕\n 第二章“中国的自然环境了ES,239,0,unknown,text-extracted,,2.0,义务教育教科书·地理图册八年级上册（主编_朱翔_周瑞祥_刘新民）,48,2025-07-21T14:23:24.022Z,2.0,义务教育教科书·地理图册八年级上册（主编：朱翔&周瑞祥&刘新民）_c64bac48,八年级,ocr,主编:朱翔&周瑞祥&刘新民,0.5141242937853108,0.4,0.239,1,上册,/Users/LeoQin/Documents/GitHub/PDFconvertor/flattened_pdfs/义务教育教科书·地理图册八年级上册（主编：朱翔&周瑞祥&刘新民）_c64bac48.pdf,义务教育教科书·地理图册八年级上册（主编：朱翔&周瑞祥&刘新民）_c64bac48.json,地理,123,worker_4
义务教育教科书·地理图册八年级上册（主编_朱翔_周瑞祥_刘新民）_chunk_49,49,fall 第二节 ”中国的气候\nEl eg CN\n” 我国年降水量: | 全 、 四 1.素南沿海向西北内陆递碱。。 入二 2.灌海地区多于内陆地区。 7\nFe 和人 全人 几亲人\n ws rr AN\nMSN一各天GD六认同本NGNSSP TAR和2\nJ 一当 汪洋芝| AAA\n区地 AT 证人风有一人 CE he 3\nSS RSSR OKe、， ss ANSNSN 人友和己码 ES 一\nPERANR\noo -一\nNM 本一NS 并汪因 人生了 le 人人\nrr | (1了 _ 本\non全ER\nPS\n-二人 3\n5 id 国人下 人 1\n干旱地区半干旱地区\nESSSSSSSSI 第二章中国的自然环境,303,0,unknown,text-extracted,,2.0,义务教育教科书·地理图册八年级上册（主编_朱翔_周瑞祥_刘新民）,49,2025-07-21T14:23:24.022Z,2.0,义务教育教科书·地理图册八年级上册（主编：朱翔&周瑞祥&刘新民）_c64bac48,八年级,ocr,主编:朱翔&周瑞祥&刘新民,0.47863247863247865,0.7999999999999999,0.303,1,上册,/Users/LeoQin/Documents/GitHub/PDFconvertor/flattened_pdfs/义务教育教科书·地理图册八年级上册（主编：朱翔&周瑞祥&刘新民）_c64bac48.pdf,义务教育教科书·地理图册八年级上册（主编：朱翔&周瑞祥&刘新民）_c64bac48.json,地理,123,worker_4
义务教育教科书·地理图册八年级上册（主编_朱翔_周瑞祥_刘新民）_chunk_50,50,第二节 ”中国的气候\诊 EEEEEEEEGI\nFE 中国夏季(6一8月)降水量分布 (二\n7 ER 区光\n5 2 人人 4 志并 可 2\n人 2 到7 光人|\n有 》 人水主要集中和\n下属洛二全鸭凤\n| 攻-， 人 、 由人禾 c训请 7一芍人\nGAOL SS SA NA\n轴党局 ER ee\n| 8 和国人 SN 2 TS 加/ 本\n-二人 人和 hn\nWU 过降水二(认灯) 本 _ 四站 [7 站疝 0 南次谱名\nEee\n本一厅示如商一2\n一maoma as\n二下 SN 中国冬季(12一2月)降水量分布一个宫对 AN -7\n上 (的)\n人， 人必 | 和ss\n本 1 人Ne 邓降水普计 SO 仿少。 由池国人枚人 AN\n本司帮 or ”人Pow ) 二二让二\nE 2\n叫届mm ER\nTs有) 降水量(放米) 人本 请人\nEU 富于 攻李二\n湿润地区第二章 ”中国的自然环境,393,0,unknown,text-extracted,,2.0,义务教育教科书·地理图册八年级上册（主编_朱翔_周瑞祥_刘新民）,50,2025-07-21T14:23:24.022Z,2.0,义务教育教科书·地理图册八年级上册（主编：朱翔&周瑞祥&刘新民）_c64bac48,八年级,ocr,主编:朱翔&周瑞祥&刘新民,0.5728813559322034,0.5,0.393,1,上册,/Users/LeoQin/Documents/GitHub/PDFconvertor/flattened_pdfs/义务教育教科书·地理图册八年级上册（主编：朱翔&周瑞祥&刘新民）_c64bac48.pdf,义务教育教科书·地理图册八年级上册（主编：朱翔&周瑞祥&刘新民）_c64bac48.json,地理,123,worker_4
义务教育教科书·地理图册八年级上册（主编_朱翔_周瑞祥_刘新民）_chunk_51,51,"ES ,对第一节， 中国的气候到晤机, 忆有ns\n1:32 000 000 光 400老玉年竹降水量线交和 Ne 1 NA， 国大殖分为东西两部分: 东部骨- 一恒 AR\nfs 为温润和站湿润地区; 西部为几 J/ 四了 站下平和生平地区。 内下人/\n[ 和 (和和 人全 CC ES有册\n可加本SI人\nPN\n一上 CAE 和 RS 2 天天史记了 Se\nVS\n2 和\n3 六放 人区 ”AS\n1 课洒区用语全全了 居发 了举温测区 3 4项 | 如应届轨ee 二二忆一 年等降水量线 | 中国干远地区面积比重人 [两放|\n中国温度带划分介 二 AN 和二局病本 1 | Acaa隔信 各 7 南光分为5个玉-/ 有一 三度带。当日平均\n| 气温德定上升至\n2 人全 100以上时，农下 | ok种由有作斩的生长才能\nTS 人\n1 二浊有mt 全汪， SS 9天间二区丰从二 SS 2 om\n同人人Re二 CC\n而|信归区[>束二 人\nSR一\nNE\nSe -| AS “或让|扫客人艇sp 让二\n呈惟信和 1 二 3 人\n|\n了 Te\n人上\nESSSSSSN 第二章中国的自然环境第二节 “中国的气候,对 IE\n\n1 许水量区 所俐水考区上 者水二二册) 本全1 系六量二 二全降水量光风部 500 3 500 加 500 肥 500 勤 500\n\n证 400 铝 OO 站 ER 1 400",596,0,unknown,text-extracted,,2.0,义务教育教科书·地理图册八年级上册（主编_朱翔_周瑞祥_刘新民）,51,2025-07-21T14:23:24.022Z,2.0,义务教育教科书·地理图册八年级上册（主编：朱翔&周瑞祥&刘新民）_c64bac48,八年级,ocr,主编:朱翔&周瑞祥&刘新民,0.6195652173913043,0.5,0.596,1,上册,/Users/LeoQin/Documents/GitHub/PDFconvertor/flattened_pdfs/义务教育教科书·地理图册八年级上册（主编：朱翔&周瑞祥&刘新民）_c64bac48.pdf,义务教育教科书·地理图册八年级上册（主编：朱翔&周瑞祥&刘新民）_c64bac48.json,地理,123,worker_4
义务教育教科书·地理图册八年级上册（主编_朱翔_周瑞祥_刘新民）_chunk_52,52,"第二节 “中国的气候,对 IE\n\n1 许水量区 所俐水考区上 者水二二册) 本全1 系六量二 二全降水量光风部 500 3 500 加 500 肥 500 勤 500\n\n证 400 铝 OO 站 ER 1 400\n\n0 300 自 00 昌 300 四 300 ET\n\n-456 200 -后 200 -45 网 200 -15 由 : -45 200\n\n加 100 3 上 100 : 遇 1吧 -0 上轴硬而四硬因=。 To 加 1\n\n-5 二国有本图mo -提 1 ] 章站 门日 -司全 三了 怕 t同19 吉子 赴知 -有业乌鲁木齐北 京广 州海 日拉萨\n\n{温带天陆性气候} 【首融季风气候) (亚热带季风气候) {茹带季风气扯) 《高山高原气个)\n扇图(国) _\n\n中国主要气候类型 2 ”国共有去逢起做去于各\n1:30 000 000 | | 型。由于我国地形多样，地条 AN 1 高优基不，在青总训原地区形“、 从二涡| 了人 成了独特的高山高原气候。 AR\nss 1 /轩 <\n\nER 1 人 ET 5汪国2 本\n\n> re 人刘2二\n\nRS 7 N\nER",488,0,unknown,text-extracted,,2.0,义务教育教科书·地理图册八年级上册（主编_朱翔_周瑞祥_刘新民）,52,2025-07-21T14:23:24.022Z,2.0,义务教育教科书·地理图册八年级上册（主编：朱翔&周瑞祥&刘新民）_c64bac48,八年级,ocr,主编:朱翔&周瑞祥&刘新民,0.5444444444444444,0.5,0.488,1,上册,/Users/LeoQin/Documents/GitHub/PDFconvertor/flattened_pdfs/义务教育教科书·地理图册八年级上册（主编：朱翔&周瑞祥&刘新民）_c64bac48.pdf,义务教育教科书·地理图册八年级上册（主编：朱翔&周瑞祥&刘新民）_c64bac48.json,地理,123,worker_4
义务教育教科书·地理图册八年级上册（主编_朱翔_周瑞祥_刘新民）_chunk_53,53,"人成了独特的高山高原气候。 AR\nss 1 /轩 <\n\nER 1 人 ET 5汪国2 本\n\n> re 人刘2二\n\nRS 7 N\nER\n\nER 人大”|\nRS 三ESESSESCNA 汪汪 (6\n0 人机。 同学全NA Re 人\nSR\n7 5\n大二人 DA这本国人\n0 Th\nSS 2\n一一收 | 和作二二t SR开|六了加生生一 如和\n2 SS :\n 1 (人北纬30"" 附近的气候类型分布 _ 国哩(el oo 帮人 坦习! 得亲)\n人- 国宝。 2 全-\n垣 400 = Er 二 Esss ee\n =- 上 SS An 0 习 mm ES -\n本加 辣热带季风气俱状 热带草原气候下 热贡沙并气候 0 时有有 1oo\n隐大量亚热带季风气候国天地中次气候 ” ” 温吏大陆性气候隐。 阅 “利于得本 温带季风气候属国高山高原气候机 入人\n 第二章 “中国的自然环境了ES",387,0,unknown,text-extracted,,2.0,义务教育教科书·地理图册八年级上册（主编_朱翔_周瑞祥_刘新民）,53,2025-07-21T14:23:24.022Z,2.0,义务教育教科书·地理图册八年级上册（主编：朱翔&周瑞祥&刘新民）_c64bac48,八年级,ocr,主编:朱翔&周瑞祥&刘新民,0.5763888888888888,0.5,0.387,1,上册,/Users/LeoQin/Documents/GitHub/PDFconvertor/flattened_pdfs/义务教育教科书·地理图册八年级上册（主编：朱翔&周瑞祥&刘新民）_c64bac48.pdf,义务教育教科书·地理图册八年级上册（主编：朱翔&周瑞祥&刘新民）_c64bac48.json,地理,123,worker_4
义务教育教科书·地理图册八年级上册（主编_朱翔_周瑞祥_刘新民）_chunk_54,54,"ES ,2人第一节中国的气候\n| FF 50有| 影响中国的更季风| IC OSI网站 时的 全\n2 人\n|本 AAA 外 】 2\nos 本 CA， :2 CA\n2 Sr _\nRCR ER\n一二 贸 > ~ 地避\n| ee， 衬多 -二:> 拿 NS 了人 区志 光人 了四 疝产 陈多六 PLAN\nRn\nFA | -| 所 3 和本\n| NA 站人 5 Sa Yo、\n读四区)\n一冬季风受高山的阻挡，势力逐削减能， 夏季风主要来自太平洋和印度洋，影响我我国南方爱冬季风的影响降温的程度比北方国手风区 【东部地区)，给这些地区带来丰富地区少得多。固此，冬季风直接影响我国北降水; 非季风区人受地形等因素的制约，夏季风方地区和南方地区的气温温差。 很难到达，全年比较干早。 下必 |影响中国的寒潮和人台凤 CN mL 1:45 000 000\n了 Pi渤 aas | 代: |\n| La 未齐”， 民 Pi 人汉 - 1 其\nSe SN ceX 0 YES 9汪)、/\n这全CO\n2 次AN和1人区\n和人 Ar\nAAA 和赤\n生起生生交付忆这县 有 2开光 |\n主人于、 0 RSV 站区 本让 | 0 时 | 和注 本所 号将 的 -\n人一",520,0,unknown,text-extracted,,2.0,义务教育教科书·地理图册八年级上册（主编_朱翔_周瑞祥_刘新民）,54,2025-07-21T14:23:24.022Z,2.0,义务教育教科书·地理图册八年级上册（主编：朱翔&周瑞祥&刘新民）_c64bac48,八年级,ocr,主编:朱翔&周瑞祥&刘新民,0.6129032258064516,0.5,0.52,1,上册,/Users/LeoQin/Documents/GitHub/PDFconvertor/flattened_pdfs/义务教育教科书·地理图册八年级上册（主编：朱翔&周瑞祥&刘新民）_c64bac48.pdf,义务教育教科书·地理图册八年级上册（主编：朱翔&周瑞祥&刘新民）_c64bac48.json,地理,123,worker_4
义务教育教科书·地理图册八年级上册（主编_朱翔_周瑞祥_刘新民）_chunk_55,55,这全CO\n2 次AN和1人区\n和人 Ar\nAAA 和赤\n生起生生交付忆这县 有 2开光 |\n主人于、 0 RSV 站区 本让 | 0 时 | 和注 本所 号将 的 -\n人一\n2 结二的 2\n1 | 全 YN SS\n了 AN ES 人>aes二一一雪希竹壮“1 ( NS“LL---- 2er SS RS 5\n7 久 -有太世 \ 和SS 六一一一一司U RSSERANSS 或” 全云图\n”和 RN 潭\n\nEN 人站\n-一一太平洋台风路径| 人忆 由了- AN\n一一~南海台风了路径 | ”2 了2 辽。 | 23 台风影响范图 |、 SAN 《 区 OA\nES 第二章中国的自然环境,292,0,unknown,text-extracted,,2.0,义务教育教科书·地理图册八年级上册（主编_朱翔_周瑞祥_刘新民）,55,2025-07-21T14:23:24.022Z,2.0,义务教育教科书·地理图册八年级上册（主编：朱翔&周瑞祥&刘新民）_c64bac48,八年级,ocr,主编:朱翔&周瑞祥&刘新民,0.5209302325581395,0.5,0.292,1,上册,/Users/LeoQin/Documents/GitHub/PDFconvertor/flattened_pdfs/义务教育教科书·地理图册八年级上册（主编：朱翔&周瑞祥&刘新民）_c64bac48.pdf,义务教育教科书·地理图册八年级上册（主编：朱翔&周瑞祥&刘新民）_c64bac48.json,地理,123,worker_4
义务教育教科书·地理图册八年级上册（主编_朱翔_周瑞祥_刘新民）_chunk_56,56,"第二节 ”中国的气候\允JE\n\n<5 | 要要 TAR\n|， TRACE 并沁 ,拉汉 1 全人 SA 洪济去 2 AN\nTe) WA 全一To 人 [LV A 5 汤52 0\n包用\n_ Rs\n= | 形玉2多3 ee 间有\n\nSN wzTrex 人 AAA Re 可胃”机\nSS 0\n证人|\n可嫩 TDPESSEDEV 里 AN 号下\n70 亲 -4 j |， ~- NE 区 |语\nSG 全N\n二 L ww 去疏站 8 时呆 了册 志 2 j\n\n间 oo ANA\n站， NA\n\nVS 省入 CS 加\n\nSP\n同由 hs 六合\nEgg 3\n可人王x-4 二二 DT 隐2\nES 了人| 第二章 ”中国的自然环境",306,0,unknown,text-extracted,,2.0,义务教育教科书·地理图册八年级上册（主编_朱翔_周瑞祥_刘新民）,56,2025-07-21T14:23:24.022Z,2.0,义务教育教科书·地理图册八年级上册（主编：朱翔&周瑞祥&刘新民）_c64bac48,八年级,ocr,主编:朱翔&周瑞祥&刘新民,0.3886255924170616,0.30000000000000004,0.306,1,上册,/Users/LeoQin/Documents/GitHub/PDFconvertor/flattened_pdfs/义务教育教科书·地理图册八年级上册（主编：朱翔&周瑞祥&刘新民）_c64bac48.pdf,义务教育教科书·地理图册八年级上册（主编：朱翔&周瑞祥&刘新民）_c64bac48.json,地理,123,worker_4
义务教育教科书·地理图册八年级上册（主编_朱翔_周瑞祥_刘新民）_chunk_57,57,"EN ,2二第三节中国的河流直人)\n中国水系本 之我国流城面积超过1000平方咎米的河流有1500\n1: 19 000 000 人多条。受丁高冰佐的地梦有影响，河流大部分自西向 - 未流，景后注和太平洋。西南几条河流向南流入印\n2 度洋。新疆北部有一条河流向北流入北冰洋。这些\n/ Rs 返 7现 -J人 “一六入汪汪的河流中作让流河。外说河时流二为证ose SG/ \。 写”外流区。西北内陆的河流，有的流入内陆湖治， 有 TS ee 9。 YN的中寺访关。这些最绘本流入海洋的河流，叫作内人ss SA 湖河。内液河的注域条为内注区。 有\nNUC S 只/ AN、 下 | Se 于\nL ER 3 /是汪~、 3 一区本二人人吧 2 人 “基因辐| TAR 一一CS 本殉\n0 FS人人国生 STARS < SEE 2 罗\n| ESEE= NS 罗区 局二 ay 中站 本 ae\n一四 |和 | 站\n= 人和本 5 [SS 2 四人 本 (AR 四他\n了([一WE从人0 Csseo人六\nNS 有人天、网站一一、人 GZ 同人下 人\n1 到、 泡 2 ES ns SDDS 本本 太\nRM EC Fr了~一一、 玫 5 TEA 0 Ze LE 本串 AS 4。 有\n1 人人DNS DO\nss人 3 RARaS -一和下",561,0,unknown,text-extracted,,2.0,义务教育教科书·地理图册八年级上册（主编_朱翔_周瑞祥_刘新民）,57,2025-07-21T14:23:24.022Z,2.0,义务教育教科书·地理图册八年级上册（主编：朱翔&周瑞祥&刘新民）_c64bac48,八年级,ocr,主编:朱翔&周瑞祥&刘新民,0.5682326621923938,0.5,0.561,1,上册,/Users/LeoQin/Documents/GitHub/PDFconvertor/flattened_pdfs/义务教育教科书·地理图册八年级上册（主编：朱翔&周瑞祥&刘新民）_c64bac48.pdf,义务教育教科书·地理图册八年级上册（主编：朱翔&周瑞祥&刘新民）_c64bac48.json,地理,123,worker_4
义务教育教科书·地理图册八年级上册（主编_朱翔_周瑞祥_刘新民）_chunk_58,58,了([一WE从人0 Csseo人六\nNS 有人天、网站一一、人 GZ 同人下 人\n1 到、 泡 2 ES ns SDDS 本本 太\nRM EC Fr了~一一、 玫 5 TEA 0 Ze LE 本串 AS 4。 有\n1 人人DNS DO\nss人 3 RARaS -一和下\nNVS A RE\nER Ce RN 站\nAN ES 站可吕 TRANSR WA\n各人 站区 | AS. ct\n人站 AAA过Net ”两家志一三\nAAA ~一 UN NSS 忆 TS CE\nRN TO 和 PN AR ECRSSV 全和、 | 生疏过 ] 天上和站本一-全收 RN\n共了 本 5 人有 SN 站长 泪名成者此 省 FA 武巡人于 SN NAAAOA二As 习\nNA WA AN -有芭间主人全 et， 区邮 ceesh ES 人二和ma SSssss 需 ss RN ON 1折G长秒局r\n本 ER 本二 sa | 布科马壮区 此有 1 志理 中史 几\n/内流区36% | NU 放大|本本站隆> 人| :量:\n一钻K6% 外人 一下\nee 天人-~， 习 NV/ 全昌 ys 人汉\n网二六全全成 NA ra EL 【《,503,0,unknown,text-extracted,,2.0,义务教育教科书·地理图册八年级上册（主编_朱翔_周瑞祥_刘新民）,58,2025-07-21T14:23:24.022Z,2.0,义务教育教科书·地理图册八年级上册（主编：朱翔&周瑞祥&刘新民）_c64bac48,八年级,ocr,主编:朱翔&周瑞祥&刘新民,0.4010840108401084,0.5,0.503,1,上册,/Users/LeoQin/Documents/GitHub/PDFconvertor/flattened_pdfs/义务教育教科书·地理图册八年级上册（主编：朱翔&周瑞祥&刘新民）_c64bac48.pdf,义务教育教科书·地理图册八年级上册（主编：朱翔&周瑞祥&刘新民）_c64bac48.json,地理,123,worker_4
义务教育教科书·地理图册八年级上册（主编_朱翔_周瑞祥_刘新民）_chunk_59,59,/内流区36% | NU 放大|本本站隆> 人| :量:\n一钻K6% 外人 一下\nee 天人-~， 习 NV/ 全昌 ys 人汉\n网二六全全成 NA ra EL 【《\n/ = -这 |叉一一一一坟/ 贡到 区 WA\n- 本 RN Wi 一 [3 2 Ts 六州中国内、 外 ;济区面积比例 1 蔬 “9 汪了下二 EGG ES NSRea AS\n外流区内流区重 ES a0 3。 ES AD\nAP 本 -JRA 电一向4区二和\nCS 界奸了\n条浊系一一流城办 ) 和用由 [全广Ax和【人才村 实例 S 硬\norz国四\nee 人流区，一般与河流。 ARC 一口无出口。湖水不断忒发盐分相通，有入口也有 2 过。。 越权旭多，当湖水中含站量大于出口，含盐量佐。 大 1克/升时太称为咸水湖。 ES 第二章中国的自然环境,358,0,unknown,text-extracted,,2.0,义务教育教科书·地理图册八年级上册（主编_朱翔_周瑞祥_刘新民）,59,2025-07-21T14:23:24.022Z,2.0,义务教育教科书·地理图册八年级上册（主编：朱翔&周瑞祥&刘新民）_c64bac48,八年级,ocr,主编:朱翔&周瑞祥&刘新民,0.5907473309608541,0.5,0.358,1,上册,/Users/LeoQin/Documents/GitHub/PDFconvertor/flattened_pdfs/义务教育教科书·地理图册八年级上册（主编：朱翔&周瑞祥&刘新民）_c64bac48.pdf,义务教育教科书·地理图册八年级上册（主编：朱翔&周瑞祥&刘新民）_c64bac48.json,地理,123,worker_4
义务教育教科书·地理图册八年级上册（主编_朱翔_周瑞祥_刘新民）_chunk_60,60,"第三节中国的河流,站 IE 广信天平洋内蒙古、 二二了 这: 京杭运河记 及”通自治区 es | 39 000 o00\n【本本 本 | AH 到 -3 所上 四过\n有 Was 5 下京赤瓜 本忆 有寺\n/ 和 F 各瑟 | = 个下 Wi 是汐 各 R汪 ]\n“ 多 FA二、 准和四 一~-\n总呵 4 攻前， 画， 石家庄 FS 本\nCA人 4\n六人SEC AR AP 一到大NAN 省冲 7 本\nFE 光 PAX ~、@ 六旭 7 尼 7二南 ,2\n上 E | 和 Se 昌h 和人| LT\n7 7 1 过河/辣A 旺站 ,古人YY 四了:\nRUA 这一全-AR 7/\n让NE Me SS YN， AN 1 南 TS\n2 fn\n2 |\n5 攻安 到全二到 5\n区是oa区中 |、人 fa\nNa PC 和一 | 昌让一、\n你二 YA wp NI AS RN 人测 北省人二ea\n0 二 et Ji 上 2",403,0,unknown,text-extracted,,2.0,义务教育教科书·地理图册八年级上册（主编_朱翔_周瑞祥_刘新民）,60,2025-07-21T14:23:24.022Z,2.0,义务教育教科书·地理图册八年级上册（主编：朱翔&周瑞祥&刘新民）_c64bac48,八年级,ocr,主编:朱翔&周瑞祥&刘新民,0.4714285714285714,0.30000000000000004,0.403,1,上册,/Users/LeoQin/Documents/GitHub/PDFconvertor/flattened_pdfs/义务教育教科书·地理图册八年级上册（主编：朱翔&周瑞祥&刘新民）_c64bac48.pdf,义务教育教科书·地理图册八年级上册（主编：朱翔&周瑞祥&刘新民）_c64bac48.json,地理,123,worker_4
义务教育教科书·地理图册八年级上册（主编_朱翔_周瑞祥_刘新民）_chunk_61,61,"2 |\n5 攻安 到全二到 5\n区是oa区中 |、人 fa\nNa PC 和一 | 昌让一、\n你二 YA wp NI AS RN 人测 北省人二ea\n0 二 et Ji 上 2\nPr ""三南生二En | < 一区有量本= 8。 京杭运河起论点 | 人\n| 2 ug -一fiE河记 省 SN\n各 SA 着， 呈寻 吕 ”7 ” 元代运河 CO 本 3 睛 7 恒\n\n_南B 网甸|-交 yy 生朵 人 am 中国主要湖泊面积与营水重比较\n2 oo\n人上 旭。 上 | 癌人 网 :4as\n区和 忆 3295.0 <人\n2 ( 二和| 2 二 sf 178.0\n有由 > |，病， 都员和计谋入二 本末 这人一 和二 混各 人这。 2425 动 ac产770\nPE 全轴赂So\n| 人 | 哆了了汉区 4 六 33.3\n实例汪 提全 辣泡- 三到驯黎特神\noa is NI",384,0,unknown,text-extracted,,2.0,义务教育教科书·地理图册八年级上册（主编_朱翔_周瑞祥_刘新民）,61,2025-07-21T14:23:24.022Z,2.0,义务教育教科书·地理图册八年级上册（主编：朱翔&周瑞祥&刘新民）_c64bac48,八年级,ocr,主编:朱翔&周瑞祥&刘新民,0.5147058823529411,0.5,0.384,1,上册,/Users/LeoQin/Documents/GitHub/PDFconvertor/flattened_pdfs/义务教育教科书·地理图册八年级上册（主编：朱翔&周瑞祥&刘新民）_c64bac48.pdf,义务教育教科书·地理图册八年级上册（主编：朱翔&周瑞祥&刘新民）_c64bac48.json,地理,123,worker_4
义务教育教科书·地理图册八年级上册（主编_朱翔_周瑞祥_刘新民）_chunk_62,62,PE 全轴赂So\n| 人 | 哆了了汉区 4 六 33.3\n实例汪 提全 辣泡- 三到驯黎特神\noa is NI\n2 ES ee》 13940\n3 YY in\n二刺 Js 有得 于和吕吊看加\n2 933 画积{干米? 295.0 普水量{亿米?\n第二章 ”中国的自然环境,135,0,unknown,text-extracted,,2.0,义务教育教科书·地理图册八年级上册（主编_朱翔_周瑞祥_刘新民）,62,2025-07-21T14:23:24.022Z,2.0,义务教育教科书·地理图册八年级上册（主编：朱翔&周瑞祥&刘新民）_c64bac48,八年级,ocr,主编:朱翔&周瑞祥&刘新民,0.5098039215686274,0.6,0.135,1,上册,/Users/LeoQin/Documents/GitHub/PDFconvertor/flattened_pdfs/义务教育教科书·地理图册八年级上册（主编：朱翔&周瑞祥&刘新民）_c64bac48.pdf,义务教育教科书·地理图册八年级上册（主编：朱翔&周瑞祥&刘新民）_c64bac48.json,地理,123,worker_4
义务教育教科书·地理图册八年级上册（主编_朱翔_周瑞祥_刘新民）_chunk_63,63,"El ,2人第三节中国的河流长江入域在全国的位置 - | | 次人Real ES\n名一人光全 有人 过 SR 汉\nOO 故有和ES\n了0 陡\章” 玫和\n下 an 人司\nC 1过IE 高民改\n人田 上县户Ss\n匀，， 浊同人 RDNA\n旋@疼(玖)) 区工全昌入昌0记 5聊间长江会长6300寺米，是我国最长的河流。 昨 AN 四曲山长江年径流量近10 000亿衬方米，占全国河流年计 ES 汪 1\n径流量的三分之一。长江流域面积芍180万平方 -10 SN\n千未，占我国国土面积近20%，届我国各河之 、 到 on S\n首。长江是我国巨大的水能宝库，水能黄源冀 |辣ES INNE 六全全藏量占全国的三分之一，其中可开发利用的水吓人所 直人能资源占全国的一不。从图中可以看出: 长江 =全尼2\n干流的水能资源主要集中在上游河段。长江干”网 SS 吉 0\n支流通航里程达7万多十未，占全国内河通航世人并 SN\n里程的&/3。自二以来，长江训是我国东本运输。 状间、 的 y\n的大动脉。 一人 0\n随高与海深 (米) 中 f 杂村|\n_。 你多0",472,0,unknown,text-extracted,,2.0,义务教育教科书·地理图册八年级上册（主编_朱翔_周瑞祥_刘新民）,63,2025-07-21T14:23:24.022Z,2.0,义务教育教科书·地理图册八年级上册（主编：朱翔&周瑞祥&刘新民）_c64bac48,八年级,ocr,主编:朱翔&周瑞祥&刘新民,0.7075,0.7999999999999999,0.472,1,上册,/Users/LeoQin/Documents/GitHub/PDFconvertor/flattened_pdfs/义务教育教科书·地理图册八年级上册（主编：朱翔&周瑞祥&刘新民）_c64bac48.pdf,义务教育教科书·地理图册八年级上册（主编：朱翔&周瑞祥&刘新民）_c64bac48.json,地理,123,worker_4
义务教育教科书·地理图册八年级上册（主编_朱翔_周瑞祥_刘新民）_chunk_64,64,支流通航里程达7万多十未，占全国内河通航世人并 SN\n里程的&/3。自二以来，长江训是我国东本运输。 状间、 的 y\n的大动脉。 一人 0\n随高与海深 (米) 中 f 杂村|\n_。 你多0\n长江径流量占全国 3000 全漏 放河流径流总量比重三 om 中站\n三 so 永利枢纽订\n乓中20。。 心，在建，拟建水兴 和\nma[王利枢凶\n1000 |一重要水利工程和 他长江通航里程占全国人是 2m 器其庆二中六的 -了二\n河流通航总里程比重 4000 长江济成并| 划，生EN 2u TEA\n长江三峡水利枢纽输电辐射与防洪保护范围| 作”】 | 长江流域主要城市分布| 六俯， st Lu 如\n-| |一RARFS 本| 加银川和。 过六汪记 站 8 河和一 <\n宁 ee 站 FAASC ET\nC 名兰州岳 办 WO 海， 昌吃 南隔攻 柄。 郑州 | 元f训下站 让风合昌和 全则| 和 7人区 移 SN : 本让 和成都阳 下日 加刘 汉总\n成都外 3 人杭 有兵 哑上 区人 AL 有 2 -人庆生站语。 南电,458,0,unknown,text-extracted,,2.0,义务教育教科书·地理图册八年级上册（主编_朱翔_周瑞祥_刘新民）,64,2025-07-21T14:23:24.022Z,2.0,义务教育教科书·地理图册八年级上册（主编：朱翔&周瑞祥&刘新民）_c64bac48,八年级,ocr,主编:朱翔&周瑞祥&刘新民,0.7016574585635359,0.5,0.458,1,上册,/Users/LeoQin/Documents/GitHub/PDFconvertor/flattened_pdfs/义务教育教科书·地理图册八年级上册（主编：朱翔&周瑞祥&刘新民）_c64bac48.pdf,义务教育教科书·地理图册八年级上册（主编：朱翔&周瑞祥&刘新民）_c64bac48.json,地理,123,worker_4
义务教育教科书·地理图册八年级上册（主编_朱翔_周瑞祥_刘新民）_chunk_65,65,和全 则| 和 7人区 移 SN : 本让 和成都阳 下日 加刘 汉总\n成都外 3 人杭 有兵 哑上 区人 AL 有 2 -人庆生站语。 南电\n] 福州只各 中生计 3 : 了 1 省 5。 南 “和梅瑞嘻乡人实 SS 2 2 人机 /天发和 4 |\n本 Saa宁一6 量夺人\n5沿 1 一二了呆信和图区 Se ME ES 二咱| As NA\nESSSSSSSI 第二章中国的自然环境,192,0,unknown,text-extracted,,2.0,义务教育教科书·地理图册八年级上册（主编_朱翔_周瑞祥_刘新民）,65,2025-07-21T14:23:24.022Z,2.0,义务教育教科书·地理图册八年级上册（主编：朱翔&周瑞祥&刘新民）_c64bac48,八年级,ocr,主编:朱翔&周瑞祥&刘新民,0.6304347826086957,0.5,0.192,1,上册,/Users/LeoQin/Documents/GitHub/PDFconvertor/flattened_pdfs/义务教育教科书·地理图册八年级上册（主编：朱翔&周瑞祥&刘新民）_c64bac48.pdf,义务教育教科书·地理图册八年级上册（主编：朱翔&周瑞祥&刘新民）_c64bac48.json,地理,123,worker_4
义务教育教科书·地理图册八年级上册（主编_朱翔_周瑞祥_刘新民）_chunk_66,66,"- 第三节 “中国的河流,对 ED\n鸭汪和汪汪严 下褒 [省 4 则员|长江流域 | 加站 二 1:9 500 000\n及和 和 D 隐吉\n刘剖 吕 1 本腺 | 六二 多庆 千蕊 画 a 二二全二暂 NA 呈人 二一要 总相 二戎州二 和本六 人型\n二《各从 人一- 霹呈本要 3767 他 SSE 1 避允 RN 本 LI 客山 5 人晤 2 下种 人当过在轴 qi 7 活-沁黎 本和和 下放 1 时一黄2 SS\n了让 局 Me - 矿 Re 光人下工人 NS\n 昌 R 从本 用到 漳: 必蜂二 | 宇 4 了攻 了 5 一2\n1 加成二 : Fi 攻全 对汪 证计生阐 2 _卫, 0\n人二SA 古 NE\n王和 区2人站个在坷如 间重庆全 | 了 FF 本了阳禹贡:， 请用和本二翘\nNE STAY |\nER 本 EC\n夫司 上于 攻开 0 交 | 区村7 ;泛让 忆 Fe\n下 ea 和 at [sw < 1 玫隐 过活\n0和1 2二人\nCR 二机 人1 多\nFREE 要DCw骨国人、",449,0,unknown,text-extracted,,2.0,义务教育教科书·地理图册八年级上册（主编_朱翔_周瑞祥_刘新民）,66,2025-07-21T14:23:24.022Z,2.0,义务教育教科书·地理图册八年级上册（主编：朱翔&周瑞祥&刘新民）_c64bac48,八年级,ocr,主编:朱翔&周瑞祥&刘新民,0.6185897435897436,0.30000000000000004,0.449,1,上册,/Users/LeoQin/Documents/GitHub/PDFconvertor/flattened_pdfs/义务教育教科书·地理图册八年级上册（主编：朱翔&周瑞祥&刘新民）_c64bac48.pdf,义务教育教科书·地理图册八年级上册（主编：朱翔&周瑞祥&刘新民）_c64bac48.json,地理,123,worker_4
义务教育教科书·地理图册八年级上册（主编_朱翔_周瑞祥_刘新民）_chunk_67,67,NE STAY |\nER 本 EC\n夫司 上于 攻开 0 交 | 区村7 ;泛让 忆 Fe\n下 ea 和 at [sw < 1 玫隐 过活\n0和1 2二人\nCR 二机 人1 多\nFREE 要DCw骨国人、 OCRTO和/KB AR\n外相 、 和和 次| 度\nSR\nES\n人旺47\n> eol | 长江流域水土治理及通航河段\n= |民 NA 长江入二水土治理及适航河和\nCC\n全汪 n、 s 省 ce 人 5 梅\n E 山尖二尖西 ) 风移 5 se :竹 -呈: 忆海而\nAN OGA全全0 1 下天MA人于交一二 《 0 CC\n] 本 | 二 1 、 2 检一 了 :条下 =\n> 竹。 | 国量水十保持开发保护区| 轴由 2: |\n几去水土保持治理区二 页放 mA 列 0\n人7人作 | 一全年天衣河段 We 下 (we CEATep 和订\n汪长江流域办态漂闪 ULC\n第二章 ”中国的自然环境ES,401,0,unknown,text-extracted,,2.0,义务教育教科书·地理图册八年级上册（主编_朱翔_周瑞祥_刘新民）,67,2025-07-21T14:23:24.022Z,2.0,义务教育教科书·地理图册八年级上册（主编：朱翔&周瑞祥&刘新民）_c64bac48,八年级,ocr,主编:朱翔&周瑞祥&刘新民,0.5448275862068965,0.5,0.401,1,上册,/Users/LeoQin/Documents/GitHub/PDFconvertor/flattened_pdfs/义务教育教科书·地理图册八年级上册（主编：朱翔&周瑞祥&刘新民）_c64bac48.pdf,义务教育教科书·地理图册八年级上册（主编：朱翔&周瑞祥&刘新民）_c64bac48.json,地理,123,worker_4
义务教育教科书·地理图册八年级上册（主编_朱翔_周瑞祥_刘新民）_chunk_68,68,"El ,28 第三节中国的河流黄河入域在全国的位置黄河流域时 7 蒙汉轩证 1:8 000 000 十汪玖小 区光 RS， ,内\nAs 0 了 2 疙且 黄这 蒙 TREE 1 弄 PRO\nDIE让- 汐 0\n二全和 二\n0 本二\n“ 全人 5 巴是可苦\nLe 区二 旬 1 江得 局 | 他二 站扇g关(国) . 七飞 SR 本站昌吉黄河多长5 464寺米，是我国第 < E\n二长河。从图中可以看出，黄河干流其 上 RE.\n像一个巨大的“几”字。 黄河是华北帮 TI 季: SN AS\n下原的主娄血过者之一，并在二和的 | 吕 RS\n说五、为浊古内，字过了具有 “二四is\n上江南”的宁夏平原和河刻平原。黄和 4\n河上中游多在高山、高原的峡谷中流人 次汪\n过，具有丰富的水能资源，国家实行 SS 请一 昌",353,0,unknown,text-extracted,,2.0,义务教育教科书·地理图册八年级上册（主编_朱翔_周瑞祥_刘新民）,68,2025-07-21T14:23:24.022Z,2.0,义务教育教科书·地理图册八年级上册（主编：朱翔&周瑞祥&刘新民）_c64bac48,八年级,ocr,主编:朱翔&周瑞祥&刘新民,0.6868327402135231,0.5,0.353,1,上册,/Users/LeoQin/Documents/GitHub/PDFconvertor/flattened_pdfs/义务教育教科书·地理图册八年级上册（主编：朱翔&周瑞祥&刘新民）_c64bac48.pdf,义务教育教科书·地理图册八年级上册（主编：朱翔&周瑞祥&刘新民）_c64bac48.json,地理,123,worker_4
义务教育教科书·地理图册八年级上册（主编_朱翔_周瑞祥_刘新民）_chunk_69,69,"下原的主娄血过者之一，并在二和的 | 吕 RS\n说五、为浊古内，字过了具有 “二四is\n上江南”的宁夏平原和河刻平原。黄和 4\n河上中游多在高山、高原的峡谷中流人 次汪\n过，具有丰富的水能资源，国家实行 SS 请一 昌梯级开发，陆续建成了刘家峡、三站中国和 攻让\n琵、龙羊峡等大型水利杠组和水电车 SC 汪、\n站。黄河中游流经土层琉松的黄土高闫 本多 |\n原，由于黄土高原植被道到破坏，一|。陆高与海深 (米) 全 EN\n遇取十大量的泥沙与雨水一起流入村这2 AN 污人和黄河，使黄河成为世界上含沙量最多 5000 忆 EN 7\n的河流。 国二 0 _ 原有 过\nPa 半大 吧有 本| | RN y\n上莹\n过居克二、 商在建. 执建水利相刀由 二\n0 重要水利工\n| 记 S 时黄河上中下游分界点黄河流域界回国国生旬\n本下\n一宁夏平原灌区7一黄河流域主要城市分布上 二 Re | |一TS\n,汪下| 巴多尔言。 位\n+滞 7司， is有\n 1 SS 六|区放志和动 2 和| 区or人 ss 区\n1 | 铅jwS\n站全仙罗外| 着 | 六办质宝",473,0,unknown,text-extracted,,2.0,义务教育教科书·地理图册八年级上册（主编_朱翔_周瑞祥_刘新民）,69,2025-07-21T14:23:24.022Z,2.0,义务教育教科书·地理图册八年级上册（主编：朱翔&周瑞祥&刘新民）_c64bac48,八年级,ocr,主编:朱翔&周瑞祥&刘新民,0.7666666666666667,0.5,0.473,1,上册,/Users/LeoQin/Documents/GitHub/PDFconvertor/flattened_pdfs/义务教育教科书·地理图册八年级上册（主编：朱翔&周瑞祥&刘新民）_c64bac48.pdf,义务教育教科书·地理图册八年级上册（主编：朱翔&周瑞祥&刘新民）_c64bac48.json,地理,123,worker_4
义务教育教科书·地理图册八年级上册（主编_朱翔_周瑞祥_刘新民）_chunk_70,70,"上二 Re | |一TS\n,汪下| 巴多尔言。 位\n+滞 7司， is有\n 1 SS 六|区放志和动 2 和| 区or人 ss 区\n1 | 铅jwS\n站全仙罗外| 着 | 六办质宝下 | 下 7 般 ae | 人他沈 ex梧 1 久\n< 二蕉二友二了 国生本 》 ea\nUSERA汪理放本克 | 4 国人了\n机九 “上广色了\n2全六”ed 和了证es 纲二名| 天水川。。 运臣。 生生和 |彼弓芝:、琴 : 民鸡 笨西安5列民生人 本人 4 划了 2 | 二 RN es， 成阳中\n和 FS 汪沁 导一二 三顺下CE站本 户\nRE 角 EapPiai二和\n二全洲 拓 :>\nES 第二章中国的自然环境",301,0,unknown,text-extracted,,2.0,义务教育教科书·地理图册八年级上册（主编_朱翔_周瑞祥_刘新民）,70,2025-07-21T14:23:24.022Z,2.0,义务教育教科书·地理图册八年级上册（主编：朱翔&周瑞祥&刘新民）_c64bac48,八年级,ocr,主编:朱翔&周瑞祥&刘新民,0.5900900900900901,0.5,0.301,1,上册,/Users/LeoQin/Documents/GitHub/PDFconvertor/flattened_pdfs/义务教育教科书·地理图册八年级上册（主编：朱翔&周瑞祥&刘新民）_c64bac48.pdf,义务教育教科书·地理图册八年级上册（主编：朱翔&周瑞祥&刘新民）_c64bac48.json,地理,123,worker_4
义务教育教科书·地理图册八年级上册（主编_朱翔_周瑞祥_刘新民）_chunk_71,71,"第三节 “中国的河流,区 TD\n豆二 FT 在吕 浑善达克溃地区了中 几二于和7\n一人 放罗网\n ; 本阴 二 = 放避 出 AH 虽局 |\nMa RS\nFRR 2 和要大\n0 ws 和和 负国防\nNA\n-友雪 站你2 玉山是三52 了人桥4\nAR : 法次 册 /9 机区 =征， > 有放 有请 是可请一 站人 2\nODS | 避下 RS 陋， 好\nSR\n1 区琴、 区 TH， 2\n全和\nES 人 SS an 上 | 脆 TAX ] 人 < 活\nS -宙一 洛由 2\n六 et 二 4 答下 6-\nCI\n与ARE -ee 微细 NSS\nSS 奈二 A 4 世迪 i 个一二 本六 二忆电 二海 r\n上责 自治 LA\n、 人 (人言| [三Ra 多人 人\n2 0。 ov从\n_鸭吕 | ( 攻了 二 | 了 |\n他者 [到广” 人沾4 “本",372,0,unknown,text-extracted,,2.0,义务教育教科书·地理图册八年级上册（主编_朱翔_周瑞祥_刘新民）,71,2025-07-21T14:23:24.022Z,2.0,义务教育教科书·地理图册八年级上册（主编：朱翔&周瑞祥&刘新民）_c64bac48,八年级,ocr,主编:朱翔&周瑞祥&刘新民,0.549800796812749,0.5,0.372,1,上册,/Users/LeoQin/Documents/GitHub/PDFconvertor/flattened_pdfs/义务教育教科书·地理图册八年级上册（主编：朱翔&周瑞祥&刘新民）_c64bac48.pdf,义务教育教科书·地理图册八年级上册（主编：朱翔&周瑞祥&刘新民）_c64bac48.json,地理,123,worker_4
义务教育教科书·地理图册八年级上册（主编_朱翔_周瑞祥_刘新民）_chunk_72,72,上责 自治 LA\n、 人 (人言| [三Ra 多人 人\n2 0。 ov从\n_鸭吕 | ( 攻了 二 | 了 |\n他者 [到广” 人沾4 “本\n| 全二入一、 CI < 和人 滨州共 河， ss RE 学天 宣了 人旺]， 7\n坝 AP 床 SR WP v/ 0\n世机 -2\nia DLAAA > 败| Di 动 EC NAN 疡一在洒汪 J SU 区Q 司 5 丽诲人玫Cap 汉 ee\nrn ERE\n入、 从 NT 7 100~500 庆 >” 昌一”| 恒量水土保持开发保护区\n| 人 1和第三章“中国的自然未境RE,260,0,unknown,text-extracted,,2.0,义务教育教科书·地理图册八年级上册（主编_朱翔_周瑞祥_刘新民）,72,2025-07-21T14:23:24.022Z,2.0,义务教育教科书·地理图册八年级上册（主编：朱翔&周瑞祥&刘新民）_c64bac48,八年级,ocr,主编:朱翔&周瑞祥&刘新民,0.47282608695652173,0.5,0.26,1,上册,/Users/LeoQin/Documents/GitHub/PDFconvertor/flattened_pdfs/义务教育教科书·地理图册八年级上册（主编：朱翔&周瑞祥&刘新民）_c64bac48.pdf,义务教育教科书·地理图册八年级上册（主编：朱翔&周瑞祥&刘新民）_c64bac48.json,地理,123,worker_4
义务教育教科书·地理图册八年级上册（主编_朱翔_周瑞祥_刘新民）_chunk_73,73,"El,3f第一节自然资源概况自然资源与我们的生活\nSET\nss as\nns <芝昌 二带一 必二\ner .学三全 SEE 他\n1 多小人 0) < 册\nCE DA\n农业用水基点钴 AR\n时一恒- 尖一旺隐二河、淹泊可再生资源二 所忆 f 7\npa、 后和和 非可再生资源_“/ N\ 了2 7克二的杀人世 是全 和全 六二 芝浊 1 和了 2人 2\n 上 No 必帮> 本 (AAA\n了交 ee 汽车\n * Se Pr 一姻。 RN\n生活用来”火车 SS 如 xsntd洲服装古本吉本站\n1:32 000 000 人人\n而 = Sa NE\n本 NA\n一二让全\n一是 二可X 他二 4 TS\n人“和大FT\n六生生六。攻襄 [0下人人地国 站人人 、 NS RN 虽一\nNS 人\nSS\n= 全人 人人\n\nSe be太国 站这国民刘二了322站站半生\nSS 第三章 “让画的百然资源",388,0,unknown,text-extracted,,2.0,义务教育教科书·地理图册八年级上册（主编_朱翔_周瑞祥_刘新民）,73,2025-07-21T14:23:24.022Z,2.0,义务教育教科书·地理图册八年级上册（主编：朱翔&周瑞祥&刘新民）_c64bac48,八年级,ocr,主编:朱翔&周瑞祥&刘新民,0.590443686006826,0.5,0.388,1,上册,/Users/LeoQin/Documents/GitHub/PDFconvertor/flattened_pdfs/义务教育教科书·地理图册八年级上册（主编：朱翔&周瑞祥&刘新民）_c64bac48.pdf,义务教育教科书·地理图册八年级上册（主编：朱翔&周瑞祥&刘新民）_c64bac48.json,地理,123,worker_4
义务教育教科书·地理图册八年级上册（主编_朱翔_周瑞祥_刘新民）_chunk_74,74,"第一节 “自然资源概况,对 IE\n中国石油、天然气资源分布末 加下 坪本\n0 峭习 ES\ner BF 人 Am\n1 和 、 产， YN 9 司\n、 人 Jr | ”ee 久机是 坪和关和 |\n人 | 卫攻和直 5 2 AZ\nTS UV 出。 7 FE\nneprensc[ SC人AUA 人这十二 2 是于榴 1 AS色儿 J 于 Sa多人 Pt 杖oO 基二 ER 从二 am RS 网一\nVS |\nSC FL IE\n入和AP 时外 峡 | 《 丈呈 \， 1 国良7 了 ,亲人必茅2\n网| 1， 省洒关 sw 全， 下让 } 5 由于 一半过 ,需 1\nEL 后一一一一一一一 it\n=\n作坊自主要油田站 季人1 一 -志 |\nIOWRREE\n中国主要金属、非金属矿产资源分布 7 PR 一一\n1:32 000 000 几人可双己 TS\n30 = 刘 - 站区 中 AM\n 一生 ac 全六\n儿改作 | os\nio 人到SA 4 7司\n[ RE 1 友二 加室 请xs 后 ao寻 : 1 由\n| |\nSO 因 2 和狼， 人和 属于扩 SA 了二时 :人， er 上本 |\n\n7/ 的呈人|人汉人生ke 玫和NC",509,0,unknown,text-extracted,,2.0,义务教育教科书·地理图册八年级上册（主编_朱翔_周瑞祥_刘新民）,74,2025-07-21T14:23:24.022Z,2.0,义务教育教科书·地理图册八年级上册（主编：朱翔&周瑞祥&刘新民）_c64bac48,八年级,ocr,主编:朱翔&周瑞祥&刘新民,0.5013927576601671,0.5,0.509,1,上册,/Users/LeoQin/Documents/GitHub/PDFconvertor/flattened_pdfs/义务教育教科书·地理图册八年级上册（主编：朱翔&周瑞祥&刘新民）_c64bac48.pdf,义务教育教科书·地理图册八年级上册（主编：朱翔&周瑞祥&刘新民）_c64bac48.json,地理,123,worker_4
义务教育教科书·地理图册八年级上册（主编_朱翔_周瑞祥_刘新民）_chunk_75,75,io 人到SA 4 7司\n[ RE 1 友二 加室 请xs 后 ao寻 : 1 由\n| |\nSO 因 2 和狼， 人和 属于扩 SA 了二时 :人， er 上本 |\n\n7/ 的呈人|人汉人生ke 玫和NC _ Te 改作二 本人 SN 光\n30 本台和让 js 人 ES 吕全赂| 人和加稚 启好 汪 - 时\n<， 全下 Na 本人\n6 全人\n人金属矿产二 ee 人二 忆区前 EXERG 全 1 甘世 1 杰\n|一人Arc 2\n亚钢勾引 Se 交合区 了 1\n7 钢“日镜。。 非金属共产中 2 难0人生理进料”将作ee\n二镍“和多小莹石田石棉二 出二 区| A 四时- 一二 ee\n四铺四然命名站0再 | 一Ce 洛 |‖N=和让驴钥锌全钓全石昌企五至|， 有 S |二汪 证囊】\nE 心名站入 滑石 5 a 条让和 本一 5 区|\n十国有2\n[人攻克 |\n第三章“中国的自然资源了ES,395,0,unknown,text-extracted,,2.0,义务教育教科书·地理图册八年级上册（主编_朱翔_周瑞祥_刘新民）,75,2025-07-21T14:23:24.022Z,2.0,义务教育教科书·地理图册八年级上册（主编：朱翔&周瑞祥&刘新民）_c64bac48,八年级,ocr,主编:朱翔&周瑞祥&刘新民,0.6193771626297578,0.5,0.395,1,上册,/Users/LeoQin/Documents/GitHub/PDFconvertor/flattened_pdfs/义务教育教科书·地理图册八年级上册（主编：朱翔&周瑞祥&刘新民）_c64bac48.pdf,义务教育教科书·地理图册八年级上册（主编：朱翔&周瑞祥&刘新民）_c64bac48.json,地理,123,worker_4
义务教育教科书·地理图册八年级上册（主编_朱翔_周瑞祥_刘新民）_chunk_76,76,"Sa ,3人第一节， 自然资源概况中国杰阳能资源分布四 ER 页 [TS\n1: 32 000 000 妈 NA\n二六汪晤 :， 4 出 PE FA 网站 站司 1 但一味 一 Se 上 1 -下当 uC\nCE ACE ET | > 0 NT-\ntr SEE 2 人和 太阳能 | 1 人区庆\n| 二名 Ar 儿一一轩 0 2 元各八|\n中 0 党有 本用\n二 9 黄 > 量了 5\n| ”二二2二而人 信本 RN < 其本 和 | Se ES 已蒜: 中已 明产、 2 西安 1 间， AN 0\n生人 ES\n 仿生二 2 /全ARRRECORY 有人地有国人SR和信池人有\n| EBPSAINYGS Jo We 全 | 】 > 赴阳和 了加州旺| 和如四 | CA\n四资源上宫K | AN [| 让全二 畏 | 民明5 Do Adonv 忆划二 中 |\n有次理想中直5 盖-LT 内局 资源可利用区。 | 2 Ce 站 |了证 ‖ 人国人 | 站 : |\n|\n已发电的主要刘|卸往二一下痢上一汪汪上 有",451,0,unknown,text-extracted,,2.0,义务教育教科书·地理图册八年级上册（主编_朱翔_周瑞祥_刘新民）,76,2025-07-21T14:23:24.023Z,2.0,义务教育教科书·地理图册八年级上册（主编：朱翔&周瑞祥&刘新民）_c64bac48,八年级,ocr,主编:朱翔&周瑞祥&刘新民,0.5186335403726708,0.5,0.451,1,上册,/Users/LeoQin/Documents/GitHub/PDFconvertor/flattened_pdfs/义务教育教科书·地理图册八年级上册（主编：朱翔&周瑞祥&刘新民）_c64bac48.pdf,义务教育教科书·地理图册八年级上册（主编：朱翔&周瑞祥&刘新民）_c64bac48.json,地理,123,worker_4
义务教育教科书·地理图册八年级上册（主编_朱翔_周瑞祥_刘新民）_chunk_77,77,"二畏 | 民明5 Do Adonv 忆划二 中 |\n有次理想中直5 盖-LT 内局 资源可利用区。 | 2 Ce 站 |了证 ‖ 人国人 | 站 : |\n|\n已发电的主要刘|卸往二一下痢上一汪汪上 有\nEDIRRREEETOeEEEL 计生汪虽2\n中国凤能资源分布本 医生ERE EPE 各\n1:32 000 000 ”Se二二 AN NA\n下了 oa Sa AAA “罗。 = 二本 INEANE:， 必国。”FE 原 Or AD 人个 二三才长国靖,\n1 TS 风能人 玫人\nAi 人 - 2\n人下村jay台人二\n国宝有 人/一生全和训C\nEN 二北、 全人下 二本 三\n2 站\nee 史上人| Je 区和 营昌 AS 国多 AP CE 和到二\nss OF 全下 SS区本| 5- 2\n9 <歼国 FE 人\nNDS站并SS弥二隐多| 放，， 5\nt 人有 上 boa ionma\n| 人 - 要 |\n9 中下 人NE 人站人 5 昌 [ 了做四四资源丰富区 SN 上 -全人中人 2 二和让|.几有汪汪志站有 ee 隐 :了四四资源可利用区隔 sa\n和汪 站SS 人隐",486,0,unknown,text-extracted,,2.0,义务教育教科书·地理图册八年级上册（主编_朱翔_周瑞祥_刘新民）,77,2025-07-21T14:23:24.023Z,2.0,义务教育教科书·地理图册八年级上册（主编：朱翔&周瑞祥&刘新民）_c64bac48,八年级,ocr,主编:朱翔&周瑞祥&刘新民,0.5247252747252747,0.5,0.486,1,上册,/Users/LeoQin/Documents/GitHub/PDFconvertor/flattened_pdfs/义务教育教科书·地理图册八年级上册（主编：朱翔&周瑞祥&刘新民）_c64bac48.pdf,义务教育教科书·地理图册八年级上册（主编：朱翔&周瑞祥&刘新民）_c64bac48.json,地理,123,worker_4
义务教育教科书·地理图册八年级上册（主编_朱翔_周瑞祥_刘新民）_chunk_78,78,9 中下 人NE 人站人 5 昌 [ 了做四四资源丰富区 SN 上 -全人中人 2 二和让|.几有汪汪志站有 ee 隐 :了四四资源可利用区隔 sa\n和汪 站SS 人隐\n9 eashxxniaa im TRNA\nES 第三章中国的自然资源,119,0,unknown,text-extracted,,2.0,义务教育教科书·地理图册八年级上册（主编_朱翔_周瑞祥_刘新民）,78,2025-07-21T14:23:24.023Z,2.0,义务教育教科书·地理图册八年级上册（主编：朱翔&周瑞祥&刘新民）_c64bac48,八年级,ocr,主编:朱翔&周瑞祥&刘新民,0.6063829787234043,0.30000000000000004,0.119,1,上册,/Users/LeoQin/Documents/GitHub/PDFconvertor/flattened_pdfs/义务教育教科书·地理图册八年级上册（主编：朱翔&周瑞祥&刘新民）_c64bac48.pdf,义务教育教科书·地理图册八年级上册（主编：朱翔&周瑞祥&刘新民）_c64bac48.json,地理,123,worker_4
义务教育教科书·地理图册八年级上册（主编_朱翔_周瑞祥_刘新民）_chunk_79,79,"第一节 ”自然资源概况,3 JE\n中国地热资源与核能利用分布人 人本 YN\n了0 < ET -时 3 人 sa\n二区间友人可全 DJ\n人 RN\n站\n EN\n、 于R灿埠宇放高| 届站\nCR ”枯一 站 cs NA\n是 9 Pi 3 ti 人太火人虽 其\n| S 也州人\n人 US 六一一\nAS E 和位二 了于上\n/ s 9 下 te\n2 天昂剖二< 7 二让和人 或\nSEA全本 1 本用二运气汪9 ER NA FJ 昌明。 六和全的和一一二 ce\n例，建成或在建地热电站 |， 导 AS 0 人村 于加”代表性的热水钴并人人荆 本 5\n稠“注泉，热泉和退泉“| 王1 所本有吉 -= -考请 隐\ne axataeas | Am\n中国能源每一天储油枉。 巴二原煤二 用二三一一\n1元- > 2 148.2 有国生化宙\n087.7 全人\n输电线下 Te 2 8 = 上 SS\n呈、 本 |、 卫天给所和产量 (六区二2 | 国\nsa 徘、 有\n@ 吉\n159.0\n资料来源: 2017年《中国统计年鉴》\n第三章 “中国的自然资源ES",466,0,unknown,text-extracted,,2.0,义务教育教科书·地理图册八年级上册（主编_朱翔_周瑞祥_刘新民）,79,2025-07-21T14:23:24.023Z,2.0,义务教育教科书·地理图册八年级上册（主编：朱翔&周瑞祥&刘新民）_c64bac48,八年级,ocr,主编:朱翔&周瑞祥&刘新民,0.5971428571428572,0.5,0.466,1,上册,/Users/LeoQin/Documents/GitHub/PDFconvertor/flattened_pdfs/义务教育教科书·地理图册八年级上册（主编：朱翔&周瑞祥&刘新民）_c64bac48.pdf,义务教育教科书·地理图册八年级上册（主编：朱翔&周瑞祥&刘新民）_c64bac48.json,地理,123,worker_4
义务教育教科书·地理图册八年级上册（主编_朱翔_周瑞祥_刘新民）_chunk_80,80,"El,3汪第一节中国的土地资源鸯 机锁国睹人\n中国土地资源分布| ) 我国东部地区元候温润，集中了大\n1520 000 oo0 部分类地和林地，是我国主要农业区。 西部地区气候干旱，高原山地广布，多了峡沙漠、苞壁、高寄芳并、石山等难以利\nyo RS 用的土地，草地主要分布在这里，是我\nsl 人国主要牧业区。 ES !\n六-es rA\nNS\n8 天人 7 由\nNm ns = 2\n汪汪点卫 村上， - 2 国 | 剖\nSRS | ANY 后宁; 必 ) 恒j砍哲让 RS\n人 NS\n有 SR ACE SN\n四名 上 ,更 1二到人 忌人 wm人内\nTRANS\nTAR 信人 AN E放\nSN MY 相当请 Er 站下南B9\nRe NIND 入全和池才作检 4\n-~ 人\nER | 作议 人 0\nRe 省人生在全信本- 后放性全交和As二AR\n区一一一本 四全二er- -\nRE NA 交人汪和\n2四让 |\n2 人下 间寺二 和",413,0,unknown,text-extracted,,2.0,义务教育教科书·地理图册八年级上册（主编_朱翔_周瑞祥_刘新民）,80,2025-07-21T14:23:24.023Z,2.0,义务教育教科书·地理图册八年级上册（主编：朱翔&周瑞祥&刘新民）_c64bac48,八年级,ocr,主编:朱翔&周瑞祥&刘新民,0.5975232198142415,0.5,0.413,1,上册,/Users/LeoQin/Documents/GitHub/PDFconvertor/flattened_pdfs/义务教育教科书·地理图册八年级上册（主编：朱翔&周瑞祥&刘新民）_c64bac48.pdf,义务教育教科书·地理图册八年级上册（主编：朱翔&周瑞祥&刘新民）_c64bac48.json,地理,123,worker_4
义务教育教科书·地理图册八年级上册（主编_朱翔_周瑞祥_刘新民）_chunk_81,81,Re 省人生在全信本- 后放性全交和As二AR\n区一一一本 四全二er- -\nRE NA 交人汪和\n2四让 |\n2 人下 间寺二 和二地草地 |本吉 js Ce\nk 1 PP 而\n\n|万公顷}\n攻各 13538 13527 13524 13516 13516 13506 13500 13492\n本 12 果品-> 12500\n人 10000|\n3 :\n 1 5000|\n和 0 2500\n中国土地资源构成 8 2009 2010 2011 2012 2013 2014 2015 20161年}\n中国耕地面积变化\nSS 第三章 “中同的自然资源,273,0,unknown,text-extracted,,2.0,义务教育教科书·地理图册八年级上册（主编_朱翔_周瑞祥_刘新民）,81,2025-07-21T14:23:24.023Z,2.0,义务教育教科书·地理图册八年级上册（主编：朱翔&周瑞祥&刘新民）_c64bac48,八年级,ocr,主编:朱翔&周瑞祥&刘新民,0.36619718309859156,0.6,0.273,1,上册,/Users/LeoQin/Documents/GitHub/PDFconvertor/flattened_pdfs/义务教育教科书·地理图册八年级上册（主编：朱翔&周瑞祥&刘新民）_c64bac48.pdf,义务教育教科书·地理图册八年级上册（主编：朱翔&周瑞祥&刘新民）_c64bac48.json,地理,123,worker_4
义务教育教科书·地理图册八年级上册（主编_朱翔_周瑞祥_刘新民）_chunk_82,82,第二节 “中国的土地资源\W IE\n人昌国 NM\nNA 5 区和\nAS 光二\naa- 忌六 s 有有 利和永齐。二全 |\nET 这人\n-省和< 地本的 人和 (ACT 征二隐、、， 2 人一| CR二全阿 CA\nTe ee\n1 届汪3 了区 二 > >全站， 汪汪 NA 3 PCS\n-届 > er 4 1 mL\n-SR 人全名 人巧< 一 JE 畔地他 全汕六生关证了 2\n1 必是\nNE at 有er 了让 袁中国林地分布 AS\n1 上汪人央 人尖 站国有 9 芋晶| 和和二\n全生 8 人扩\nER 人 TO\n人 EX\n走二 放 | 和人 SS\n人 | 0\n0 本 0 夫时了\nen 人二 RE 生态汪 人则a_nr 【人人 EE 林地 2,322,0,unknown,text-extracted,,2.0,义务教育教科书·地理图册八年级上册（主编_朱翔_周瑞祥_刘新民）,82,2025-07-21T14:23:24.023Z,2.0,义务教育教科书·地理图册八年级上册（主编：朱翔&周瑞祥&刘新民）_c64bac48,八年级,ocr,主编:朱翔&周瑞祥&刘新民,0.5442477876106194,0.5,0.322,1,上册,/Users/LeoQin/Documents/GitHub/PDFconvertor/flattened_pdfs/义务教育教科书·地理图册八年级上册（主编：朱翔&周瑞祥&刘新民）_c64bac48.pdf,义务教育教科书·地理图册八年级上册（主编：朱翔&周瑞祥&刘新民）_c64bac48.json,地理,123,worker_4
义务教育教科书·地理图册八年级上册（主编_朱翔_周瑞祥_刘新民）_chunk_83,83,"人 SS\n人 | 0\n0 本 0 夫时了\nen 人二 RE 生态汪 人则a_nr 【人人 EE 林地 2\n二村\n多上,|全加 -| ES | 到人\n本 |全、刁让 和中国难利用土地分布\n-一 《EN 一\n? 5 关王上 -3 | 几作国 生路 |\n网亲刘副呈三到 Si全 AN\n(%) SC 本人 SEE 人\n20 人 SS 人和夯必因\nNT\n15 Et 了二是上上\nRe 区位罗ie 几\n5 和地 二者\n让过湾、包和 Sr 出wx\n9 1973二 1977二 1984二 19689二 1994二 1999一 2004一 2006一高寒荒漠、石山人 和站 息\n1976 1981 1988 1993 1998 2003 2008 20131年} 有了若海口册 和中国森林覆盖率变化 CC oo\n第三章 “中国的自然资源ES",362,0,unknown,text-extracted,,2.0,义务教育教科书·地理图册八年级上册（主编_朱翔_周瑞祥_刘新民）,83,2025-07-21T14:23:24.023Z,2.0,义务教育教科书·地理图册八年级上册（主编：朱翔&周瑞祥&刘新民）_c64bac48,八年级,ocr,主编:朱翔&周瑞祥&刘新民,0.4727272727272727,0.30000000000000004,0.362,1,上册,/Users/LeoQin/Documents/GitHub/PDFconvertor/flattened_pdfs/义务教育教科书·地理图册八年级上册（主编：朱翔&周瑞祥&刘新民）_c64bac48.pdf,义务教育教科书·地理图册八年级上册（主编：朱翔&周瑞祥&刘新民）_c64bac48.json,地理,123,worker_4
义务教育教科书·地理图册八年级上册（主编_朱翔_周瑞祥_刘新民）_chunk_84,84,"sl 3人第三节 ”中国的水资源中国水资源分布四 站但 AR 可民\n而 ES 一“本着世丰 恒 na\nCA一六 内站网 -人人 -内夺 人 、 FE天量/ 0 加全 LE 和罗 以人 ”三= |午人 到 | 和 SS aa 人、 VIA 元条， 人网 同上dy RD 人六 AR\n入 | 由 FS的人甩广-挟一上 ”穴、 5 APIE 7\n的噶 AS NDS 牛人和， | 人人、 ss | SS 一 2二相 区 : 1 -一9\n芭一 Se | 合 SS SS RN 人人SS 1\n坦 SEE ENN 怀 SA 2\n人 NT TSD 晤全芝\n| 一辐这 0 六二全便污国 史吕\nan 二 = 月做 古国 月医和让 = > 7 三\nPs Re Ar司机一任和一\n|同。 人 :外要 站和 车二全 二天才 ,有\nsr车\nEn 人二\n中国主要水电站分布由 TPR 让 NU\n玫人 全aa 关机| PE\n了 『 习隐 本 1 国下\n/ 六 Te ES\n0 RE 人和 1 aeatt 久 -一世\n1 和户 米请全二全\nLT\ni / 和和 2 ur 天人\n人人 NA Ca “ 二\n| 人SS NE sa 有邮 -一\nTRNANTL | 着由条有9 庆巩汐汪",524,0,unknown,text-extracted,,2.0,义务教育教科书·地理图册八年级上册（主编_朱翔_周瑞祥_刘新民）,84,2025-07-21T14:23:24.023Z,2.0,义务教育教科书·地理图册八年级上册（主编：朱翔&周瑞祥&刘新民）_c64bac48,八年级,ocr,主编:朱翔&周瑞祥&刘新民,0.5204359673024523,0.5,0.524,1,上册,/Users/LeoQin/Documents/GitHub/PDFconvertor/flattened_pdfs/义务教育教科书·地理图册八年级上册（主编：朱翔&周瑞祥&刘新民）_c64bac48.pdf,义务教育教科书·地理图册八年级上册（主编：朱翔&周瑞祥&刘新民）_c64bac48.json,地理,123,worker_4
义务教育教科书·地理图册八年级上册（主编_朱翔_周瑞祥_刘新民）_chunk_85,85,下\n/ 六 Te ES\n0 RE 人和 1 aeatt 久 -一世\n1 和户 米请全二全\nLT\ni / 和和 2 ur 天人\n人人 NA Ca “ 二\n| 人SS NE sa 有邮 -一\nTRNANTL | 着由条有9 庆巩汐汪 SANNWSWT 人 | 和医届二办 <二新 人下 }\n本人 人 |影水和妆 - 1一一一\nTS 站负本有有 1人 re 二一车了\n风衣人一攻昌、和人和- |\nER 人人Pa\n装机容量26万一100万 |雪上训汕 Sa 相生一二和了汉\n”二责水电站人 ER\nSSE 第三章中国的自然资源,258,0,unknown,text-extracted,,2.0,义务教育教科书·地理图册八年级上册（主编_朱翔_周瑞祥_刘新民）,85,2025-07-21T14:23:24.023Z,2.0,义务教育教科书·地理图册八年级上册（主编：朱翔&周瑞祥&刘新民）_c64bac48,八年级,ocr,主编:朱翔&周瑞祥&刘新民,0.5595854922279793,0.6,0.258,1,上册,/Users/LeoQin/Documents/GitHub/PDFconvertor/flattened_pdfs/义务教育教科书·地理图册八年级上册（主编：朱翔&周瑞祥&刘新民）_c64bac48.pdf,义务教育教科书·地理图册八年级上册（主编：朱翔&周瑞祥&刘新民）_c64bac48.json,地理,123,worker_4
义务教育教科书·地理图册八年级上册（主编_朱翔_周瑞祥_刘新民）_chunk_86,86,pz的) 第三节中国的水资源\邓 Eee\n中国径流带及主要调水工程 .我国水资源分布情况 Te [TY\n1: 32 000 000 是南多和北少。大致以素崔一 NAN WA\n而和。 淮河为分界线，南方为多 5A S\n: 水、在水区。为绠解北方的-下 | 了\nPr 鸭水情况，1995年开始修建借、| d 人\n= |。 几水北调东线工程。 三| 小二他\n1 人 OA \\naa “5 和了 会和 ss | 本NS 一人om | 枚人A 辟天半， 四了 了本 >本JE of RS 4 ea 全由 二吕\n二 1 ET\n和， AS > 5\nNGeC LO\n/ NA RS 而KE 人人 vs一二 |擅 - 机二 站攻 SB” > Se\n国二 同室硬=-~- 人司1- -日献水带 | 一一一下 AR\n[一可|/瑟Ji革\nzw AI 二习对二办外\n三: 卫星玫性一作殉\nXu ys vc Ta ka讽村 L 中国径流带主要特征 _\n各二 |。 降水晶《) | 项人生《六) |。 相应的和杀天 | 允gOM\n摧水带 | < | < | 订 | 沸昌林公地， 少水带 | ?00~40 | ?00~300 |。 半黄演.章原 | 厅北平原西部 |\n平水带 | 400-~800 | 300~400 |。 森林草原. 落叶Wo林 | 人毕dt原 | 多水带 | 8B00~1600 | 400~700 | 落叶间叶林. 常绿闻叶林 | 长江中下游守原 |\n不水带 | >l60 | >700 | 和雪带季丙林。亚热带山地常绿林 | 海南名 |\n人世界部分国家人均淡水资源比较\n5 琴 ET\nAAA 攻 |民尖 sw 过|恬二\n多、\n1 1 Sn,716,0,unknown,text-extracted,,2.0,义务教育教科书·地理图册八年级上册（主编_朱翔_周瑞祥_刘新民）,86,2025-07-21T14:23:24.023Z,2.0,义务教育教科书·地理图册八年级上册（主编：朱翔&周瑞祥&刘新民）_c64bac48,八年级,ocr,主编:朱翔&周瑞祥&刘新民,0.5201465201465202,0.7999999999999999,0.716,1,上册,/Users/LeoQin/Documents/GitHub/PDFconvertor/flattened_pdfs/义务教育教科书·地理图册八年级上册（主编：朱翔&周瑞祥&刘新民）_c64bac48.pdf,义务教育教科书·地理图册八年级上册（主编：朱翔&周瑞祥&刘新民）_c64bac48.json,地理,123,worker_4
义务教育教科书·地理图册八年级上册（主编_朱翔_周瑞祥_刘新民）_chunk_87,87,多水带 | 8B00~1600 | 400~700 | 落叶间叶林. 常绿闻叶林 | 长江中下游守原 |\n不水带 | >l60 | >700 | 和雪带季丙林。亚热带山地常绿林 | 海南名 |\n人世界部分国家人均淡水资源比较\n5 琴 ET\nAAA 攻 |民尖 sw 过|恬二\n多、\n1 1 Sn\n做之和 人 SS 国国国生AS\nRH\n四这| AAA\nNE\nRE 和让一 和 | Ra 5000\n车 _ ia 7 和 sc 二 2。 中国年用水量变化第三章 ”中国的自然资源,236,0,unknown,text-extracted,,2.0,义务教育教科书·地理图册八年级上册（主编_朱翔_周瑞祥_刘新民）,87,2025-07-21T14:23:24.023Z,2.0,义务教育教科书·地理图册八年级上册（主编：朱翔&周瑞祥&刘新民）_c64bac48,八年级,ocr,主编:朱翔&周瑞祥&刘新民,0.547486033519553,0.5,0.236,1,上册,/Users/LeoQin/Documents/GitHub/PDFconvertor/flattened_pdfs/义务教育教科书·地理图册八年级上册（主编：朱翔&周瑞祥&刘新民）_c64bac48.pdf,义务教育教科书·地理图册八年级上册（主编：朱翔&周瑞祥&刘新民）_c64bac48.json,地理,123,worker_4
义务教育教科书·地理图册八年级上册（主编_朱翔_周瑞祥_刘新民）_chunk_88,88,"EL,39 第四节， 中国的海洋资源\n| [ 人\n-小黄鱼 | 坚吉z | 二浊中国及了毗邻海域进业资源 | 一全“起了 13 18 500 000\nss 大黄鱼疝 vi 为全 上本 加可 SN -~ 人 133\n、对红帮 天半辣一关|E\n东短， 及:二二 | 尖区 区败。 村鱼 | ERE 的村 二二星 7 司唤。 二| 可\n1 广区北京如ka可北洛中双 ”ee 甩中_)] 7 和壤< 人 1\n<带鱼大何。 4“临为妇_ 中 SA 本短 海复 | 了 CS上 SS 过四时池场 【、 华， 7 省 iT 7 症 . 访\nFw en AU 1/ 并CC 人册nfesOA 坤 |， )E\n[> 站 Wi 克5 和呈人 . 必中 | 1 Ne 四 1下\nVs 人 EM 区恒所 人多 辆\n| 6 2 AR 一人场 . 二六 ApE汐|/光 2 四\n、 线 AAA 和 ”REFPAS\n当 | 人站 可 W TSS江| 六哈、 窜 5 克上 L/\n天 RS 和民信起 人机志瑟沁产) 开 4 (全\n| SR 交:司订二 si /",464,0,unknown,text-extracted,,2.0,义务教育教科书·地理图册八年级上册（主编_朱翔_周瑞祥_刘新民）,88,2025-07-21T14:23:24.023Z,2.0,义务教育教科书·地理图册八年级上册（主编：朱翔&周瑞祥&刘新民）_c64bac48,八年级,ocr,主编:朱翔&周瑞祥&刘新民,0.5106382978723404,0.5,0.464,1,上册,/Users/LeoQin/Documents/GitHub/PDFconvertor/flattened_pdfs/义务教育教科书·地理图册八年级上册（主编：朱翔&周瑞祥&刘新民）_c64bac48.pdf,义务教育教科书·地理图册八年级上册（主编：朱翔&周瑞祥&刘新民）_c64bac48.json,地理,123,worker_4
义务教育教科书·地理图册八年级上册（主编_朱翔_周瑞祥_刘新民）_chunk_89,89,、 线 AAA 和 ”REFPAS\n当 | 人站 可 W TSS江| 六哈、 窜 5 克上 L/\n天 RS 和民信起 人机志瑟沁产) 开 4 (全\n| SR 交:司订二 si / 3 ea 人 SR ) 去型装\n三/ 二一 芝记 5 瓜下 入 Sa 相人\n1 二和 六 :AR AT 让 Pr . 山 1\n林2 0 本济\nse 这 “让【一r”包 “攻|国 3\n人交 了和 <风导 妇下 其沽 _训国的)\n小人 了 ~国民 0 我国海域江闻，自外天 背 o 7 = 己 2 了瑟 到条件优越，近海洛场很多， 1 恩二 故福 FF 放海洋香雪有3000多种，业、\n人虹 /。建扩地|人 Wai 向加 竖、贝、荣类几千种。东海\n(ES 从素有“天虞香们”之称，其\naa Pr 中闯山寺场是我国第一大\nEL 2 -ee 场位置过中是多种备类\nsr 人7 自移岛间游的必经之路，济民措清加 we 匀 | 是。 音群河游时间和路线进行拉和 捞。 除捕捞外，还在沿海梁芍|赴尼 3 全从 到涂发展大规模的海水并殖,450,0,unknown,text-extracted,,2.0,义务教育教科书·地理图册八年级上册（主编_朱翔_周瑞祥_刘新民）,89,2025-07-21T14:23:24.023Z,2.0,义务教育教科书·地理图册八年级上册（主编：朱翔&周瑞祥&刘新民）_c64bac48,八年级,ocr,主编:朱翔&周瑞祥&刘新民,0.6411764705882353,0.5,0.45,1,上册,/Users/LeoQin/Documents/GitHub/PDFconvertor/flattened_pdfs/义务教育教科书·地理图册八年级上册（主编：朱翔&周瑞祥&刘新民）_c64bac48.pdf,义务教育教科书·地理图册八年级上册（主编：朱翔&周瑞祥&刘新民）_c64bac48.json,地理,123,worker_4
义务教育教科书·地理图册八年级上册（主编_朱翔_周瑞祥_刘新民）_chunk_90,90,sr 人7 自移岛间游的必经之路，济民措清加 we 匀 | 是。 音群河游时间和路线进行拉和 捞。 除捕捞外，还在沿海梁芍|赴尼 3 全从 到涂发展大规模的海水并殖\n9 帮病站5 业，提高了海洋生物成活\n| | 有7 你击 2 率，增加了海区的次源量。 史R。 | 海衔涯产< _\nAS |者\、 二 : | K {万呈) 【站]\n于| ”NE 而埃部久 | ) 3600 于，-- 右水产品总产量的比重 0\n本本 有| = 人让 圳虱 酌中和要 妹 3000 E 〗海详水产品四\n田| 旺S WU Xewsl il 2s0o| 号二 AR | :om\n站 1 8 S_EAUSN 1500\n| | 1 BSA 训 1000 5 | 上肥\n束|十|检了遇， 多硬 和中让人 上 ROSS | 上,347,0,unknown,text-extracted,,2.0,义务教育教科书·地理图册八年级上册（主编_朱翔_周瑞祥_刘新民）,90,2025-07-21T14:23:24.023Z,2.0,义务教育教科书·地理图册八年级上册（主编：朱翔&周瑞祥&刘新民）_c64bac48,八年级,ocr,主编:朱翔&周瑞祥&刘新民,0.5643939393939394,0.7999999999999999,0.347,1,上册,/Users/LeoQin/Documents/GitHub/PDFconvertor/flattened_pdfs/义务教育教科书·地理图册八年级上册（主编：朱翔&周瑞祥&刘新民）_c64bac48.pdf,义务教育教科书·地理图册八年级上册（主编：朱翔&周瑞祥&刘新民）_c64bac48.json,地理,123,worker_4
义务教育教科书·地理图册八年级上册（主编_朱翔_周瑞祥_刘新民）_chunk_91,91,| | 1 BSA 训 1000 5 | 上肥\n束|十|检了遇， 多硬 和中让人 上 ROSS | 上\n| 民二 4 SS。 | | 人个 ”1980 1985 1990 1998 2000 2005 2010 515易\n| 贡本 有 AN 中国海洋水产品产量及和 : 2 ao 占水产品总产量的比重\n1 交 |\n吧 z 7 二引| 100 天， ee 加海 禾全 、， 1 > 从用 辑和\n〖 的民 ON |\n:一六区P 全”了开让。 和从\nAN 革 2 村 2 E | 去\nER wawb ” 四/ 革呈 ” 瘟\n| 党” 2 来 7 - 习加 0 1980 1985 1980 1985 2000 2005 2010 201和年)\n和 AL “是汪|性中国海详水产品的生产方式构成人局本1证亚-~一-人 |,356,0,unknown,text-extracted,,2.0,义务教育教科书·地理图册八年级上册（主编_朱翔_周瑞祥_刘新民）,91,2025-07-21T14:23:24.023Z,2.0,义务教育教科书·地理图册八年级上册（主编：朱翔&周瑞祥&刘新民）_c64bac48,八年级,ocr,主编:朱翔&周瑞祥&刘新民,0.41472868217054265,0.5,0.356,1,上册,/Users/LeoQin/Documents/GitHub/PDFconvertor/flattened_pdfs/义务教育教科书·地理图册八年级上册（主编：朱翔&周瑞祥&刘新民）_c64bac48.pdf,义务教育教科书·地理图册八年级上册（主编：朱翔&周瑞祥&刘新民）_c64bac48.json,地理,123,worker_4
义务教育教科书·地理图册八年级上册（主编_朱翔_周瑞祥_刘新民）_chunk_92,92,和 AL “是汪|性中国海详水产品的生产方式构成人局本1证亚-~一-人 |\nES 第三章中国的自然资源,51,0,unknown,text-extracted,,2.0,义务教育教科书·地理图册八年级上册（主编_朱翔_周瑞祥_刘新民）,92,2025-07-21T14:23:24.023Z,2.0,义务教育教科书·地理图册八年级上册（主编：朱翔&周瑞祥&刘新民）_c64bac48,八年级,ocr,主编:朱翔&周瑞祥&刘新民,0.7608695652173914,0.6,0.051,1,上册,/Users/LeoQin/Documents/GitHub/PDFconvertor/flattened_pdfs/义务教育教科书·地理图册八年级上册（主编：朱翔&周瑞祥&刘新民）_c64bac48.pdf,义务教育教科书·地理图册八年级上册（主编：朱翔&周瑞祥&刘新民）_c64bac48.json,地理,123,worker_4
义务教育教科书·地理图册八年级上册（主编_朱翔_周瑞祥_刘新民）_chunk_93,93,"第四节 “中国的海洋资源,3 IE 一本 四 Se\n5 槛辫攻呆和建设的民闻十 | DR 中国及毗邻海域能源矿产资源\n_ | 一ee 澳阳入 1:18 500 000。 石油全 sa 后人 旬 AN 9 人 RE\n0 天然气 IE ]\n有 <二区 沙，， 区朝\n一巷气管道 ) 丰入北本ka北人 ee 只等| 壮\n@ 辽宁荤志 7 -ja cc\n攻全避9 w 上W “堪连一 二加 长芦盐 N机家庄 ”上 -和有记 1 )》 华 >省 At 上 2\n三鲁北盐场攻 鸭诗 区愉宇开 省了， 人驳 1 加 2\nos\n Q 营区海盐场 | 人 SR 才区 汪记日\n可在委竹肌一一人 NERo\n人民 从产 这一 时姑| RN本全4\n2 一 ES | ] NS 邮 1\n和二 了本\n下持 人生 二 | | 海市。 及\nEN ME Sci 0\nSA 0 - 直。 s 人\n[ar 2到二 < [东业\n上昌让 本所 量二| | 和坟，",410,0,unknown,text-extracted,,2.0,义务教育教科书·地理图册八年级上册（主编_朱翔_周瑞祥_刘新民）,93,2025-07-21T14:23:24.023Z,2.0,义务教育教科书·地理图册八年级上册（主编：朱翔&周瑞祥&刘新民）_c64bac48,八年级,ocr,主编:朱翔&周瑞祥&刘新民,0.593103448275862,0.5,0.41,1,上册,/Users/LeoQin/Documents/GitHub/PDFconvertor/flattened_pdfs/义务教育教科书·地理图册八年级上册（主编：朱翔&周瑞祥&刘新民）_c64bac48.pdf,义务教育教科书·地理图册八年级上册（主编：朱翔&周瑞祥&刘新民）_c64bac48.json,地理,123,worker_4
义务教育教科书·地理图册八年级上册（主编_朱翔_周瑞祥_刘新民）_chunk_94,94,"EN ME Sci 0\nSA 0 - 直。 s 人\n[ar 2到二 < [东业\n上昌让 本所 量二| | 和坟， | | 产 <全 6\n人| 运 (AoE 外站 ? 国加 碟 ,计 .为\n1 aa\n吕 As 世人 = 1 在和旧 字\nTO 本| 上\n|吉四上后) 工西壮族自治区/六 | WU\nDC 开六全 PE sq 斑这\n人Tas， 读四区源\n人了洒磁册国罗和ashsac 二大 杜。。 -我国近海石油资源相当站。 双| 在世 3 亦纱群岛于 经过多次海上钻探，在渤海、东海、\n,过硬: 攻南海等尖域开采了石油。我国又是海人人 0 肖久 ae 盐生产大国，沿海人民从海水中提取\nES 介雹交伪本食盐，并来用是制、区起的方法生产\nAS 页上5 食盐。现在，我国海冀生产机械化得全 AT | 国史度不断提高，可以满足国内食用替、\n因忆 NA 由于工业用丰、六业用盐以及出口等方面\n|全手语OA 5+\n| 二本\n 全了加 ANNCI 海上钻井平台\nan NNRNSN\n- 上 SN",439,0,unknown,text-extracted,,2.0,义务教育教科书·地理图册八年级上册（主编_朱翔_周瑞祥_刘新民）,94,2025-07-21T14:23:24.023Z,2.0,义务教育教科书·地理图册八年级上册（主编：朱翔&周瑞祥&刘新民）_c64bac48,八年级,ocr,主编:朱翔&周瑞祥&刘新民,0.6463768115942029,0.7999999999999999,0.439,1,上册,/Users/LeoQin/Documents/GitHub/PDFconvertor/flattened_pdfs/义务教育教科书·地理图册八年级上册（主编：朱翔&周瑞祥&刘新民）_c64bac48.pdf,义务教育教科书·地理图册八年级上册（主编：朱翔&周瑞祥&刘新民）_c64bac48.json,地理,123,worker_4
义务教育教科书·地理图册八年级上册（主编_朱翔_周瑞祥_刘新民）_chunk_95,95,"因忆 NA 由于工业用丰、六业用盐以及出口等方面\n|全手语OA 5+\n| 二本\n 全了加 ANNCI 海上钻井平台\nan NNRNSN\n- 上 SN\n| 司下 pt |-广放证到 、 |\n| 富有 ""， 南圳 群岛 zeA | EVA | |\n区及 性和村 沾\n2 阿区 上险\n下从 六 pape 更 】 | 扒二 上上者, 攻 AR | 《 人 -清国目\n 7 DO 上本 二和四 | 1- 中， ee 下区 (人了1人 4 业可-二\n- ms\n有人\nER 家 -上三呈 UP 故共 本三3\n攻。 AAA 吕人 xx 相 ”AT 区乡:\n印信居 四2亚一一第三章 “中国的自然资源ES",293,0,unknown,text-extracted,,2.0,义务教育教科书·地理图册八年级上册（主编_朱翔_周瑞祥_刘新民）,95,2025-07-21T14:23:24.023Z,2.0,义务教育教科书·地理图册八年级上册（主编：朱翔&周瑞祥&刘新民）_c64bac48,八年级,ocr,主编:朱翔&周瑞祥&刘新民,0.5571428571428572,0.5,0.293,1,上册,/Users/LeoQin/Documents/GitHub/PDFconvertor/flattened_pdfs/义务教育教科书·地理图册八年级上册（主编：朱翔&周瑞祥&刘新民）_c64bac48.pdf,义务教育教科书·地理图册八年级上册（主编：朱翔&周瑞祥&刘新民）_c64bac48.json,地理,123,worker_4
义务教育教科书·地理图册八年级上册（主编_朱翔_周瑞祥_刘新民）_chunk_96,96,ES 4人第一节农业中国主要粮食作物分布 LN 5 机-一到\n13:25 000 000 区人AN。 让 1 业过 |\n玉生\nWe 下几 NU 过二\nAR\n丰， 0 现N IN 六押一sn ZN ZN 下区入与 四和， AAA 5\n人 mr SS 人 0 5 欧有 2 汪: 和 Rs 2 OA 忆这 0\n下一-一一 2， “|人有 SN 2 :二办-本 S 2 AZ (SEE 22 莉:> AAA 已一忆后 中光 2 下本\nISSN\n攻 2 二更9 /南京玫\nRS SR\n让 GE\nse 隐 SA， 归明- if 侦间 7记 | 六 | 1北本 AN 站 .和 CA后功全yy人训让二时 2人 -AN 9 人绚\n国辐”水稻集中产区有 CA 1 东台群岛 | 本了\n了\nou全本但全E要避\n… 小囊分散产区和 浅水和 0 Cs 新海南岛， 陋和\n级行政区域单位 5 有 CT\n耕闻宫积占全图的比和本 和二了一一 1\n-ee ES\n7 人 < 汪汪手 TREENWiDosrpounlm放Th,446,0,unknown,text-extracted,,2.0,义务教育教科书·地理图册八年级上册（主编_朱翔_周瑞祥_刘新民）,96,2025-07-21T14:23:24.023Z,2.0,义务教育教科书·地理图册八年级上册（主编：朱翔&周瑞祥&刘新民）_c64bac48,八年级,ocr,主编:朱翔&周瑞祥&刘新民,0.4969512195121951,0.5,0.446,1,上册,/Users/LeoQin/Documents/GitHub/PDFconvertor/flattened_pdfs/义务教育教科书·地理图册八年级上册（主编：朱翔&周瑞祥&刘新民）_c64bac48.pdf,义务教育教科书·地理图册八年级上册（主编：朱翔&周瑞祥&刘新民）_c64bac48.json,地理,123,worker_4
义务教育教科书·地理图册八年级上册（主编_朱翔_周瑞祥_刘新民）_chunk_97,97,级行政区域单位 5 有 CT\n耕闻宫积占全图的比和本 和二了一一 1\n-ee ES\n7 人 < 汪汪手 TREENWiDosrpounlm放Th\n:7 员 sa 15理 1 : 让水轩\nTs\n专情ess\ner\n国国 >4% 贡际 从 AN\n四琐-锯 yy . 六辐 %- 六葵-\n本澳门特别有衣信各让小拉和全 C mmew 油菜\nES 第四章中国的主要产业,178,0,unknown,text-extracted,,2.0,义务教育教科书·地理图册八年级上册（主编_朱翔_周瑞祥_刘新民）,97,2025-07-21T14:23:24.023Z,2.0,义务教育教科书·地理图册八年级上册（主编：朱翔&周瑞祥&刘新民）_c64bac48,八年级,ocr,主编:朱翔&周瑞祥&刘新民,0.5362318840579711,0.30000000000000004,0.178,1,上册,/Users/LeoQin/Documents/GitHub/PDFconvertor/flattened_pdfs/义务教育教科书·地理图册八年级上册（主编：朱翔&周瑞祥&刘新民）_c64bac48.pdf,义务教育教科书·地理图册八年级上册（主编：朱翔&周瑞祥&刘新民）_c64bac48.json,地理,123,worker_4
义务教育教科书·地理图册八年级上册（主编_朱翔_周瑞祥_刘新民）_chunk_98,98,第一节农业\伍TSEGDI\nTEA\nTS 中国主要经济作物分布忆 人如 ci 区入 硬有 广国宝本 SS NS\n末从S 2 SS， 5 人 4 于、马，、直 Se\n奖品， 四 ee\n 2 光| 和人 必放 总 em， [4 这讽人 ES SR 、 吏 2 全醒\nEAI 0 To 人届 w 强隐 由本 (人; 企州 tr- AAA\n测小下 At 全 AN\n由末了有了an辐 2 DC 本\n| 产 5 S 节” 7 2 过站 =人中 ZN 个汪 1羡关和世。 2 ” 攻多 _ 0 5\n生和评 的人 二入 rt 和 2 0 二 ash\nRU 全 SN 瑚蘑主要分布 AAA 2 4\n已一 2 2\n NURR mm。 油某主要分布区 2 二\n| 亚 & 花生主要分布区 2 南海谢总避 了一-一-一\nSS\n让 et 中国主要牧区、优良冀种和水产分布味 上册 的信,379,0,unknown,text-extracted,,2.0,义务教育教科书·地理图册八年级上册（主编_朱翔_周瑞祥_刘新民）,98,2025-07-21T14:23:24.023Z,2.0,义务教育教科书·地理图册八年级上册（主编：朱翔&周瑞祥&刘新民）_c64bac48,八年级,ocr,主编:朱翔&周瑞祥&刘新民,0.5447761194029851,0.5,0.379,1,上册,/Users/LeoQin/Documents/GitHub/PDFconvertor/flattened_pdfs/义务教育教科书·地理图册八年级上册（主编：朱翔&周瑞祥&刘新民）_c64bac48.pdf,义务教育教科书·地理图册八年级上册（主编：朱翔&周瑞祥&刘新民）_c64bac48.json,地理,123,worker_4
义务教育教科书·地理图册八年级上册（主编_朱翔_周瑞祥_刘新民）_chunk_99,99,NURR mm。 油某主要分布区 2 二\n| 亚 & 花生主要分布区 2 南海谢总避 了一-一-一\nSS\n让 et 中国主要牧区、优良冀种和水产分布味 上册 的信半生全 计 /上北旨毛半 4 1 | 谎仙站加 j 短明，。 局书导\n|\nmo il\n有过 Fr 要: 记 1\n辣史二是二这二\nER 3青和 区\隐 “内 0\n\n2 Ne ee\nSN西村收区 vv < 人的 成相间四路二江 1 大央荐6和训， 人光+ / 于 ss\n旱地人\n本 5 7\nER 荔水产品总产量超过150万咏的 ef 1\n一人全2 [省上行政区拭单位12016年) 0 ER 志过 全四大禾区 ore 本和 和\n= 《4 [记资料暂缺 x 本二二\npo -人 Er\n”四与 全 y 棉花第四章 “中国的主要产业有,343,0,unknown,text-extracted,,2.0,义务教育教科书·地理图册八年级上册（主编_朱翔_周瑞祥_刘新民）,99,2025-07-21T14:23:24.023Z,2.0,义务教育教科书·地理图册八年级上册（主编：朱翔&周瑞祥&刘新民）_c64bac48,八年级,ocr,主编:朱翔&周瑞祥&刘新民,0.6356589147286822,0.5,0.343,1,上册,/Users/LeoQin/Documents/GitHub/PDFconvertor/flattened_pdfs/义务教育教科书·地理图册八年级上册（主编：朱翔&周瑞祥&刘新民）_c64bac48.pdf,义务教育教科书·地理图册八年级上册（主编：朱翔&周瑞祥&刘新民）_c64bac48.json,地理,123,worker_4
义务教育教科书·地理图册八年级上册（主编_朱翔_周瑞祥_刘新民）_chunk_100,100,悚第-忆国主要工业\n1:28 000 可厅 岗 -面 IT 部 RE\n| ws 风本 |\n人 2 区 [ 和 < 的 CE\n有与 | 和 7 本区\nji 斋 | Ar\n1 | 晶由 了了沿| 5\n[隐、 站 | 一一人 =\n站 | 了了 忆 2 起,124,0,unknown,text-extracted,,2.0,义务教育教科书·地理图册八年级上册（主编_朱翔_周瑞祥_刘新民）,100,2025-07-21T14:23:24.023Z,2.0,义务教育教科书·地理图册八年级上册（主编：朱翔&周瑞祥&刘新民）_c64bac48,八年级,ocr,主编:朱翔&周瑞祥&刘新民,0.5063291139240507,0.30000000000000004,0.124,1,上册,/Users/LeoQin/Documents/GitHub/PDFconvertor/flattened_pdfs/义务教育教科书·地理图册八年级上册（主编：朱翔&周瑞祥&刘新民）_c64bac48.pdf,义务教育教科书·地理图册八年级上册（主编：朱翔&周瑞祥&刘新民）_c64bac48.json,地理,123,worker_4
义务教育教科书·地理图册八年级上册（主编_朱翔_周瑞祥_刘新民）_chunk_101,101,[隐、 站 | 一一人 =\n站 | 了了 忆 2 起\n-1 二痘 上 os 罗汪\n本 ~ 必必和 向本 用 LE ] -册丰 “人\nSe 二 | 世二村名\n小和 量呈 5 EN\n1 六-条重求上区 内 5 vd 由芽 广 7 en- 几二 有 RE 本水轴本\nW， 玫 ee 下和 Fe 午本 RS 人二 | es 风记 Ap 二重森畦币， 区， EN\n5 人 | 嫩 2 站 NS\nws / Se 到 | ss 关 1 只\nwe 上 - Fw 二 WA | | we 和\n[II 抽 2 ”~一二 AT 三本 四凡| ad 二机,265,0,unknown,text-extracted,,2.0,义务教育教科书·地理图册八年级上册（主编_朱翔_周瑞祥_刘新民）,101,2025-07-21T14:23:24.023Z,2.0,义务教育教科书·地理图册八年级上册（主编：朱翔&周瑞祥&刘新民）_c64bac48,八年级,ocr,主编:朱翔&周瑞祥&刘新民,0.49411764705882355,0.30000000000000004,0.265,1,上册,/Users/LeoQin/Documents/GitHub/PDFconvertor/flattened_pdfs/义务教育教科书·地理图册八年级上册（主编：朱翔&周瑞祥&刘新民）_c64bac48.pdf,义务教育教科书·地理图册八年级上册（主编：朱翔&周瑞祥&刘新民）_c64bac48.json,地理,123,worker_4
义务教育教科书·地理图册八年级上册（主编_朱翔_周瑞祥_刘新民）_chunk_102,102,"we 上 - Fw 二 WA | | we 和\n[II 抽 2 ”~一二 AT 三本 四凡| ad 二机\nAr 本和 民二 人 ,一各阳 A\nrm TAR 外大让 Rs 一必Er 和和芋特[ 口 〖 < ea 上人 TREE ov 的习 DR 站一一-一人 kk和 0 | 瑟了 1\n人 AR SA 三 men 大同 A 己人 了时\n阿/ |] 本 ER 大Bce过o 了和包电本 了四 区各和 Pr 网人 后眼咱 DT 也人 | 种症和沙再5且下二 TY 二有 下 jp 直面呈 We TY Nt 家庄基 2\n-一 [本 ,友本攻村 SN YE 国的 用， 区 | 是\nSA AAA [9 | 2 大尖\nci、 IN = 人 | 本入， SS AAS RE 了类了国有识基全渔 SC 1 本二 La 四上PR 四岛\n| RE 人 Ar 人中 以|\nRE 一 AN 和 - So， 全连去豆 抽贡",398,0,unknown,text-extracted,,2.0,义务教育教科书·地理图册八年级上册（主编_朱翔_周瑞祥_刘新民）,102,2025-07-21T14:23:24.023Z,2.0,义务教育教科书·地理图册八年级上册（主编：朱翔&周瑞祥&刘新民）_c64bac48,八年级,ocr,主编:朱翔&周瑞祥&刘新民,0.47985347985347987,0.30000000000000004,0.398,1,上册,/Users/LeoQin/Documents/GitHub/PDFconvertor/flattened_pdfs/义务教育教科书·地理图册八年级上册（主编：朱翔&周瑞祥&刘新民）_c64bac48.pdf,义务教育教科书·地理图册八年级上册（主编：朱翔&周瑞祥&刘新民）_c64bac48.json,地理,123,worker_4
义务教育教科书·地理图册八年级上册（主编_朱翔_周瑞祥_刘新民）_chunk_103,103,"ci、 IN = 人 | 本入， SS AAS RE 了类了国有识基全渔 SC 1 本二 La 四上PR 四岛\n| RE 人 Ar 人中 以|\nRE 一 AN 和 - So， 全连去豆 抽贡人 和朱酶人 | ww 海局 ee 本 E 和区的各 3\n站 TL -宣-、 涂 ai 人站 相 7\n3 人二 直 ee 2 训胃 | 已 2二源各 ee oa 2 Le AL 1 考阳 EL 十措一， 四请 二 RE\n二中了 5 DR 上 ne 飞人到检， - 国有\n2 二汪避| 一一匡se 扩产一和 Se 2 大独好 ""5\n0 Te rr sm和 1 让机 En 有 ,有时\ns 2 要二 2 DA一wx Fu从五了有 二 |\nSe | 人 《| = 人 :二 ee\n本二 IE 考区 v\n| 古一入则站全生机几 1 |。”届品” 大生 | - 色-一六]菩 4红攻素- >。 =贵了 | 和糠汪人天昌一\ 要",403,0,unknown,text-extracted,,2.0,义务教育教科书·地理图册八年级上册（主编_朱翔_周瑞祥_刘新民）,103,2025-07-21T14:23:24.023Z,2.0,义务教育教科书·地理图册八年级上册（主编：朱翔&周瑞祥&刘新民）_c64bac48,八年级,ocr,主编:朱翔&周瑞祥&刘新民,0.5018050541516246,0.5,0.403,1,上册,/Users/LeoQin/Documents/GitHub/PDFconvertor/flattened_pdfs/义务教育教科书·地理图册八年级上册（主编：朱翔&周瑞祥&刘新民）_c64bac48.pdf,义务教育教科书·地理图册八年级上册（主编：朱翔&周瑞祥&刘新民）_c64bac48.json,地理,123,worker_4
义务教育教科书·地理图册八年级上册（主编_朱翔_周瑞祥_刘新民）_chunk_104,104,本二 IE 考区 v\n| 古一入则站全生机几 1 |。”届品” 大生 | - 色-一六]菩 4红攻素- >。 =贵了 | 和糠汪人天昌一\ 要怕 “主要上交一 可上 项做塌水贵了图了 四 2 ee。 工业 Er 二|全人” 着人二水地 人和\n新建的让 一一全- 成 SN:六去二了 币州5 相机痢必册二\n工业基地 | c臣人 ” 昌相 AN 了全人| 各二全关 2\nIE 淮 0 q 子人一本 二太-村2 | 全 “全敌[站=全海工业地人 神州总 -夫北| 7\nIE 片带 ET 人wwezce TH 用 2\nME 长兰新沿线工业地带中 摘湾 上 NA 者 6南引了一 LE [国民。 中许一相 1 0 忆深二 2 下而呈| 可和和站|\n江沿岸工业地带 7 友 | 和 8 请本 本 -2 且全 史术13 月<\n| 7 二芋名有号、 -东钞玫态从 1\n中哪人人 | 2\n二 ER 村万 1 四 |],399,0,unknown,text-extracted,,2.0,义务教育教科书·地理图册八年级上册（主编_朱翔_周瑞祥_刘新民）,104,2025-07-21T14:23:24.023Z,2.0,义务教育教科书·地理图册八年级上册（主编：朱翔&周瑞祥&刘新民）_c64bac48,八年级,ocr,主编:朱翔&周瑞祥&刘新民,0.6576271186440678,0.5,0.399,1,上册,/Users/LeoQin/Documents/GitHub/PDFconvertor/flattened_pdfs/义务教育教科书·地理图册八年级上册（主编：朱翔&周瑞祥&刘新民）_c64bac48.pdf,义务教育教科书·地理图册八年级上册（主编：朱翔&周瑞祥&刘新民）_c64bac48.json,地理,123,worker_4
义务教育教科书·地理图册八年级上册（主编_朱翔_周瑞祥_刘新民）_chunk_105,105,-2 且全 史术13 月<\n| 7 二芋名有号、 -东钞玫态从 1\n中哪人人 | 2\n二 ER 村万 1 四 |]\n国汽车工业分布人 |\n蜗| 遇了 人性涪加司二， 了四 1\n和 | Ji”二富请并|\nFS ef\n县了2 事|\nar 六 3 过哈尔滨 |\n本全 BF-ea 名监， OBE 清有 入已 后了 人 TO\nVE | Te 0 时，广盎 on\n“调 1 可泛 二 2 it\n元宝且且有天 SS 4\n贡人 SR 态中\n调证AiEaa 人直 了二 国电子工业分布二 有 ae 人区\nww、 SA 区光和本，用记了了久 、 ee 二和 LN 本 -0,277,0,unknown,text-extracted,,2.0,义务教育教科书·地理图册八年级上册（主编_朱翔_周瑞祥_刘新民）,105,2025-07-21T14:23:24.023Z,2.0,义务教育教科书·地理图册八年级上册（主编：朱翔&周瑞祥&刘新民）_c64bac48,八年级,ocr,主编:朱翔&周瑞祥&刘新民,0.5656565656565656,0.30000000000000004,0.277,1,上册,/Users/LeoQin/Documents/GitHub/PDFconvertor/flattened_pdfs/义务教育教科书·地理图册八年级上册（主编：朱翔&周瑞祥&刘新民）_c64bac48.pdf,义务教育教科书·地理图册八年级上册（主编：朱翔&周瑞祥&刘新民）_c64bac48.json,地理,123,worker_4
义务教育教科书·地理图册八年级上册（主编_朱翔_周瑞祥_刘新民）_chunk_106,106,二有 ae 人区\nww、 SA 区光和本，用记了了久 、 ee 二和 LN 本 -0\n2 外 JE =合弄三 | 并 = Pr “全是四国鸭册 1\nie 和 PE 册习成 本 Enpwt -各六\n本 F天”上工 和 sw 呈全 ed “AT ~ -二傅 RS 共 1\n3 机的 3 王 Eee - 人\n0 人庆 上和 是昌， 币本二 ~ 二的 天一= 是 rw\nIE 芭人 图 JE州 - 人区\n本 ee 下对\n近生 -人站 直人 二和 -几琴瑟浊 eg 训出过户珊关 世间己基区总 | 本本 rp 注朵侠六\n4 <- 放交 本 5六 YE误,271,0,unknown,text-extracted,,2.0,义务教育教科书·地理图册八年级上册（主编_朱翔_周瑞祥_刘新民）,106,2025-07-21T14:23:24.023Z,2.0,义务教育教科书·地理图册八年级上册（主编：朱翔&周瑞祥&刘新民）_c64bac48,八年级,ocr,主编:朱翔&周瑞祥&刘新民,0.5668449197860963,0.30000000000000004,0.271,1,上册,/Users/LeoQin/Documents/GitHub/PDFconvertor/flattened_pdfs/义务教育教科书·地理图册八年级上册（主编：朱翔&周瑞祥&刘新民）_c64bac48.pdf,义务教育教科书·地理图册八年级上册（主编：朱翔&周瑞祥&刘新民）_c64bac48.json,地理,123,worker_4
义务教育教科书·地理图册八年级上册（主编_朱翔_周瑞祥_刘新民）_chunk_107,107,"近生 -人站 直人 二和 -几琴瑟浊 eg 训出过户珊关 世间己基区总 | 本本 rp 注朵侠六\n4 <- 放交 本 5六 YE误\n- We SO 了呆谢启桩 5 有二 Er 、攻三 7 [人 -\n剖 2 或 CA 必寺3\n了上 CGO | -局 KW ee 机站 es\n_ 5 和本， “和晶 二亿。 二局 和 -二风 成被已一 六“国生\n0 汪汪训 7 |\n8 1 9加天和。 3 计中\nET贡中意 “本人， 下攻 2\n一一一一 > 亲 :十呈四章中国的主要产业了 】 ,大强|\n王 ma 负重从大",251,0,unknown,text-extracted,,2.0,义务教育教科书·地理图册八年级上册（主编_朱翔_周瑞祥_刘新民）,107,2025-07-21T14:23:24.023Z,2.0,义务教育教科书·地理图册八年级上册（主编：朱翔&周瑞祥&刘新民）_c64bac48,八年级,ocr,主编:朱翔&周瑞祥&刘新民,0.6235955056179775,0.5,0.251,1,上册,/Users/LeoQin/Documents/GitHub/PDFconvertor/flattened_pdfs/义务教育教科书·地理图册八年级上册（主编：朱翔&周瑞祥&刘新民）_c64bac48.pdf,义务教育教科书·地理图册八年级上册（主编：朱翔&周瑞祥&刘新民）_c64bac48.json,地理,123,worker_4
义务教育教科书·地理图册八年级上册（主编_朱翔_周瑞祥_刘新民）_chunk_108,108,第-节工业\谷EE\n环渤海主要工业分布L ww AN\n县 FE 区 E= 7 昂十 村\nARAL 7 SS\n内巩 雹多 区 0 天22 以机制造， 朝电著称 6\nrr一一op65gRUeieeeg一人、 eeedAP NAN }\n品主要工业城市忆 7 上曙; AAS\n时。 电子电颖工业站 区二二、兴相， AAA nr、 La\n国航空航天工业隐 到 2 2 | 要\n| 改二 As 要汉 Rs\n二加。 汽车制造工业 -SS 朵4Seee “0 信二也， 因。 有色治全工业 “让一edepet warasa] eeeee 区四 二 ED 己。 so :4\n\nsseet /7 0 BR\n转化学工业而、 | N关上 达加\n27\nEee ES-CAes/ SC\n个划| /一人二[一emese 海\nPOORSw2\n下 AN 族过且\nAN人IPA\n长江中下游主要工业分布 RS TS 0\nNA 站 5 人闷，、 商活\nRN人ERA\nSS 1 | 二\nJE | SEEPREE人NENaceee\nER\n局 1 | ae 有-全 NA 汪必技术产业中必医， 人中 --， 鲁包时参从鞠淹一 Le ER\nCe入全、人、外 ) Er 39eSG\n证二PRE\n人 AT 省[从 AS\n|\n\n人本人Yo\n| 幅加冷 2 人 2 Eee 3 SA 人 ) 本本 地三\nsa 了\nalee， | DA N 过当全第西章 “中国的主要产业ES,609,0,unknown,text-extracted,,2.0,义务教育教科书·地理图册八年级上册（主编_朱翔_周瑞祥_刘新民）,108,2025-07-21T14:23:24.023Z,2.0,义务教育教科书·地理图册八年级上册（主编：朱翔&周瑞祥&刘新民）_c64bac48,八年级,ocr,主编:朱翔&周瑞祥&刘新民,0.42548596112311016,0.5,0.609,1,上册,/Users/LeoQin/Documents/GitHub/PDFconvertor/flattened_pdfs/义务教育教科书·地理图册八年级上册（主编：朱翔&周瑞祥&刘新民）_c64bac48.pdf,义务教育教科书·地理图册八年级上册（主编：朱翔&周瑞祥&刘新民）_c64bac48.json,地理,123,worker_4
义务教育教科书·地理图册八年级上册（主编_朱翔_周瑞祥_刘新民）_chunk_109,109,"El ,4人第三节文通运栓业中国主要铁路分布 \、必六区人\n1: 16 000 000 SN ) 同本和 4\nER =\nCC局由 办下 Er - 5\nWeSSRS/。太人\n< 7我国主要铁路可分为东西干有 2 线和南北干线。这些示西干线与南\nwm用、 auno Huay 北干线交叉或街接处形成主要铁到全 Shi 路杠组。东部地区铁路网稠密，西\n5 WCG、 更条协作 AS 、 Se 部地区的铁路网正在不断建设中。 多 Am\n5 Esc 星一一此【一人全-\n隐等 去 5 阿; SS 一 SS 河\nsn : | 用 ss\n吉要 AN 不当\n人人 FF 数租入办四 一\n2 外一 1 区汉SC 本油若次 fg 下\naa 2 一一 NS 4a凡 AN\n直去 吧到 国 SN。 <\n人六 AcTARNRL 人 cs EL\nRS ACTRRRE AL\n2 小 _青戎铁禾(再羡责as 和滞\n7 3\nASS",399,0,unknown,text-extracted,,2.0,义务教育教科书·地理图册八年级上册（主编_朱翔_周瑞祥_刘新民）,109,2025-07-21T14:23:24.023Z,2.0,义务教育教科书·地理图册八年级上册（主编：朱翔&周瑞祥&刘新民）_c64bac48,八年级,ocr,主编:朱翔&周瑞祥&刘新民,0.5294117647058824,0.5,0.399,1,上册,/Users/LeoQin/Documents/GitHub/PDFconvertor/flattened_pdfs/义务教育教科书·地理图册八年级上册（主编：朱翔&周瑞祥&刘新民）_c64bac48.pdf,义务教育教科书·地理图册八年级上册（主编：朱翔&周瑞祥&刘新民）_c64bac48.json,地理,123,worker_4
义务教育教科书·地理图册八年级上册（主编_朱翔_周瑞祥_刘新民）_chunk_110,110,"直去 吧到 国 SN。 <\n人六 AcTARNRL 人 cs EL\nRS ACTRRRE AL\n2 小 _青戎铁禾(再羡责as 和滞\n7 3\nASS\n鲍 ”主要铁路枢纽 Se = | 让 RE 和一-一-东西铁路干线 N， 鸭阿玉二aa AT\n一一一其他主要铁路二 俺计 9 人中国主要高速铁路人记 AN 机四 时= 人主要由点印度六 | 民生] 和一商于铁路。 攻更 后人一晤一克基六 有 E 人 ”1本人内二 2 时人 se\nKK AR\n<s 2 二 UL_ -SS\nER\nSS ""si 本\n2 AT\nmm [喧 3 As\n人\n2.上海-尼明 2,北京-香港站有而 | ” ,za 国忻 捞\n3-青岛一太原 3.北京-哈尔滨卫生的\n4-上海一成都 4.杭州-反州一过圳人 We 忆电 -1\nES 第四章中国的主要产业",360,0,unknown,text-extracted,,2.0,义务教育教科书·地理图册八年级上册（主编_朱翔_周瑞祥_刘新民）,110,2025-07-21T14:23:24.023Z,2.0,义务教育教科书·地理图册八年级上册（主编：朱翔&周瑞祥&刘新民）_c64bac48,八年级,ocr,主编:朱翔&周瑞祥&刘新民,0.5615942028985508,0.5,0.36,1,上册,/Users/LeoQin/Documents/GitHub/PDFconvertor/flattened_pdfs/义务教育教科书·地理图册八年级上册（主编：朱翔&周瑞祥&刘新民）_c64bac48.pdf,义务教育教科书·地理图册八年级上册（主编：朱翔&周瑞祥&刘新民）_c64bac48.json,地理,123,worker_4
义务教育教科书·地理图册八年级上册（主编_朱翔_周瑞祥_刘新民）_chunk_111,111,"第三节， 交通运输业, 全 TIE\n属f 本中国铁路货运量潭 CT 3 所 7、 上 1 Eee\n一=一一寺汉有 20\nAs ”局号 人本\n|\n 2 2\nS% ES | 二 1980 1985199019952000 2005 2010 2016{年}\n| “和畏上 we\n人和 人六 Re\nom全间去\nFE apm NASS 中国铁路客运量\n1 SA 人 TEN- 、 洒人 2 3\nJR\nEGR\nvempsjksw。 人 CE\n7 人锥六 0 1980198519801995200020052010 201人车】\n1 KK 和\nTe\n人二 2 二过 各办 启下 站: 庄;\n FREE 5\nNA 2\n间肝TO\nON 二相\n6 ay 0 引| CA\n 和 5多入 区 AS 人ss 区这 ,二本 1 阿学 |\n下人So 吹民和 必| 姜并Re:\nLA |\n有号 站记、7\nis NA 了全入 、(请全 7 卫 2 区二 、\nCA an人人 em， 7 南Ja 2\ned让国人人\n南沪AZ RU 商检Re东 |坟前 避| ”二和和\nAT\n上 |\n将并 本 = 5 | 人RCH 本\nCR\nGd 人一\n第四章 “中国的主要产业ES",515,0,unknown,text-extracted,,2.0,义务教育教科书·地理图册八年级上册（主编_朱翔_周瑞祥_刘新民）,111,2025-07-21T14:23:24.023Z,2.0,义务教育教科书·地理图册八年级上册（主编：朱翔&周瑞祥&刘新民）_c64bac48,八年级,ocr,主编:朱翔&周瑞祥&刘新民,0.3776595744680851,0.5,0.515,1,上册,/Users/LeoQin/Documents/GitHub/PDFconvertor/flattened_pdfs/义务教育教科书·地理图册八年级上册（主编：朱翔&周瑞祥&刘新民）_c64bac48.pdf,义务教育教科书·地理图册八年级上册（主编：朱翔&周瑞祥&刘新民）_c64bac48.json,地理,123,worker_4
义务教育教科书·地理图册八年级上册（主编_朱翔_周瑞祥_刘新民）_chunk_112,112,"il ,4人第三节文通运输业\n1:18 000 000 2\n帮多所 FS\nsa\nLA一\nNE N、 7碟 SS 3\n 和和 AT SR全\naeSSe 人民 RS\nSS\n<ASN 人SENSE\nSN EN 间\nSR\nCREATE\nSN\nNA\n_ 机\nER\n| AGREE Ne\nAs\n_- No\n 7的虽史 拉海 5\n一入5 ”有人伤村禁区铁路过份站 IE公路头法站有下92 73\n福 1大、连续性双、。 REEEEEESIESSEEEESE 3 性强、通达古oh， 区 “|八攻本一霹 80-50f直、 和人全全NS tt 攻SSy， - < PR 受天气影响小、 多本 全速60一120十 -3\noo LN 四\nES 第四章中国的主要产业",320,0,unknown,text-extracted,,2.0,义务教育教科书·地理图册八年级上册（主编_朱翔_周瑞祥_刘新民）,112,2025-07-21T14:23:24.023Z,2.0,义务教育教科书·地理图册八年级上册（主编：朱翔&周瑞祥&刘新民）_c64bac48,八年级,ocr,主编:朱翔&周瑞祥&刘新民,0.37349397590361444,0.7999999999999999,0.32,1,上册,/Users/LeoQin/Documents/GitHub/PDFconvertor/flattened_pdfs/义务教育教科书·地理图册八年级上册（主编：朱翔&周瑞祥&刘新民）_c64bac48.pdf,义务教育教科书·地理图册八年级上册（主编：朱翔&周瑞祥&刘新民）_c64bac48.json,地理,123,worker_4
义务教育教科书·地理图册八年级上册（主编_朱翔_周瑞祥_刘新民）_chunk_113,113,二 “\n第三节 “交通运输业\ 4全 TIE\n这 RE 仙中国内河航线及主要港口分布了 半 -\n区 “芭屋二万吨船舶的通航河自 2\n1 本 = 其他通航河段二\n多唱，主要港口 RS\n1上 [机吕彰\n1 》 ” 上是\n一下1 “ 3\n一REF 天 1 席寻天\nAAA 几|\n动眉|] 人 | fw ae 5\n有OO庆2 一 Vol\n代”” we | 人MWL kr ANNA |\n和 ML _ AN 人加 本 |\nAN | EPE，。 1让全 RE xc， 办\nNE 人直 | 四 lp一 WE\nFF 7二全全 党轿 1 7 Aror 肌志、NR 入-人eps商 / CE 到\nRATANOs 8 ”we 和一锅宁总畦已森克| | 池 TPR 机和 个_ 一人二生机但志全| 宝江 喇/ LS c,347,0,unknown,text-extracted,,2.0,义务教育教科书·地理图册八年级上册（主编_朱翔_周瑞祥_刘新民）,113,2025-07-21T14:23:24.024Z,2.0,义务教育教科书·地理图册八年级上册（主编：朱翔&周瑞祥&刘新民）_c64bac48,八年级,ocr,主编:朱翔&周瑞祥&刘新民,0.48412698412698413,0.5,0.347,1,上册,/Users/LeoQin/Documents/GitHub/PDFconvertor/flattened_pdfs/义务教育教科书·地理图册八年级上册（主编：朱翔&周瑞祥&刘新民）_c64bac48.pdf,义务教育教科书·地理图册八年级上册（主编：朱翔&周瑞祥&刘新民）_c64bac48.json,地理,123,worker_4
义务教育教科书·地理图册八年级上册（主编_朱翔_周瑞祥_刘新民）_chunk_114,114,志、NR 入-人eps商 / CE 到\nRATANOs 8 ”we 和一锅宁总畦已森克| | 池 TPR 机和 个_ 一人二生机但志全| 宝江 喇/ LS c\nSN 人必计 7\n克什真明训AN Ji ER | 这生W | 《 649 下BE 冯\nNA SEOUL。 忆/ 1 力克 :\nAR 一和本人全一5 让天顺和潮 中由\nPVA 和上EN人ON 居上 AT 4 AAA\n六杠ee 统六吕 可\n1 有家Ra 此人 人上 尖往 5 WwWS- 0 Ra 远 [ 动潮\n7 Vs 人 FE 总 | SEE 和\n: | Y训则证汪 ~ : 0 名二 3 了\nSEA |和动手= | 二二 -全 nm 南让让SGE\n宣明法人一 -者， hu 1 到鸣e 区\nre - | ; 国人.> 机攻\nce |生生海 3 (加办 8 号展为询冯、\n机庄 1] rs | 和村 机 1 司 | ar “ 国卫RE 下,399,0,unknown,text-extracted,,2.0,义务教育教科书·地理图册八年级上册（主编_朱翔_周瑞祥_刘新民）,114,2025-07-21T14:23:24.024Z,2.0,义务教育教科书·地理图册八年级上册（主编：朱翔&周瑞祥&刘新民）_c64bac48,八年级,ocr,主编:朱翔&周瑞祥&刘新民,0.46099290780141844,0.5,0.399,1,上册,/Users/LeoQin/Documents/GitHub/PDFconvertor/flattened_pdfs/义务教育教科书·地理图册八年级上册（主编：朱翔&周瑞祥&刘新民）_c64bac48.pdf,义务教育教科书·地理图册八年级上册（主编：朱翔&周瑞祥&刘新民）_c64bac48.json,地理,123,worker_4
义务教育教科书·地理图册八年级上册（主编_朱翔_周瑞祥_刘新民）_chunk_115,115,re - | ; 国人.> 机攻\nce |生生海 3 (加办 8 号展为询冯、\n机庄 1] rs | 和村 机 1 司 | ar “ 国卫RE 下的 扩 [一一全划成本 | 后 | pn\n站|宁党7 下站 辣向 本有 人而 本六 7 全二和这二呈喇人\n| PE 人| ET 计 1 Ce 本 1 机\nUV网下YY 有 1 中人 NAN 到\nAP人> 尖站 国人昌、 1 竺\nEEC外 CS ASNO和外)贡K Sa\n人有 >， 和人 间名 Cap 天王全汪丰\nRn NE Eee 人 = - 稚全NSRA 二才， |\nYE TcARRRSS\n一全更R 区其人有四 IE 大二ee | 1 霹，| 区| |中国主要海港和沿海航线分布|\n趟从一-< 5 A括由荆- 二 |\nNYSE。。 主要海江页\n0 : 二局\nBR 及| 广州主要对外放手扯4到克入 1,376,0,unknown,text-extracted,,2.0,义务教育教科书·地理图册八年级上册（主编_朱翔_周瑞祥_刘新民）,115,2025-07-21T14:23:24.024Z,2.0,义务教育教科书·地理图册八年级上册（主编：朱翔&周瑞祥&刘新民）_c64bac48,八年级,ocr,主编:朱翔&周瑞祥&刘新民,0.5201465201465202,0.5,0.376,1,上册,/Users/LeoQin/Documents/GitHub/PDFconvertor/flattened_pdfs/义务教育教科书·地理图册八年级上册（主编：朱翔&周瑞祥&刘新民）_c64bac48.pdf,义务教育教科书·地理图册八年级上册（主编：朱翔&周瑞祥&刘新民）_c64bac48.json,地理,123,worker_4
义务教育教科书·地理图册八年级上册（主编_朱翔_周瑞祥_刘新民）_chunk_116,116,NYSE。。 主要海江页\n0 : 二局\nBR 及| 广州主要对外放手扯4到克入 1\nas 贸易港口呈 2于二兴二站 /7 人只 光\n/市让AT个 7 cs 7生病 XIL\nwa 和沿海航线 |北京玉 c 人莉XI大\nQT TAU 2 |一一远#六二 [2 大林全= 人本贡上 NOP SEE ER 7了7汪博除起洒机 站出 医忒于人主 FF本帮 1 7\n 人 RE二1有 5 1 1 入芭 二芝人让人 全 =台北了二旧 人汉 到了 IN 人\n4 让全 广) 全过一学 SNA 3\n人人尖/ -AN和Ni一呈天各111 1 T ] 人 2 N 2\n山米达人 西沙嫩忆 _南通人 2\n攻矿 NE 内叶[一/ 阁闹禹人更也。 2 ->\n类二 一-天>e册夫- 1六 9 汉 R TREEIT 了方7 中已 二并\n< 可/ 习了 2\nCe 认A|。 游生疏站请人入六证攻人ANANSS,388,0,unknown,text-extracted,,2.0,义务教育教科书·地理图册八年级上册（主编_朱翔_周瑞祥_刘新民）,116,2025-07-21T14:23:24.024Z,2.0,义务教育教科书·地理图册八年级上册（主编：朱翔&周瑞祥&刘新民）_c64bac48,八年级,ocr,主编:朱翔&周瑞祥&刘新民,0.565068493150685,0.7999999999999999,0.388,1,上册,/Users/LeoQin/Documents/GitHub/PDFconvertor/flattened_pdfs/义务教育教科书·地理图册八年级上册（主编：朱翔&周瑞祥&刘新民）_c64bac48.pdf,义务教育教科书·地理图册八年级上册（主编：朱翔&周瑞祥&刘新民）_c64bac48.json,地理,123,worker_4
义务教育教科书·地理图册八年级上册（主编_朱翔_周瑞祥_刘新民）_chunk_117,117,"类二 一-天>e册夫- 1六 9 汉 R TREEIT 了方7 中已 二并\n< 可/ 习了 2\nCe 认A|。 游生疏站请人入六证攻人ANANSS\nNG ! | 四妈\nNE看入 尽站区 TAN 有 1 7 区 Te ,东沙群岛克 长 AH 了二州9 1 本 7\nNS\n二 3 3 人2机人0\n人攻 IN\n和过 0\n骨有 放全| 卉渐) 章+ 昌杯， 他5天所党和 人 7A | 区 NN\n和 wa |南海诸访| | 二人四过 匠人 AN Ne人a环打 Ap JE\n水路运输量航空速度有屿拓千| 二2全一沁 “着 、 fSE， 呈~ - ea入兰已 应7 SA\n大、运价代、。EEs = 最以( 时壕 E 机二 人革- 志 ee TD 加二网 2 岂投资少、述度 Eee 400一1000十 83/ 帮 5 二轨人 2一广\ 吕 /必 _ 渐",370,0,unknown,text-extracted,,2.0,义务教育教科书·地理图册八年级上册（主编_朱翔_周瑞祥_刘新民）,117,2025-07-21T14:23:24.024Z,2.0,义务教育教科书·地理图册八年级上册（主编：朱翔&周瑞祥&刘新民）_c64bac48,八年级,ocr,主编:朱翔&周瑞祥&刘新民,0.5239852398523985,0.5,0.37,1,上册,/Users/LeoQin/Documents/GitHub/PDFconvertor/flattened_pdfs/义务教育教科书·地理图册八年级上册（主编：朱翔&周瑞祥&刘新民）_c64bac48.pdf,义务教育教科书·地理图册八年级上册（主编：朱翔&周瑞祥&刘新民）_c64bac48.json,地理,123,worker_4
义务教育教科书·地理图册八年级上册（主编_朱翔_周瑞祥_刘新民）_chunk_118,118,"革- 志 ee TD 加二网 2 岂投资少、述度 Eee 400一1000十 83/ 帮 5 二轨人 2一广\ 吕 /必 _ 渐较慢(时速30十 SEE 米 )，运量 0 之二 人畏| yy 和:关币, 三这全IE NA\n三二六于 国区二 章”中国的主要产业了第四章 ”中国的主要产业",142,0,unknown,text-extracted,,2.0,义务教育教科书·地理图册八年级上册（主编_朱翔_周瑞祥_刘新民）,118,2025-07-21T14:23:24.024Z,2.0,义务教育教科书·地理图册八年级上册（主编：朱翔&周瑞祥&刘新民）_c64bac48,八年级,ocr,主编:朱翔&周瑞祥&刘新民,0.5945945945945946,0.30000000000000004,0.142,1,上册,/Users/LeoQin/Documents/GitHub/PDFconvertor/flattened_pdfs/义务教育教科书·地理图册八年级上册（主编：朱翔&周瑞祥&刘新民）_c64bac48.pdf,义务教育教科书·地理图册八年级上册（主编：朱翔&周瑞祥&刘新民）_c64bac48.json,地理,123,worker_4
义务教育教科书·地理图册八年级上册（主编_朱翔_周瑞祥_刘新民）_chunk_119,119,SET 4 第三节 ”交通运输业\n TI Ti\n32 000 |\n和\n2全一区\nAT\nSS TS\n~ SS一\nTS 2 了季晴\n\n全 1 <人\n AS\n<\nTEA -真人\nTS产生\nCR和\n、 SN\n2 Re SA\n上， AR RAR “一\nSOC\nAS和\n1本 【美和< -LU， ne | 失 3 人让区一\n|\nES 区三党\nSS 第坦中国的主要产下,177,0,unknown,text-extracted,,2.0,义务教育教科书·地理图册八年级上册（主编_朱翔_周瑞祥_刘新民）,119,2025-07-21T14:23:24.024Z,2.0,义务教育教科书·地理图册八年级上册（主编：朱翔&周瑞祥&刘新民）_c64bac48,八年级,ocr,主编:朱翔&周瑞祥&刘新民,0.37398373983739835,0.6,0.177,1,上册,/Users/LeoQin/Documents/GitHub/PDFconvertor/flattened_pdfs/义务教育教科书·地理图册八年级上册（主编：朱翔&周瑞祥&刘新民）_c64bac48.pdf,义务教育教科书·地理图册八年级上册（主编：朱翔&周瑞祥&刘新民）_c64bac48.json,地理,123,worker_4
义务教育教科书·地理图册八年级上册（主编_朱翔_周瑞祥_刘新民）_chunk_120,120,"第三节， 交通运输业, 全 JE\n中国主要国内航空线分布| 抽 NS 各可人\n1:32 000 000 人人 NA。 国让 1 RS\n区 FA和全了 一心 ME\n人 Ar 下 Et 和明\n人 NM\n0 Cs > 本民情本党特，刘隐 下一\n二| NS CA 风 |\n EE | ~- Te 0 站 [一匡\n和 |，一估 SRS 2 SU\n忆晴 7于小 DDN 汪省| 4\nRSSSRER\n.太一一 、| RS 避人AAA\n作， 外 HA/ ON 0 天 | =时州 ER 本\n| 放 SA NI 六| aa\n下一 人 AR 人 7 | 多中 人 ee\n= SS CR 二 PR SA T 了\nW 二 0 志 7XLA 以SN/ 址及半生二人\n人网 [AAA 放二人从乓明了\nTe 让0\nss 慰女 Er一 NI 汪 1 过二|\n~ 扩EN 2\n2 骨 id 2 : 一 | 于沙 航空江大| iT |且少入门 |\nit\n一主要航空和 下中国主要国际航空线和远洋航线分布\nSEE 世并 ER\n二月人 RE SN码一 [三 RAR 人 SS\n-CU 万一SR\n天 2 2 Ap-一黎SS NA直入所”\nMe AR让 Ra\nZL一， Re |全:短全和 -SN 仁和my\nSS\n西必本 业77 用，全、 0 六 oo SS全人/ NU RS -YAS、西\nSo AR人个下",582,0,unknown,text-extracted,,2.0,义务教育教科书·地理图册八年级上册（主编_朱翔_周瑞祥_刘新民）,120,2025-07-21T14:23:24.024Z,2.0,义务教育教科书·地理图册八年级上册（主编：朱翔&周瑞祥&刘新民）_c64bac48,八年级,ocr,主编:朱翔&周瑞祥&刘新民,0.4433734939759036,0.5,0.582,1,上册,/Users/LeoQin/Documents/GitHub/PDFconvertor/flattened_pdfs/义务教育教科书·地理图册八年级上册（主编：朱翔&周瑞祥&刘新民）_c64bac48.pdf,义务教育教科书·地理图册八年级上册（主编：朱翔&周瑞祥&刘新民）_c64bac48.json,地理,123,worker_4
义务教育教科书·地理图册八年级上册（主编_朱翔_周瑞祥_刘新民）_chunk_121,121,二月人 RE SN码一 [三 RAR 人 SS\n-CU 万一SR\n天 2 2 Ap-一黎SS NA直入所”\nMe AR让 Ra\nZL一， Re |全:短全和 -SN 仁和my\nSS\n西必本 业77 用，全、 0 六 oo SS全人/ NU RS -YAS、西\nSo AR人个下\nAN ss TO 志。， 四: 锯外 蜂注 区莉| s ) SR 有己 7 1\n司攻:1绷 E 力入 二 1/ 和一 一A ) 本7\n注本 加只 1 垩尔3 co we 相 Y 玉天 世o- 庆篆 看衣姑世利嵌人_/ 2人 SS 斤冶\n本 -AAAEE\n一一一主要国际航空线一一一一主要远详航线第四章” 中国的主要产业ES,300,0,unknown,text-extracted,,2.0,义务教育教科书·地理图册八年级上册（主编_朱翔_周瑞祥_刘新民）,121,2025-07-21T14:23:24.024Z,2.0,义务教育教科书·地理图册八年级上册（主编：朱翔&周瑞祥&刘新民）_c64bac48,八年级,ocr,主编:朱翔&周瑞祥&刘新民,0.48660714285714285,0.7999999999999999,0.3,1,上册,/Users/LeoQin/Documents/GitHub/PDFconvertor/flattened_pdfs/义务教育教科书·地理图册八年级上册（主编：朱翔&周瑞祥&刘新民）_c64bac48.pdf,义务教育教科书·地理图册八年级上册（主编：朱翔&周瑞祥&刘新民）_c64bac48.json,地理,123,worker_4
义务教育教科书·地理图册八年级上册（主编_朱翔_周瑞祥_刘新民）_chunk_122,122,业务\n\n教育\n\n教科\n\n书二一二二 地一前他现 多册\n\n八年\n\n级下\n\n册\n\nTREET\n全 ]\n败喇县， 图景色印而产品呈 787547 112311 > 出 ; 5.3]元版\n\n社,92,0,unknown,text-extracted,,2.0,义务教育教科书·地理图册八年级上册（主编_朱翔_周瑞祥_刘新民）,122,2025-07-21T14:23:24.024Z,2.0,义务教育教科书·地理图册八年级上册（主编：朱翔&周瑞祥&刘新民）_c64bac48,八年级,ocr,主编:朱翔&周瑞祥&刘新民,0.609375,0.30000000000000004,0.092,1,上册,/Users/LeoQin/Documents/GitHub/PDFconvertor/flattened_pdfs/义务教育教科书·地理图册八年级上册（主编：朱翔&周瑞祥&刘新民）_c64bac48.pdf,义务教育教科书·地理图册八年级上册（主编：朱翔&周瑞祥&刘新民）_c64bac48.json,地理,123,worker_4
