Chunk_ID,Chunk_Index,Content,Content_Length,Quality_Score,Reliability,Source_Type,Original_Content,Enhancement_Version,book_name,chunk_index,enhancementTimestamp,enhancementVersion,filename,grade,processing_method,publisher,qualityMetrics_chineseCharRatio,qualityMetrics_coherenceScore,qualityMetrics_lengthScore,qualityMetrics_ocrConfidence,semester,source,source_file,subject,total_chunks
义务教育教科书_·_数学二年级上册_chunk_0,0,"和和\n让\n2022\n多\nAW\n: qH\n\n到 ZNA/\n痪 |\n有 Wi\nEl |LE\n1IN\n|\n|\n现二 |\n| |\n一一 |\n有 AI\nAAS\n中 Se 1 ) B\n) | 局全 NS\n加人 仆\nTAR 从 FEE|]\n用本 Ttx:\n(出有 oh /\n| 下 | 由 Sa\nWU 二到\nARpRL ZA 55 <Ba 多 -h A\nWEI AP\nANIE 6—>\nFI\N al a\n二年 级人 民教 育出 版社 课程教材研究所\n小学 数学教材编 委会\n力 3 »\nAAT hrsi 2\n.北京 : 绘图: 中央 美术 学院 小学 数学教材插图绘制团队责任编辑 : 刘丽\n美术编辑 : HiEE 王苗\n义务教育教科书 ”数学二 年级 上册\n人民 教育 出版 社 ”课程教材研究所\n小学 数学教材编 委会\n出版 AALdxmzt\n(北京市 海淀区 中关 村南大街 17 号院 1 号楼 邮编: 100081)\n网址 http:/www.pep-com.cn\n重印 xxx 出版 社发 行 xxx 新华 书店印 刷 xxx 印刷三\n版次 2022 年 8 月第 2 版印 “次年 月第 次印刷开 本 ”787 毫米 x 1092 毫米 ”1/16\n印张 7\n字数 140 千字\n印 “ 数册\n书号 JISBN 978-7-107-36923-0\n 元\n版权 所有 “ 未经 许可不 得采用任何方式擅自复制或 使用 本产品任何部 分 "" 违者 必究\n如发 现印 、 装质量问题， 影响 阅读， 请与 本社 联系。 电话 : 400-810-5788",675,0,unknown,text-extracted,,2.0,义务教育教科书_·_数学二年级上册,0,2025-07-21T14:23:05.986Z,2.0,义务教育教科书 · 数学二年级上册,二年级,ocr,unknown,0.514344262295082,0.5,0.675,1,上册,/Users/LeoQin/Documents/GitHub/PDFconvertor/training_data/小学/数学/人教版/义务教育教科书 · 数学二年级上册.pdf,义务教育教科书_·_数学二年级上册.json,数学,52
义务教育教科书_·_数学二年级上册_chunk_1,1,Ce 站 RN\nREME\n亲爱的 同学 :\n新学 期开始了， 你还 记得聪 聪吗 ? 它会 继续与 你一 起探索数学世界。 这个 学期， 你将 继续学 习加 法， 并在 加法 的基础上\n学习 一种 新的 运算一 一乘法， 你还 将学 习长 度单位 、 观察\n物体 ……. 全人\nma\nAh 区\n(人 2\nfi ; y a\n1 A\n\n\n有 A\n让我 们一 起进入神奇的 数学世界吧 !\n编者\n2022 年 7 月 Ra- 未\n@ 长度 单位 :|\n回 lootummmiL |， 和减法 (二 ) )\n© 角的 初步认识 as |\n4 表内 乘法 (一 ) 4 )\n回。 允这 物体 (一 ) 6 | 0O。 关内乘法 (二 ) 72\n所量 一量， 比一 比二\n名认识 Hj 间 o0\n\n© 将学 六一 # 呈 (-) o\n@@ 总复习 to | ”ww\n(1) 长度 单位\n(1] 很久 以前， 人们 用 1 广 (tuo)、1 托 (zha) 等作\n为测量长 度的 单位。 朗一 >\n[0\n0 SrcasseFca\n用指 作单位量 一量 课棵 的长。 Ca P S\n“AT\n多 2\nLe 六” 国\n| | E |\n量的 都是 课桌 的长， 为什么量 的结果不 一样 呢 ? 因为他 们的 “ 托 ” 不一 样长。 为了 便于交流， 需要 使用 统一的\n长度 单位。 2,585,0,unknown,text-extracted,,2.0,义务教育教科书_·_数学二年级上册,1,2025-07-21T14:23:05.986Z,2.0,义务教育教科书 · 数学二年级上册,二年级,ocr,unknown,0.6015037593984962,0.5,0.585,0.95,上册,/Users/LeoQin/Documents/GitHub/PDFconvertor/training_data/小学/数学/人教版/义务教育教科书 · 数学二年级上册.pdf,义务教育教科书_·_数学二年级上册.json,数学,52
义务教育教科书_·_数学二年级上册_chunk_2,2,"(2] 尺子是 测量长 度的 工具， 尺子 上的 “厘米 ”就是 一个 统一的 长度 单位。 厘米 可以 用 “cm” 表示。 这是 1 厘米， 像这 样比 画 ®)\n: 一下 1 厘米的 长度。 5\n时 AR\n哪些物体的 长度 大约 是二 厘米 ?\n食指宽 便利贴 宽大 约 1 厘米大 约 1 厘米量 比较短 的物体， 可以 用厘米作 单位。 (3] 量一 量下 面纸 条的 长度。 ( )EX\n下把 尺子的 刻度 0 对准 纸条 的左 端， mm)\n再看 纸条 的右 端对 着刻度几。。 广 ->\n3 矿做 一做\n看一 看 , 铅笔长 人 ) 厘米。 本有\n下一、\n& F, ”和\nsae 4 [?7 & |\nJ- 内量 比较长 的物体 ,通常用 "" 米 ” 作单位。 米可 以用 “m”\n表示。 去拿 一把 米尺， 看看 2 人和\n1 米有 多长。 AP 98)\n区 |\n(5] 在米 尺上 看看 1 米里 面有 多少 个 1 厘米。 俏做 一做\n拿一 根绳子， 量出 1 米 、2 米 …… 给大 家看。 4 16」 拉紧 的一 段线， 可以 看作 一条 线段。 黑板的 边 、 桌子 的边 、 书的 边都 可以 看作 线段。 国生 | 的还 有哪些东西的 边可 以看 作线段 ?\n下面 这些 都是 线段。 一一 一一 一线段是 直的， 可以 量出 长度。 用尺子量 出上 面三 条线段的 长度。 有\n@@ 指出下 面哪些是 线段。 人 @ 把每 两个 点用 线段连接起 来， 一共 画出 了几 条线段 ? 你能\n看出 是什么图 形吗 ?",674,0,unknown,text-extracted,,2.0,义务教育教科书_·_数学二年级上册,2,2025-07-21T14:23:05.986Z,2.0,义务教育教科书 · 数学二年级上册,二年级,ocr,unknown,0.7473002159827213,0.5,0.674,1,上册,/Users/LeoQin/Documents/GitHub/PDFconvertor/training_data/小学/数学/人教版/义务教育教科书 · 数学二年级上册.pdf,义务教育教科书_·_数学二年级上册.json,数学,52
义务教育教科书_·_数学二年级上册_chunk_3,3,(7) 画一 条 3 厘米长 的线段。 从刻度 0 的位 置开 始， 画起， 画到 3 厘米的\nYA 一 E\nLTTT |\n人加\n帮做 一做\n人 @@ 可出 一条 和下 面线段同样长 的线段。 人 @ 在距离六 3 砷米 处画 一采 辐，5 夺米 处画 一哥 中\n10 厘米处 盏一 个二.\n4 NM\n@ 你知道吗 ?\n下面 是一 些测量长 度的 工具。 sa 0\n软尺 N Ad\n£R AH A\n四 、… po 外皮 尺鄙人测量轮 ”会吕\n6 (8] 一根 雇村 的高 度是 13 厘米还 是 13 米 ?\n解决什么问题 ?\n要判断旗杆高 13 厘米还 是 13 米。 人性 朋一 13 厘米差不多\nTERELE) ©CD 全 1 并其， 验村\n击人 不可 能这 么绑。 A|\n| .5\n局 CT\n我高 1 米多，10 个我\n的身高加 起来 差不多和 旗杆一 样高。 旗杆 ”\n应该 是 13 米高。 解答合理吗 ? _ 号人\n一支 新铅笔都 不止 13 厘米长， ~\n旗杆的 高度 应该 是 13 米。 — #\n\ 'S\nA SRY2Y =\n在 ( ) 里填 上 “厘米 ” 或 “ 米 ” 4\n(1) 课桌 长 60( )。 (2 ) 麻管 的足 印长 3 )。 (3 ) 篮球场 长 28( )o\n说说 你是 怎样确定 ( ) 里的 长度 单位 的。 7,581,0,unknown,text-extracted,,2.0,义务教育教科书_·_数学二年级上册,3,2025-07-21T14:23:05.986Z,2.0,义务教育教科书 · 数学二年级上册,二年级,ocr,unknown,0.6227848101265823,0.5,0.581,1,上册,/Users/LeoQin/Documents/GitHub/PDFconvertor/training_data/小学/数学/人教版/义务教育教科书 · 数学二年级上册.pdf,义务教育教科书_·_数学二年级上册.json,数学,52
义务教育教科书_·_数学二年级上册_chunk_4,4,"4 练习一 |\nO 估计下 图中 的实物各 有几 厘米 长， 再量 一量。 CS 一 —_—\n1 厘米估计 : (， ) 厘米估计 : (， ) 厘米测量 (， ) 厘米测量 : (， ) 厘米鸯\n人 @@ 照样子 量一 量， 填一 填。 从\nSNY\nA | SS\ny MA\n区 r— 区手掌宽 约 13EKY 1 步长 约\n(， ) 厘米 ( )EE (， ) 厘米\n® 量一 量 9》 填一 填。 (1) 大约 (， ) 支铝 笔连 起来 长 1 米。 (2) 大约 ( ) 根筷子连 起来 长 1 米。 人 @@ 选择合适的 答案， 在 |] 里画 “v”。 比 1 米长 | ]， 比 1 米高 |] 比 1 米长 下]\n比 1 米短 | |] 比 1 米矮 | | 比 1 米短 | |\n8 O 四样子量 一量， 填一 填。 Si\n(\n已机\n& 4 |\n. 2 (N\n六 4 B\n约 ( ) 米 ( ) 米 ( ) 厘米\n@ 先估计， 再用 尺子量。， —\nr 、 、 当站\nBEANG, ® x 和\n\n( )EX ( )EXR 本 ( )EX\n量长 方形和 正方形， 你发 现了 什么 ?\n人看 看哪 条线段长， 再量 一量。 中 @\n\n人 @@ 下面 的长 度单位对 吗 ? 把不 对的 改正在 () 里。 (1) 数学书 长 26 米。 )\n(2) 灯管 长 50 厘米。 )\n(3) 房间高 3 厘米。 )\n(4) 字典厚 6 米。 )\n(5) 大树 高 8 米。 )\n(6) 教室长 10 厘米。 )",660,0,unknown,text-extracted,,2.0,义务教育教科书_·_数学二年级上册,4,2025-07-21T14:23:05.986Z,2.0,义务教育教科书 · 数学二年级上册,二年级,ocr,unknown,0.5198135198135199,0.5,0.66,1,上册,/Users/LeoQin/Documents/GitHub/PDFconvertor/training_data/小学/数学/人教版/义务教育教科书 · 数学二年级上册.pdf,义务教育教科书_·_数学二年级上册.json,数学,52
义务教育教科书_·_数学二年级上册_chunk_5,5,人 @@ 下面 的长 度单位对 吗 ? 把不 对的 改正在 () 里。 (1) 数学书 长 26 米。 )\n(2) 灯管 长 50 厘米。 )\n(3) 房间高 3 厘米。 )\n(4) 字典厚 6 米。 )\n(5) 大树 高 8 米。 )\n(6) 教室长 10 厘米。 )\n\n9 @ 图出 合适的 答案。 fre 1\n比 10 厘米比 1 米比 1 米长 短 | 帘党 | 长得\n比 10 厘米比 1 米比 1 米测量长 短 | 帘党 | 长得\n© 哪个测量的 结果对 ? 在 ( ) 里画 “”。 To\n长 5 厘米长 4 厘米大 约 5 厘米长\n( ) ( ) ( )\n图量 一量， 乌龟 要爬 ( ) 厘米才能吃 到小 香。 “一请 你提出一 个数学问题并 解答。 Ia 我知道 1 厘米和\n知道为 什么需 尖到 底在 多长\n本单元结束了， ES 1 米到 底有 多长 了。 你想 说些 什么 ?\n成长 小档案\n\nEQ\no 大\n10 \ 时忆 100 以内 的加 法和 减法 (二 )\n\n是全 党 = I\n一本\n于站 站本 极 ”\nEee Ti 加和 攻 : 一全 二\nNA 二 5 岂 - Inli h [本一 汪汪\nse Eeezo : Eee\n二和 县是 放 | AAAa\nESIMORSA ye |\nay 六 4 AAA\n畴 9 人本 df 全设\n和隐 和人\n区四 轴蚂\n5 J 人区 H=\n/ 7 =\n|\n/ 人\n\n11 上不 进位加 )\na 二 (1) $ SE\n] 一共有多 少人 ?\n35+2=\n网 rofssrr\n十个 十个 h\n4 人秒 35 _35 _ 35\n这这 23 这好 / | + 2 + 2 十 2\n个位 与个 位要 对齐。 乡做 一做\n@@ 32+6= 24+3= 5+43=\n3 2 ( ) 5\n+ ( ) + ( ) +( )\n( ) ( ) ( )\n想 : 怎样对 位 ?\n?和\n21 元 3 元 4 元 33 元\n~ 一一 ~— —\n? 元 ? 元\n2 1 4\n+ 3 + 人 )\n12,866,0,unknown,text-extracted,,2.0,义务教育教科书_·_数学二年级上册,5,2025-07-21T14:23:05.986Z,2.0,义务教育教科书 · 数学二年级上册,二年级,ocr,unknown,0.5044722719141324,0.5,0.866,1,上册,/Users/LeoQin/Documents/GitHub/PDFconvertor/training_data/小学/数学/人教版/义务教育教科书 · 数学二年级上册.pdf,义务教育教科书_·_数学二年级上册.json,数学,52
义务教育教科书_·_数学二年级上册_chunk_6,6,"(2] 二 (1) 班和 二 (2) 班一 共有多 少名 学生 ?\n35 人 32 人\n35+32=\n十个 十个\n人 hpM :ss :ss 3:\nbphL] :2 :2 322\n| 国 6 7\n相同数位要 对齐。 上面 的紧 式， 是从 哪位 加起 的 ? 你是 怎样算 的 ?\n做人\nO 摆一 摆， 算一 算。 v . ;\ngp & 9 十 ( )\n\n办 C)\n\n@ 24+61= 53+22= 37+40=\n\n2 4 ( ) ( )\n\n+ ( ) + 22 + ( )\n\n( ) ( ) ( )\n\n13 上进位加 )\n(3] 二 (1) 班和 二 (3) 班一 共有多 少名 学生 ?\n1 35 人 1 — h\n35+37=\n人 5 3 5\n& 鳃 & 区 / | +317 一二 31 7\nhhAHM 一了\n#~- 个位 上 5 加 7 得 12，。 向十 位进 1， 个位 写 2。， 个位 相加 满十， 向十 位进 1。 依做 一做\n56+37= 46+24= 29+5=\n5 6 4 6 0\n+37 +24 +(\n( ) 0 0\n想 : 个位 上 6 加 7 得 : 想 : 个位 上 6 加 4 得 |\n( “)， 该怎样号” (), HEHEF?\n本\n18 ,27 左边的 算式有 什么规律 ? 名 :\n9099 99 这样 的算式你 还能 写出 几个 ?\n14",590,0,unknown,text-extracted,,2.0,义务教育教科书_·_数学二年级上册,6,2025-07-21T14:23:05.986Z,2.0,义务教育教科书 · 数学二年级上册,二年级,ocr,unknown,0.3828125,0.5,0.59,1,上册,/Users/LeoQin/Documents/GitHub/PDFconvertor/training_data/小学/数学/人教版/义务教育教科书 · 数学二年级上册.pdf,义务教育教科书_·_数学二年级上册.json,数学,52
义务教育教科书_·_数学二年级上册_chunk_7,7,"4 练习二\n@ 86 4 2 9 5 2 17\n+ 3 +54 +40 +46 +71\n@ 30+20= 50+26= 92+4= 61+25=\n37+32= 3+45= 13+72= 44+53=\n图小 兰喜欢收集邮票 ,下面是 她收集邮票的 种类 和枚 数。 (1) 风景邮票和 人物 邮票 共有 多少 枚 ?\n(2 ) 动物邮票和 建筑邮票共有多 少枚 ?\n(3 ) 你还 能提出其 他数学问题并 解答吗 ?\n四 47 2 3 6 4 3 9 1 8\n+16 +17 + 9 +27 +33\n回下 面的 计算对 吗 ? 把不 对的 改正过 来。 4 9 2 1 2 7\n+44 +39 + 4\n8 3 6 6 7\n@ | |] 里应 该填 几 ?\n26+48=[ |4 39+14=[ ]3 60+39=] |9\n37+12=[]9 54+16=] |0 45+8=[ |3\n15 @ 25+63= 76+5= 37+38=\n45+47= 32+18= 9+56=\n8 在 ( ) 里填 上 “r “<” 或 “_” .\n4+38()40+38 76+21()99-5\n57-5()38+17 25+47()35+35\n67+9()69+7 83-3()83-8\nW i\nj<! 0 下\n\n© 算出每 张卡片上 两个 数的 和。 @@ -一过 洪 \、、\nTU 1\n人 <\n23 元 14 元 27 元 30 元\n(1 ) 买一 辆玩具汽车和 一列 玩具 火车， 一共 多少 钱 ?\n(2 ) 小玲 有 50 元钱， 可以 买哪 几样 玩具 ?\n(3 ) 你还 能提出其 他数学问题并 解答吗 ?\n16 B mm\n上 s = e\nk 了了 | hk 下向 久本 i\n人 CORE\n#lyh ping 了六 — ro\n二全 脚 fis 一\na Y B\n\n2008 年北京奥运会 金牌榜 前 5 名如 下。 Ta\n有\nTe\n¢ vi\n\nIE 1\n.\n\n吕 C 日 17",835,0,unknown,text-extracted,,2.0,义务教育教科书_·_数学二年级上册,7,2025-07-21T14:23:05.986Z,2.0,义务教育教科书 · 数学二年级上册,二年级,ocr,unknown,0.327150084317032,0.5,0.835,1,上册,/Users/LeoQin/Documents/GitHub/PDFconvertor/training_data/小学/数学/人教版/义务教育教科书 · 数学二年级上册.pdf,义务教育教科书_·_数学二年级上册.json,数学,52
义务教育教科书_·_数学二年级上册_chunk_8,8,"B mm\n上 s = e\nk 了了 | hk 下向 久本 i\n人 CORE\n#lyh ping 了六 — ro\n二全 脚 fis 一\na Y B\n\n2008 年北京奥运会 金牌榜 前 5 名如 下。 Ta\n有\nTe\n¢ vi\n\nIE 1\n.\n\n吕 C 日 17 上不 退位减 )\n加 [Ta\n四 | 全 | PERKBSSSHAR:\n48-36=\nole 48 48 48\n®(® -36 >-36-> -36\n和 | 有一 一一 一一 一妆 | 妆 2 12\nN eeemeneneneneenenenenas oo Le\nSS\nS。 列坚 式计算应 注意什么 ?\n仇做 一做\n@ 二个 45-3= 十 | 个 64- =\n@ | @ 4 5 @ |@ ( )\n@l@ _ @l@ _\nola ~C ) 息 | 让 ( )\n°I§ (0 ) RS ( )\n\n@ 48-18= 25-21=\n4 8 2 5\n-18 -2 1\n) ( )\n想 : 个位 上得 几 ? 怎样写 ”，” 想 : 十位 上得 几 ?\n18 有退位碱 )\n2) | 《4 二四 | amn\n国 36 | 美国比 英国多 多少 补爹 作 ?\n个位 上 6 减 9 不够减， 六 16\n3 ER 3 6\n人 29- 219\n0 |\n1 08IO OOGION1 个位 上 6 减 9 不够 减， Ni 册 es\n、 加 6 得 16, 16 减 9 得 7。， 个位 不够 减， 从十 位退 1。 想一 想 : 从十 位减 起方便吗 ?\n3) so-24-\n50\n-24\n( ) 想 : 从十 位退 1 后， 个位 要算 几减 几 ?\n仇做 一做\n6 5 4 3 3 0 8 0\n-37 - 8 -23 - 5\n( ) ( ) ( ) ( )\n19 4 练习三\n() 98-80= 98-8= 98-88=\n9 8 9 8 ( )\n\n一人 ) -( ) 一人 )\n@ 39-23= 74-34= 99-14= 57-26=\n图小 红比 小亮 多捡 了多 少个 贝壳 ?\n\n一的 一 | 总",879,0,unknown,text-extracted,,2.0,义务教育教科书_·_数学二年级上册,8,2025-07-21T14:23:05.986Z,2.0,义务教育教科书 · 数学二年级上册,二年级,ocr,unknown,0.3188908145580589,0.5,0.879,1,上册,/Users/LeoQin/Documents/GitHub/PDFconvertor/training_data/小学/数学/人教版/义务教育教科书 · 数学二年级上册.pdf,义务教育教科书_·_数学二年级上册.json,数学,52
义务教育教科书_·_数学二年级上册_chunk_9,9,"4 练习三\n() 98-80= 98-8= 98-88=\n9 8 9 8 ( )\n\n一人 ) -( ) 一人 )\n@ 39-23= 74-34= 99-14= 57-26=\n图小 红比 小亮 多捡 了多 少个 贝壳 ?\n\n一的 一 | 总\n\n@ 43-29= 72-27= 61-3= 54-16=\n© 下面 各题 得数 的十 位上 是几 ?\n20 © 下面 的计算对 吗 ? 把不 对的 改正过 来。 4 0 8 3 7 9 5 3\n-28 -35 -67 - 4\n2 2 4 8 2 5 7\n@54-27= 66-49= 43-37= 95-63=\n72-9= 36-28= 87-38= 54-36=\n9 g 人起\n回先 算出每 张卡 片上两 个数 的和， 再算出它们的 差。 和和 : _&pNN_ A 人一 Le ___\n2:/0 @©= W/kN__J)/ © _\nO® 37 8 0 7 6 6 5\n-19 -5 1 +2 2 - 8\n8 2 4 6 2 6 7 1\n-57 -3 0 +6 4 - 6\n21 ®\nFE\n二中 一 eisafeses s (\nES 8.\n13+47| [66-17 X\n| Eee =\nG0-38] [7i-19\nf2-23 li6vaz\n® 四个 人拍 球。 拍球 的个 数 | 34 | 41 | 45 | 39 |\n(1) 小明 比小 丽少 拍多 少个 ?\n(2 ) 小红 和小 亮一 共拍 了多 少个 ?\n(3 ) 你能 提出其 他数学问题吗 ? 列式 算一 算。 © 按规律填 一填。 (1) 24, 32, 40, , b6, ,\n(2)93,86, 79, ,65,， _\n人在 门里 填上 合适的 数。 5[ [17 国 | 国\n+ 回 4 - 2 口 -2 口\n8 7 2 6 8\n22",775,0,unknown,text-extracted,,2.0,义务教育教科书_·_数学二年级上册,9,2025-07-21T14:23:05.986Z,2.0,义务教育教科书 · 数学二年级上册,二年级,ocr,unknown,0.2822429906542056,0.7999999999999999,0.775,1,上册,/Users/LeoQin/Documents/GitHub/PDFconvertor/training_data/小学/数学/人教版/义务教育教科书 · 数学二年级上册.pdf,义务教育教科书_·_数学二年级上册.json,数学,52
义务教育教科书_·_数学二年级上册_chunk_10,10,"四 —ERDEFY\n| 本人\n的矢\nherecef 和 =\n(1 ) 一班 得了 12 面小 红旗， 二班 比一 班多 得了 3 面。 二班 得了 多少 面 ?\n知道了 什么 ?\n一班 得了 | 面小 红旗， 二班 比一 班多 得了 |@.\n要解决的 问题是 ……\n下证 二班 的小 红旗包括丙 号， 部分 :…… SC 人 \\n一碍 信人二 班 [与一 班同样多 的部 分 | 人六\n12 面 12+3=15( 面 )\n一一 一\n? 面解答正确吗 ? fa 二班 确实比 一班 多得 了哈哈 3 面， 解答 正确。 15-12=3 ( 面 ) &\n- -从人\n.= =zp7[ 可\n23 (2 ) 三班 的小 红旗比 一班 少 4 面， 三班 得了 多少 面 ?\n知道了 什么 ?\n一班 得了 | | 面小 红旗 ,三班 比一 班少 得了 | |@,\n要解决的 问题是 ……:\n怎样解答 ? S\n、、 本 _ aZ\n全一 碍人 信人人 广攻 信人站\n= 下 [5 肌站 一 124\n12-4-8( 面 )\n解答正确吗 ?， 心则 | 三下 而实 比一 亚少 得了\n[> 4 面 ’ 解答正确 o\n12-8=4 ( 面 )\n仇做 一做\n天 Co 二交友\nTAO hC NC\n鸣蛋 鸡蛋 #E\nMmEH25A, BEKBE S8A, HELBEY\n12 个。 鸡蛋 有多 少个 ” BER?\n24",597,0,unknown,text-extracted,,2.0,义务教育教科书_·_数学二年级上册,10,2025-07-21T14:23:05.986Z,2.0,义务教育教科书 · 数学二年级上册,二年级,ocr,unknown,0.5644768856447688,0.5,0.597,1,上册,/Users/LeoQin/Documents/GitHub/PDFconvertor/training_data/小学/数学/人教版/义务教育教科书 · 数学二年级上册.pdf,义务教育教科书_·_数学二年级上册.json,数学,52
义务教育教科书_·_数学二年级上册_chunk_11,11,4 练习四\n色两 只海 色下 蛋。 第一 只下 了 86 个蛋， 第二 只比 第一 只多 下了 9 个。 第二 只海龟下 了多 少个 蛋 ?\n回今年人 工野 鸭岛 上有 53 只野鸭， 去年 比今年少 18 只。 去年 有多 少只 野鸭 ?\nES\n一 = 迁\n© 我国 发射 的神舟七 号飞船绕 地球 飞行 了 45 较， 和神舟六 号比 它多 飞了 31 圈。 和神舟七 号载 了 3 名航天员， 比神舟六 号多 1 名。 (1) 神舟六 号绕 地球 飞行 了多 少圈 ?\n(2 ) 你还 能提出其 他数学问题并 解答吗 ?\n.es 下 NS\n二加 69+21= 70-25= 18+23= 65+6=\n42-24= 53+30= 90-8= 81-37=\n25 回下 面是 申办 2008 年奥运会 4 个城市的 得票数。 ar [ex |es [en) pmens\nEE RNEO\n(1) 多伦 多比 北京 少得 多少 票 ?\n\n(2 ) 你还 能提出其 他数学问题吗 ? 列式 算一 算。 9\n小玉 想买 1 本 《植物百科全 书 》， 一一 还差 15 元。 她现在有 多少 钱 ?\n@ 国庆节 商店 促销， 每个 球优惠 8 元出 售。 (1 ) 现在每 个足球多 少钱 ? SS. g\n(2 ) 现在每 个篮球多 少钱 ? 从光伏\n\、 、 本 9 昌 AL 什么 意思呢 ?\n(3 ) 你还 能提出其 他数学问 SR 让题 并角 答吗 MSN 二\nES 7\n回外 圈哪 个数 加里 圈哪 个 ”外图 哪个数 减里 较哪 个数， 得数 是 83 ? ” 数， 得数 是 62 ?\n46” “18 98 71\n[从从\n65 37 9 29\nNS521A Nag”\n31 76 91_ 80\n26 S HE. ERAmRES\n; 人丁 避天 > 4 CHN B\nAS 7,790,0,unknown,text-extracted,,2.0,义务教育教科书_·_数学二年级上册,11,2025-07-21T14:23:05.986Z,2.0,义务教育教科书 · 数学二年级上册,二年级,ocr,unknown,0.5626134301270418,0.5,0.79,1,上册,/Users/LeoQin/Documents/GitHub/PDFconvertor/training_data/小学/数学/人教版/义务教育教科书 · 数学二年级上册.pdf,义务教育教科书_·_数学二年级上册.json,数学,52
义务教育教科书_·_数学二年级上册_chunk_12,12,"S HE. ERAmRES\n; 人丁 避天 > 4 CHN B\nAS 7\n\n人 2\n小 K 信吕\n三个 组摘 南瓜。 第一 组摘 了 28 个 ,第二 组摘 了 34 个， 第三 组摘 了 22 个。 三个 组一 共摘 了多 少个 ?\n28+34+22=84\n2 8 62 简便写法 : 2 8 2 8\n+3,4 +22 + 3,4 34 jn\n6 2 8 4 62 +22\n+22 8 4\n8 4\n(2] ERH8ANEIN, FRFEATA0N, TRRIEA\n了 26 个。 还剩 多少 个 ?\n84-40-26=__\n8 4 4 4 84-40=44 能\n-40 -26 口算， 可以 不\n& 一一 一 |BBX.\nWCG 4 四， NU <\n还可 以先 算一 共运 走了 多少 个。 怎么列 式呢 ?\n27 仇做 一做\n\n@ 54+20+16= 46+25+17= 7+59+20=\n\n@ 90-58-30= 75-28-19= 72-(6+44)=\n\n(3] 一辆 公交车 上原来有 47 人， 到达 南山 站时， 有 15\n\n人下 车， 又有 18 人上 和车。 现在车 上有 多少 人 ?\n47-15+18=\n4 7\n4 7 ( ) 简便写法 : -15\n-15 +18 0\n( ) 人 ) +18\n( )\n(4] 72-(47+16 ) =\n47 72 a\n6 -63 5\n63 ( )\n\n仇做 一做\n\n@ 56+34-20= 78-24+39=\n\n@ 32+(55-46)= 86-(13+42)=\n\n© 果园原来有 38 棵苹果树，26 棵梨 树， 农民 伯伯 又栽\n了 19 棵果树。 现在 果园一 共有多 少棵 果树 ?\n\nOD 96 名二 年级 学生 参加 学校 运动会， 每人 只参加一 个项 目。 其中 18 人参加跑步比赛，24 人参加跳绳比赛， 剩下 的人 参加其 他比赛。 参加 其他 比赛的 有多 少人 ?\n\n28 4 练习五\nO 把在 同一条 线上 的 3 个数 加起 来。 玖 0\nas",865,0,unknown,text-extracted,,2.0,义务教育教科书_·_数学二年级上册,12,2025-07-21T14:23:05.986Z,2.0,义务教育教科书 · 数学二年级上册,二年级,ocr,unknown,0.3888888888888889,0.7999999999999999,0.865,1,上册,/Users/LeoQin/Documents/GitHub/PDFconvertor/training_data/小学/数学/人教版/义务教育教科书 · 数学二年级上册.pdf,义务教育教科书_·_数学二年级上册.json,数学,52
义务教育教科书_·_数学二年级上册_chunk_13,13,"OD 96 名二 年级 学生 参加 学校 运动会， 每人 只参加一 个项 目。 其中 18 人参加跑步比赛，24 人参加跳绳比赛， 剩下 的人 参加其 他比赛。 参加 其他 比赛的 有多 少人 ?\n\n28 4 练习五\nO 把在 同一条 线上 的 3 个数 加起 来。 玖 0\nas\n\n@ 56-12-17= 67-37-14= 40-23-12=\n87-26-39= 70-28-35= 100-80-8=\n图每 人参加一 项体育活动， 算一 算总 人数。 BE TSREITS TSRATS\n@2zi3f mi\nso=t8[]-ta[a[j] |e]\n® 54 6 8 6 3 7 8 5 3\n+18 -47 +35 -39 +27\n( ) ( ) ( ) ( ) C )\n-41 +76 -17 +55 - 9\nC ) ( ) C ) C ) C )\n29 @ 下面 的计算对 吗 ? 把不 对的 改正过 来。 26+(86-59 )=53 64-(17+28 )=21\n8 6 1 7 6 4\n-5 9 t28 -45\n2 7 4 5 2 1]\n+2 6\n5 3\n) 28+35+17= 90-34-26= 69+30-45=\n65-18+39= 26+(40-8)= 71-(65-43)=\n@ = 和\n55+30+8= 56-3+9= 42-(6+34)=\n81-7-70= 37+10-5= 74-(80-6)=\nO 妈妈要 买一 个书包和 / NM|[= : :\n—MEk, HT50%, | E P 下 | 二多\n应找 回多 少钱 ? ICE 下\nSS\n由\n[= [=\n30",695,0,unknown,text-extracted,,2.0,义务教育教科书_·_数学二年级上册,13,2025-07-21T14:23:05.986Z,2.0,义务教育教科书 · 数学二年级上册,二年级,ocr,unknown,0.2504854368932039,0.7999999999999999,0.695,1,上册,/Users/LeoQin/Documents/GitHub/PDFconvertor/training_data/小学/数学/人教版/义务教育教科书 · 数学二年级上册.pdf,义务教育教科书_·_数学二年级上册.json,数学,52
义务教育教科书_·_数学二年级上册_chunk_14,14,"四 25 全人 有全 [P]\n© 把每 行 、 每列 和每 一斜 行 24|51|15|\n的 3 个数 加起 来， 你发 现 21|30|s9 | 加\n® [ | 文具盒 的销售情况\nEEC\nNS\n/ SN Us (1) 6 月 ~8 月共 销售了\nEU ANS SEETYEIE\nEL 天 ) pEgrstesy\n.1 问题并 解答吗 ?\n人 @@ 把 16、17、18、19 填入 | | 中， 使算式成 立。 [+ -LI=L\n同 -\n把 21、22、23、24、 7\n25 填入 CC) 里， 使每 条线 上的 3 个数 相加 都得 69。 31 15」 美术兴趣小 组有 女生 14 人 ,男生比 女生少 5 人。 男生 有多 少人 ? 美术兴趣小 组一 共有多 少人 ?\nNe - < wA 汉人知道了 什么 ?\n有女生 [ ] 人， 男生 比女生少 ] 人。 要解决的 第一 个问题是 ……\n怎社 解音 : 求美术兴趣小 组一 共有多 少人， 就要\n把男生人 数和 女生人 数合 起来。 S.\n全男生人 数 ; 美术兴趣小 组总 人数 ;\n14-5=9 (A) 9+14=23 (人 )\n解答正确吗 ?\n口答 : 男生有 [，] 人， 美术 兴趣 小组 一共有 [，] 人。 Z 做一 做一 班有 33 人参加学 校运动会， 二班 参加 的人 数比 一班\n多 4 人。 二班 有多 少人 参加 ? 两个 班一 共有多 少人 参加 ?\n32",626,0,unknown,text-extracted,,2.0,义务教育教科书_·_数学二年级上册,14,2025-07-21T14:23:05.986Z,2.0,义务教育教科书 · 数学二年级上册,二年级,ocr,unknown,0.5633484162895928,0.5,0.626,1,上册,/Users/LeoQin/Documents/GitHub/PDFconvertor/training_data/小学/数学/人教版/义务教育教科书 · 数学二年级上册.pdf,义务教育教科书_·_数学二年级上册.json,数学,52
义务教育教科书_·_数学二年级上册_chunk_15,15,4 练习六\n@ 育才小 学有 21 名男 教师，38 名女 教师， 一共有多 少名\n教师 ? 蓝天小 学共有 45 名教师， 比育才小 学少 多少 名 ?\n人 @ 同学们 在剪纸花。 我们 已经 剪了 一\n&\nAZ\nLR\A<P A\nLA\nTY 本 A\n一共 要剪 多少 采粉 花 ? 如果 还要 剪 40 采黄花， 一共有要\n剪多 少采 花 ?\n© 48+6-29= 40+23+12= 59-(34-14)=\n67-8+13= 73-20-35= 73-(20+35)=\nO 二 (1) 班有 27 幅画， 二 (2) 班有 36 幅， 两个 班一 共有 多少 幅画 ? 将这 些画 贴在 走廊里， 已经 贴了 41 幅， 还没 贴的 有多 少幅 ?\n33 回计算。 5 二 8 19\n用加 |\n站 |\n79 13\nO 王叔叔的 果园收 了很 多橘 (0) 子， 运走 了 18 箱， 还剩\n下 29 箱。 王叔叔一 共收 了多 少箱 橘子 ? 他还 收了 43 箱柚 (you ) 子， 橘子 和柚子一 共收 了多 少箱 ?\n@ 在 ( ) 里填 上 “r “<” 或 “_» .\n43+5()50 41+37()75 90() 19+71\n73-25()45 79()95-16 89-33()59\nO (zm oram) (1) 人工 短小鸡 要用 多少 天 ?\n需要 28 天。 (2) 人工 多小 臣比 铸小 鸡多 用 9 天， 》 人工 钴小 臣要 用多 少天 ?\n¢ 国 (3) 你还 能提出其 他数学问题并 解\nTIR« Rp\n从昌 NS( 人工 钴小 鸡比 氏\n34,694,0,unknown,text-extracted,,2.0,义务教育教科书_·_数学二年级上册,15,2025-07-21T14:23:05.987Z,2.0,义务教育教科书 · 数学二年级上册,二年级,ocr,unknown,0.4979757085020243,0.5,0.694,1,上册,/Users/LeoQin/Documents/GitHub/PDFconvertor/training_data/小学/数学/人教版/义务教育教科书 · 数学二年级上册.pdf,义务教育教科书_·_数学二年级上册.json,数学,52
义务教育教科书_·_数学二年级上册_chunk_16,16,情人人 蔡理 和复习 1 要要 玫人 @@ 笔算加 法和 笔算减法要 注意什么 ?\n个位 上的 数相 加笔算加 、 减法 都要 满十 :…\n把相同数位对 齐。 已于\n本\n| < 有一 l1\n| < —il\nO 先算 一算， 再说 一说 每道 题是 按怎样的 顺序计算的。 45+19+18= 61-21-6= 37+50-47=\n45+(19+18)= 61-(21-6)= 37+(50-47)=\n08\n把 1~ 9 按从 小到 大的 顺序排列， 中间 添上 一一 此 “ypn «_»， 可以 使计算的 络果 等于 100。 12+3-4+5+67+8+9=100\n再把 1~ 9 按从 大到 小的 顺序排列， 你能 添上一 些 “+”“-”， 使计算的 结果也 等于 100 吗 ?\n98765432 1=100\n35 4 练习七\n@ 猴子捞 月亮。 © 17+6+8=\nUS 43-(8+30)=\ny 50+27-9=\n等二 96-(60-24)=\nAA 3 73-26-30=\n2 73-(26+30)=\n& | (3] 在 O 里填 上 66 S” “一 》》 或 4 一 2。 | 下 42-8 〇 35 63-3()66\n8 46-7 〇 39 72+9()73\n滞媳 站\n> ~ 28+4()34 54+4()60\ne) O 一押 丝绳 长 100 米。 一班 先\nRN . | A 用去 20 米， 又用 去 38 米， 一\n9 共用去 了多 少米 ? 二班 需要\n40 米， 剩下 的丝 绳够 吗 ?\n(.7 时回 小亮 今年 13 岁， 和爸爸比 他大\n卫 28 岁， 和区 和爸 今年 多少 岁 ? 妈。 妈比 区和 爸小 3 岁， 妈妈 今年\n{~) 多少 岁 ?\n<,748,0,unknown,text-extracted,,2.0,义务教育教科书_·_数学二年级上册,16,2025-07-21T14:23:05.987Z,2.0,义务教育教科书 · 数学二年级上册,二年级,ocr,unknown,0.4149908592321755,0.5,0.748,1,上册,/Users/LeoQin/Documents/GitHub/PDFconvertor/training_data/小学/数学/人教版/义务教育教科书 · 数学二年级上册.pdf,义务教育教科书_·_数学二年级上册.json,数学,52
义务教育教科书_·_数学二年级上册_chunk_17,17,"O 甲楼 高 38 米， 乙楼 比甲 楼高 13 米， 乙楼 高多 少米 ? 两楼\n比乙 楼还 要高 5 米， 两楼 高多 少米 ?\n@ 看谁 算得都 对。 41-2= 16+80= 72-9= 80-4=\n26+3= 20+39= 6+30= 18+9=\n39-9= 82-50= 59-3= 70-40=\n® 7 2 6 3 3 5 5 6\n-38 + 36 + 5 8 -17\n8 8 6 9 4 3 4 4\n-69 + 27 -25 + 5 4\n© 商场店庆， 满 50 元减 10 元。 |\nJE 各\n(1) 买一 辆者 鸣和 一金 罗 |， 能减 10 元吗 ?| |\n(2) 买一 个个 和一 个里， 要花 多少 钱 ? 民一\n网 se |\n(3 ) 你还 能提出其 他数学问题并 解答吗 ? 2 一\n1 1 3 我知道为 什么要\n本单元结束了， 内各 道这 个个 作二 人从 个位 减起 了。 你想 说些 什么 ? 表示什么间 四了\n成长 小档案 &i | J\n由作品\n37 N(3 角的 初步认识\nii\nTa\nAR A 三 = I-.\nERATSDeE 到\nAN ©N\n全\n &\nPaaE 二站， 加 | |\n从\n-号 xD 史\nO 9 3\n| PN 8 4\n7 6 3\n这些 物品 中都 有角。 边\nmc 国边\n上面 的图 形都 是角。 一个 角有 几个 顶点 ”有几 条边 ?\n角就 越来 越大。 an\n~ O9\n人 4 人\nC2 Se \ o,\n(2] 先画 一个 点， 再以 这个 点为 顶点， 人和 借助尺子向 不同\n的方向画 两条 笔直的 线， 就画 出一 个角。 ~ ANY JA\n乡做 一做\n© 你周围物体的 表面是 什么图 形 ? 这些 图形 中有 角吗 ?\n四按照例 2 的方法， 自己 画出 一个 角。 39 全 La\n月诗\n中上 面这 些角 都是 直角。 每个 三角 尺上",807,0,unknown,text-extracted,,2.0,义务教育教科书_·_数学二年级上册,17,2025-07-21T14:23:05.987Z,2.0,义务教育教科书 · 数学二年级上册,二年级,ocr,unknown,0.532967032967033,0.5,0.807,1,上册,/Users/LeoQin/Documents/GitHub/PDFconvertor/training_data/小学/数学/人教版/义务教育教科书 · 数学二年级上册.pdf,义务教育教科书_·_数学二年级上册.json,数学,52
义务教育教科书_·_数学二年级上册_chunk_18,18,全 La\n月诗\n中上 面这 些角 都是 直角。 每个 三角 尺上\n\n人都 有一 个直角。 要知道一 个角 有是 不是 直角， 可以 用三 角尺 上的 直角比\n一比。 你能 用纸 折一 个直角吗 ?\nO--a-a\n4) TamzmRaL.\n-h -\n有人\nO 课桌 面是 什么图 形 ? 这个 图形 中有 直角吗 ?\n加数 一数 下面 的图 形中 各有 几个 直角。 40 (5] 用三 角尺 上的 直角比 一比。 中国 少年 先锋队 中队 旗红领巾直角锐角钝 角比 直角小 比直角大\n每个 三角 尺上 都\n) 和\nSpd\n改作\n@@ 你周围物体的 表面是 什么图 形 ? 这些 图形 中有 哪些角 ?\n人连 一连。 | 名角 | | 多角 | | 直角 |\n41 16 」 用一 副三 角尺 拼出 一个 钝角。 知道了 什么 ?\n两个 三角 尺上 分别 有什么角 ?\n要拼 出一 个 ……， 应该 怎样做 7\n鳄角 比直角大， 用\n<\nSR 多 :\n我试 着拼 拼看 .| IN\n本 Se“ 一拼 出的 是钝 角码 ?7\n的 e\n| y EX\nAN 本 y. ~4 i 用直角和 锐角拼 出\n— 的肯定是 钝角。 有从 两副 三角 尺中 选出 两个， 分别 拼出 锐角 、 直角 和钝 角。 42 4 练习八\nO 指一 指哪里有 角。 @ 下面 的图 形哪些是 角， 哪些 不是 角 ?\n加下 面的 图形 中各 有几 个角 ?\n@ 打开折 扇， 看看 角有 什么变化。 \V-9-\n© 在两 个三 角尺 上各 选一 个有\n比一 比它们的 大小。 43 ©O 下面 哪些角 是直角 ?,691,0,unknown,text-extracted,,2.0,义务教育教科书_·_数学二年级上册,18,2025-07-21T14:23:05.987Z,2.0,义务教育教科书 · 数学二年级上册,二年级,ocr,unknown,0.7478813559322034,0.7999999999999999,0.691,1,上册,/Users/LeoQin/Documents/GitHub/PDFconvertor/training_data/小学/数学/人教版/义务教育教科书 · 数学二年级上册.pdf,义务教育教科书_·_数学二年级上册.json,数学,52
义务教育教科书_·_数学二年级上册_chunk_19,19,4 练习八\nO 指一 指哪里有 角。 @ 下面 的图 形哪些是 角， 哪些 不是 角 ?\n加下 面的 图形 中各 有几 个角 ?\n@ 打开折 扇， 看看 角有 什么变化。 \V-9-\n© 在两 个三 角尺 上各 选一 个有\n比一 比它们的 大小。 43 ©O 下面 哪些角 是直角 ?\n\n加在 方格 纸上 画直角 (从给 出的 点画 起 )。 国国 国国 国国 国面 硬面 面面 面面 面面 面面 面面 面硬 国硬 国国 国国 硬国画硬 国国 国国 国面 面面 面面 面面 面面 面面 面面 硬国 硬国 国国 国硬\n国本 古国国 国国 面面 面面 面面 面面 面面 面面 面面 硬国 国国 国硬 国面\n国硬 国国 国国 国面 面面 面醒 面面 面面 面面 面面 面夯 硬硬 国国 国国 硬国 面硬 硬国 国国 面面 面面 硬曾 面面 面面 面面 面面 国硬 面国 国国 国硬\n\nO 照右 图在 钉子板 上围 一个。。。。。 ”\n正方形 和一 个长 方形 . 了 :\n\nO 从第 1 题的 图示 中找 出直角 、 锐角 和钝 角。 O 找出 下面 三角形中 的直角 、 锐角 和钝 角。 代八 -全辣\n\nO 盏一 个角， 和同 桌说 一说 画出 的是 什么角。 © 在钉子板 上任意围 一个 图形， 再找 出图 形中 的直角 、 锐角 和钝 角。 十 |,576,0,unknown,text-extracted,,2.0,义务教育教科书_·_数学二年级上册,19,2025-07-21T14:23:05.987Z,2.0,义务教育教科书 · 数学二年级上册,二年级,ocr,unknown,0.8711340206185567,0.7999999999999999,0.576,1,上册,/Users/LeoQin/Documents/GitHub/PDFconvertor/training_data/小学/数学/人教版/义务教育教科书 · 数学二年级上册.pdf,义务教育教科书_·_数学二年级上册.json,数学,52
义务教育教科书_·_数学二年级上册_chunk_20,20,O 从第 1 题的 图示 中找 出直角 、 锐角 和钝 角。 O 找出 下面 三角形中 的直角 、 锐角 和钝 角。 代八 -全辣\n\nO 盏一 个角， 和同 桌说 一说 画出 的是 什么角。 © 在钉子板 上任意围 一个 图形， 再找 出图 形中 的直角 、 锐角 和钝 角。 十 | ® (1) 七巧 板中 的每 块板 是什么形\n状的 ? 各有 哪些角 ?\n(2) 比一 比 5 块三 角形板 的各 个角 的大 小， 你有 什么发 现 ?\n(3 ) 用两 块板 拼直角， 你能 拼出\n几个 ? 拼钝 角呢 ?\n人 @@ 拿一 个正方体 的金子， 先看 看每 个面 上 A 三有 几个 直角， 再数 一数 这个 正方体例子 |\n上一 共有多 少个 直角。 摘一 个长 方体 的 |， 金子再 数一 数， 你发 现了 什么 ?\n4 SN 亲 2\n@ 生活中 的数学\n/二\n™. 证 A \&\n| 四\n- & PX\nACE\nLIETII\n本单元结束了， 我发 现身 边处 处都 有我 会画 角了 1!\n你想 说些 件必 3。 角， 太有 意思了 1\n成长 小档案 J\n* L\n45 下\n4 表内 乘法 (一 )\nCg Onc2 沙人 交全 放区 的 1 9 二全\n上 OAREEENOREEEEY 一个)\n有国 0aBE eg 人 o 619 PIRRT SDa q\n上 CS\n— \ [> 2\n有 ER - b ;\n的本 人 AS、\n洒 3 AN\n二 GOD 二号 < \ > 本 A=R\n广则 My ( & \Wy/oar—ty， 人之 人 7 一、\nRE —\nd) / 于 ”便利让， Sa- oa mn |\n有隅\n» d | 全本 人上 Bi 4 王 EN\nSee § be pee 得 | =\nAs hee Co Eas— ES 可\n46,772,0,unknown,text-extracted,,2.0,义务教育教科书_·_数学二年级上册,20,2025-07-21T14:23:05.987Z,2.0,义务教育教科书 · 数学二年级上册,二年级,ocr,unknown,0.5725338491295938,0.5,0.772,1,上册,/Users/LeoQin/Documents/GitHub/PDFconvertor/training_data/小学/数学/人教版/义务教育教科书 · 数学二年级上册.pdf,义务教育教科书_·_数学二年级上册.json,数学,52
义务教育教科书_·_数学二年级上册_chunk_21,21,"| 乘法的 初步认识 “ 耳小 共有多 少人 ?\nA) ye C\n《全请 名 ee\nCep SQaoaA 2\n3+3+3+3+3=15\n(2) 小火车里 共有多 少人 ?\n人 2 DR ( ) 个 6\nEECEEREEE\nNa 6+6+6+6=24\n(3 ) 过山 车里 共有多 少人 ?\no p JRdn Palb\naaa ) 个 ( )\n人 ”2+2+2+2+2+2+2=14\n这种 加数 相同的 加法， 还可 以用 乘法表示。 乘法算式 : 2x7=14 ” 读作 : 2 乘 7 等于 14。 或 7x2=14 读作 :7 乘 2 等于 14。 ™\n: 人人 AN\n乘号 人用 乘法算式表示真 简便 ! WA\n你能 把上 面的 其他 加法 算式写成乘法算式吗 ? X\n47 5+5+5=15\n5 xX3=15\n3 X5=15\n来数 科数 机\nWe\n@ 先用 / 择一 摆， 再填写加 法算式。 4 个 2 3 个 4 543\n口 ;+ 口 + 口 + 口 = 记 ] 口 * 口 ;+ 口 =\nCC\n~ 一一\n( ) 个 ( )\n加法 算式 :\n乘法算式或\n人 @ 把下 面的 加法 算式写成乘法算式。 7+7+T7+7T+7 [jx[ 或 [jx[ |\n15+15+15 口上口 或器 x 口\n48 4 练习九\n“Bddd 动动 动\n~ 一一 一一\n一一\n( ) 个 ( ) ( 7) 个 ( )\n加法 算式 : 加法 算式 :\n乘法算式 : 或乘法算式 : 或加 先按 要求 画 ( )， 再写 算式。 (1) 每组 画 2 个 , 画 3 组。(2) 每组 画 4 个， 画 5 组。 加法 算式 : 加法 算式 :\n乘法算式 : 或乘法算式 : 或图 把加 法算式写成乘法算式。 4+4+4=| |x[ | 3+3+3+3=| |x[ |\n6+6+6+6=| |]x[ | 4+4+4+4+4+4=| |x[ |\n2+2+2+2+2=|[ ]x[ 5+5=| |x[ |\nO 读一 读。 4x5 6x3 5x2 2x4 5x6 3x3 6x4\n49",882,0,unknown,text-extracted,,2.0,义务教育教科书_·_数学二年级上册,21,2025-07-21T14:23:05.987Z,2.0,义务教育教科书 · 数学二年级上册,二年级,ocr,unknown,0.4048,0.5,0.882,1,上册,/Users/LeoQin/Documents/GitHub/PDFconvertor/training_data/小学/数学/人教版/义务教育教科书 · 数学二年级上册.pdf,义务教育教科书_·_数学二年级上册.json,数学,52
义务教育教科书_·_数学二年级上册_chunk_22,22,"® ry 村 ~e <\nQE Go 8& 代答\n一一 一 、 一一 一一\n( ) 个 ( ) ( ) 个 ( )\n乘法算式 : | |x|L | 乘法算式 : | |x| |\n读作 : | | 乘 | 读作 : | | 乘 -|\n加 (1)3 个 8 相加， 和是 ( )。 (2 ) 一个 乘数 是 8， 另一 个乘 数是 3， 积是 ( )。 @ _\n@© @F\n#H#HEAC ) 个 , 有 ( ) 盘 ,一共 ( ) 个。 [jxL=L\n图每 组画 5 个人 , 画 3 组。 ~ ~\n乘法算式 : 或回 写出 乘法算式， 再读 出来。 2 个 4 相加 10 个 3 相加 2 和 6 相冬\n© 下面 哪些算式可 以直接写成乘法算式 ? 请写 出来。 3+3+3+2 2+2+2+2\n5+5+5+5+5 8+8+2+5\n3+2+1+3 4+4+4-3\n50 @) 5+27+65= 86-(20+46)= 96-60-28=\n63+7-50= 40+(25-9)= 96-(60-28)=\n© 连一 连。 全\n2 5 2\ ==.\nCC\n3 3345| [2373]\n[5 和引 [ES 4\noxg lave\n@ 画图表示下 面算 式的 含义。 3X2 5X4\n© 你能 用加 法算出下 面乘 法算式的 得数 吗 ?\n8x5= 9 x4= 15X3=\n\n@ 你知道吗 ?\n乘号 “x”， 是英国数学家 奥特 雷德 在 1631 年最 早使 用的。 可以 把 “x” 看作 由 “+” 斜过 来写 的。 “a\n51 和 2~6 的乘法口 识 “本\nN 5 的乘法口诀 )\n5 =- | 人 -| 人 -人 -|\n目 1x5=5 一五 得五 5x1=| |\n2x5=10 | 二五 一十 5x2=[ |\n3x5=[ | | 三五 ( )| 5x3=[ |\nGEEE 4xs5=[_] | 四五 ( )| 5x4=| |\nHEEEE sxs=[] 人五 五 )\n人人\n人 @@ 对口 诀。 是 “Y\n? 元\n[|xL = | ( 角 )=[L | 元\n52",881,0,unknown,text-extracted,,2.0,义务教育教科书_·_数学二年级上册,22,2025-07-21T14:23:05.987Z,2.0,义务教育教科书 · 数学二年级上册,二年级,ocr,unknown,0.34521880064829824,0.5,0.881,1,上册,/Users/LeoQin/Documents/GitHub/PDFconvertor/training_data/小学/数学/人教版/义务教育教科书 · 数学二年级上册.pdf,义务教育教科书_·_数学二年级上册.json,数学,52
义务教育教科书_·_数学二年级上册_chunk_23,23,"4 练习干\n@ 把口诀补充完整。 一五 ( ) 三五 人 ) 五五 人 )\n四五 ) 二五 人 )\n@ 2 区多 [jxL=L |\nNC7 8 儿 8 G\n了 D 诀 :\n图每 头大 象运 2 根木头，5 头大 象运 (， ) 根木头。 O 背出 5 的乘法口诀。 @ 5x3= 1x5= 5x2= 5x4=\n5x1= 5x5= 4x5= 2x5=\n@@ 每只 小免 拔 5 根胡 芝卜。 3 只小 免拔 (。 ) 根。 y\n4RDPRFE(C) 根。 / P\nSROMRE () 根。 NU\n53 2\ns | < 之\nYN 4\n的乘法口\n1 |\n1X\n和出\n1 内一\n本加， 口 3\nB | 5。 =, — O 〇\nEeEslss :\n| . :\nh 九人\n. 的人 必加\n: y\n\n+\n1 _ (4] ANAL AL 一人 有可 本司\n-a A A Aa\n证 \/ \4\nEN EW p EN\n目 1x4=4 一四 得四 4x1=[ |\n困 2x4=[] | 二四 ( ) | 4x2=[\n3x4=[ | | 三四 ( ) | 4x3=| |\n上间 4x4=[L | 人四 四 ( )\naxi-C (G20D)\n印对 口诀。 [= 月\n\n/前全 上 / =\n加吃饭时 每人 需要一 双和 俩子， 请填空 :\n2 个人 需要 〈， ) 根和 余子 ;\n3 个人 需要 (， ) 根和 侠子 ;\n4 个人 需要 (，) 根侠 子。 你发 现了 什么 ?\n55 4 练习干 一\nO 边画 边说 口诀。 ”YA\n6iz3s45678970 ~\nAS -\n人人\n0 二 67 bb0101112131415 *\n一人、\n0 7 23 4567 6 970111213141516171619202122232425""\n加根据下 面的 口诀各 写出 两个 乘法算式。 二三 得六 四五 二十 一二 得二\n© 2x2= 3X1= 5X3= 3%X3=\n2 十 2= 3+1= 5+3= 3+3=\n-由图 四\nDOOD 癌 x 口 -上\no0Oe ”一一\n56",874,0,unknown,text-extracted,,2.0,义务教育教科书_·_数学二年级上册,23,2025-07-21T14:23:05.987Z,2.0,义务教育教科书 · 数学二年级上册,二年级,ocr,unknown,0.35090609555189456,0.5,0.874,1,上册,/Users/LeoQin/Documents/GitHub/PDFconvertor/training_data/小学/数学/人教版/义务教育教科书 · 数学二年级上册.pdf,义务教育教科书_·_数学二年级上册.json,数学,52
义务教育教科书_·_数学二年级上册_chunk_24,24,"© 连出 小动物的 过河 路线。 s20 ®._ -\nER ie | 9\nCRKEEED we 一\n\n(D G&\n@ x3 x4\nwi ) -\nNS 7\n@ 1 个秋千侍 2 人，2 个秋千坐 (。) 人，3 个秋千从\n( ) 人 ,4 个秋千坐 ( )AL\n57 和秒 如邓 减 )\n全一 关 ss 了 7 多 As\n.\n“同一天\nLAL ER Lay EST\n必 ] POD 一全 9\n已 ha SC (和所 5\n站内/ F23\n aFIR\Y\n= 人 mA\n方法一 : 方法二 :\n3x3+2=11 3X4-1=11\n在这 样的 算式中， 要先 算乘 法。 OA\nAY\n从做 一做\nO 看图 填写合适的 数和 运算符号。 口 x 口 OD- 吕\n@ 4x3+4= 2x3-3= Dx5+5=\n4x4-4= Dx3+2= 4X5-4=\n58 4 练习 [二\n() 5x3-5= Dx3+5= S5X4+5=\noOX2= oOX4= Dx5=\n@ WAs, , 85 中风\nSeaSF FL BF Sep\n到了\n四 Br\nLI ”一站 一共 覆多 少棵 树 ?\n© 4x2+25= 4x3+12= 2X3+2=\n2X2-4= 3X3-7= 4X3-2=\nomeme 《2)\nRa RE\nea 2 2 2 @ ‘¢ ‘ey\nRAR 人 2\n一 ~ FRR 0 “扣压攻 作 7 7 请\nFRIFAETA PASEMNEPR ER (S) PEAEE]\n一共有多 少人 ? 一共有多 少人 ?\nO 哪个图 形中 站 ] 的个 数多 ? 说说 你是 怎样比较的。 国面 国醒 国 HEEEER\nHEEEE HEREEE\nHEEEN HEREEE\nHEEEN HEEEEN\n[TTT[]\n59 国目 6 的乘法口 次 )\nTS\n到 1 | | |\n1x6=| | 一六 【 )| 6x1=[_|\n2x6=| | 二六 ( ) | 6x2= |\n3x6=| | | 三六 ( ) | 6x3=[ |\n4x6=| | 四六 ) 6x4=| |\n5x6=| | | 五六 人 ) | 6x5= |\n6x6=| | 人六 六 ( )",909,0,unknown,text-extracted,,2.0,义务教育教科书_·_数学二年级上册,24,2025-07-21T14:23:05.987Z,2.0,义务教育教科书 · 数学二年级上册,二年级,ocr,unknown,0.2642089093701997,0.5,0.909,1,上册,/Users/LeoQin/Documents/GitHub/PDFconvertor/training_data/小学/数学/人教版/义务教育教科书 · 数学二年级上册.pdf,义务教育教科书_·_数学二年级上册.json,数学,52
义务教育教科书_·_数学二年级上册_chunk_25,25,"国目 6 的乘法口 次 )\nTS\n到 1 | | |\n1x6=| | 一六 【 )| 6x1=[_|\n2x6=| | 二六 ( ) | 6x2= |\n3x6=| | | 三六 ( ) | 6x3=[ |\n4x6=| | 四六 ) 6x4=| |\n5x6=| | | 五六 人 ) | 6x5= |\n6x6=| | 人六 六 ( )\n\nO 根据下 面的 口诀各 写出 两个 乘法算式。 三六 十和 八五 六三 十四 六二 十四\n\n(2] = = = SS — = 二 SS — 一 = SS — 一 1 S\n\n333 3\nIN\n60 4 练习十 三\n@ 6x3+6= 6x4+6= 6x5+6=\n6x4= 6x5= 6x6=\n回摘 革有 果。 2\n回 4x6-10= 5x6+24= 6x6+6=\n2x6+5= 3x6-7= 3x6-3=\n二二 二\n、 一一 一 、 一一\n? 支 ? 本\n[LOLI=L (CO ) L1OU=L_JC )\n回 1 只 6 条腿，3 只 ss ( ) 条腿，6 只人-\n( “ ) 条腿。 人 @@ 看谁 算得都 对。 3x6= 1x6= 6x6=\n6x4= 4x3= 3x5=\n5x2= 6xX2= 6x5=\n61 人 @@ 填表 说口诀。 在 〇 里鞭 上 ee\n\nFE pen\n加可 可醒 面国画汪\n引引 | os\n引 |[| | 40s-1a\n二 [TD 20e-1\n引 [D ce\n TLIT1]\n| 6( )4=2\n加 mmmagk (3m4)\nSs\nER 人二\n24 < SS 刷多 1 套邮 票有 6 枚，4 套共有多 少枚 ?\n1 @ 数学游戏看 谁说 得又 对又 快。 小青蛙本 领大， 吃害虫顶\n1 只毁 1 张嘴 ,2 只眼睛 4 条腿。 啤啤， 我们 都要 爱护它。 2RE( )KK, () 只眼睛 (， ) 条腿。 3 只腻 ( ) 张嘴，( ) 只眼睛 ( ) 条腿。 e)\n照这 样说， 一直 说到 6 只 Fo\n62",842,0,unknown,text-extracted,,2.0,义务教育教科书_·_数学二年级上册,25,2025-07-21T14:23:05.987Z,2.0,义务教育教科书 · 数学二年级上册,二年级,ocr,unknown,0.3339041095890411,0.5,0.842,1,上册,/Users/LeoQin/Documents/GitHub/PDFconvertor/training_data/小学/数学/人教版/义务教育教科书 · 数学二年级上册.pdf,义务教育教科书_·_数学二年级上册.json,数学,52
义务教育教科书_·_数学二年级上册_chunk_26,26,(7) 交较 下面 两道 题， 选择合 和的 方法解答 -\n(1) 有 4 排桌 子， 每排 5 张， 一共有多 少张 ?\n(2) 有 2 排桌子， 一排 5 张， 另一 排 4 张， 一共\n有多 少张 ?\n\n知道了 什么 ?\n\n两首 题都 是求 ……\n\n从第 (1) 题可 以知道 ……:\n\n第 (1) 题是 把二 一第 (2 ) 题是 把全 这本\n\n会: RN o\n\nEi %\n\n| 5x4=20( 张 ) 5+4=9( 张 )\n人\n\n(9 - 两题 中都 有 4 和 5， 为什么解答的 方法不 同 ?\n和合” 画画图就 清楚了。 (1) 人鳄 (2 ) 全) 人》 人人》 人》 人\nGy 人人 》 人人 》 人人 全》 人》 人四\nGy 人人》 人》 人 9》 人\nGy 人人》 人人 》 人人 》 人口 答 : 一共 刘 ”人炭。 口答 : 一共有 k.\n\n解答正确阿 ?\n\n可以 结合图， 看看 算式是 不是 正确地 表示了 题目的 意思。 63,430,0,unknown,text-extracted,,2.0,义务教育教科书_·_数学二年级上册,26,2025-07-21T14:23:05.987Z,2.0,义务教育教科书 · 数学二年级上册,二年级,ocr,unknown,0.6197183098591549,0.5,0.43,1,上册,/Users/LeoQin/Documents/GitHub/PDFconvertor/training_data/小学/数学/人教版/义务教育教科书 · 数学二年级上册.pdf,义务教育教科书_·_数学二年级上册.json,数学,52
义务教育教科书_·_数学二年级上册_chunk_27,27,"(1) 人鳄 (2 ) 全) 人》 人人》 人》 人\nGy 人人 》 人人 》 人人 全》 人》 人四\nGy 人人》 人》 人 9》 人\nGy 人人》 人人 》 人人 》 人口 答 : 一共 刘 ”人炭。 口答 : 一共有 k.\n\n解答正确阿 ?\n\n可以 结合图， 看看 算式是 不是 正确地 表示了 题目的 意思。 63 4 练习二 四人 @@ 二年 级举行摄影作品展览。 如果 每个 班要 选出 5 张昭\n片，6 个班 一共 要选 出多 少张 照片 ?\n@@ 小明和伙伴们 租了 两条 船， 一条 坐了 4 人， 另一 条坐 了\n6 人。 一共有多 少人 ?\n加 5x2= 4x3= 3x6= 2X4=\n5x3= 6x5= 4x6= 6x6=\n@ 3 位杂技演员表演 “项碗 ”， 每人 要顶 6 个碗。 (1) 3 人一 共要 项多 少 - 屋个 硫 ? = &\nQ 0EOnE\n(2) 现在她 们各 项了 4 有 4 - 二人 66，9》 66 9》\n个在， 每人 还要 顶 T 本让- 一几 个碗 ? 3 人一 闪 n 或 “” _\n还要 顶几 个碗 ? 由怕 了区 503=8\n< 局这 2 〇 5=10\n加刘 奶奶 家养 了两 种鸡 ,一种 有 3 只， 1015-5\n另一 种有 6 只 . 还养 了 3 种鸭子， 5(C0-5\n每种 有 6 只。 5O 〇 5=10\n(1) 刘奶 奶家 养了 多少 只鸡 ? 5G4=1\n(2 ) 刘奶 奶家 养了 多少 只鸭子 ? 4C 〇 5=20\n(3 ) 你还 能提出其 他数学问题并 3O5=15\n解答吗 ? 5G 〇 5=25\no4 @ 小林家阳台上 的地 砖， 横着 看每 行是 6 块， 坚着 看每\n列是 4 块。 他家 阳台一 共铺 了多 少块 地砖 ?\n\n8 汉字 “R” 的笔 画是 4 画。 (1) “ 森 ” 的笔画是 几画 ? 你是 怎样知道的 ?",814,0,unknown,text-extracted,,2.0,义务教育教科书_·_数学二年级上册,27,2025-07-21T14:23:05.987Z,2.0,义务教育教科书 · 数学二年级上册,二年级,ocr,unknown,0.5837837837837838,0.5,0.814,1,上册,/Users/LeoQin/Documents/GitHub/PDFconvertor/training_data/小学/数学/人教版/义务教育教科书 · 数学二年级上册.pdf,义务教育教科书_·_数学二年级上册.json,数学,52
义务教育教科书_·_数学二年级上册_chunk_28,28,"@ 小林家阳台上 的地 砖， 横着 看每 行是 6 块， 坚着 看每\n列是 4 块。 他家 阳台一 共铺 了多 少块 地砖 ?\n\n8 汉字 “R” 的笔 画是 4 画。 (1) “ 森 ” 的笔画是 几画 ? 你是 怎样知道的 ?\n\n(2 ) “森林 ""的笔画一 共是 几画 ? 你是 怎样知道的 ?\n1 “，，，Nr 由全\n回有 3 种丁香花， 化辩 分民 作必 (汪汪一\n\n别是 3 办、4 准和 5 准。 已 \ 了\n\n(1) 5 柔 3 辩的 花， 一共有多 少个 花辩 ?\n\n(2) 1 杀 3 闪的 花和 1 和采 5 闪的 花， 一共有多 少个 花闪 ?\n\n(3) 3 采 4 关的 花和 1 采 5 闪的 花， 一共有多 少个 花闪 ?\n\n(4) 你还 能提出其 他数学问题并 解答吗 ?\n\nd 2x2= 3xX2= 6x4= 6x2=\n2+2= 3+2= 6+4= 6+2=\n2-2= 3-2= 6-4-= 6-2=\n\n图一 头亚洲象 的每 个前 肢有 5 个脚 踊， 每个 后肢 有 4 个脚下， 它一 共有多 少个 脚趾 ?\n\n\/\n\n1 在括号里 填上 不同 的数， 使等 式成 立。 EON\n\n3x( )=( )x( ) 加\n\n2 在括号里 填上 相同的 数， 使等 式成 立。 ( )x(0 )=(0 )+(0 )\n65",574,0,unknown,text-extracted,,2.0,义务教育教科书_·_数学二年级上册,28,2025-07-21T14:23:05.987Z,2.0,义务教育教科书 · 数学二年级上册,二年级,ocr,unknown,0.5758354755784062,0.7999999999999999,0.574,1,上册,/Users/LeoQin/Documents/GitHub/PDFconvertor/training_data/小学/数学/人教版/义务教育教科书 · 数学二年级上册.pdf,义务教育教科书_·_数学二年级上册.json,数学,52
义务教育教科书_·_数学二年级上册_chunk_29,29,"图一 头亚洲象 的每 个前 肢有 5 个脚 踊， 每个 后肢 有 4 个脚下， 它一 共有多 少个 脚趾 ?\n\n\/\n\n1 在括号里 填上 不同 的数， 使等 式成 立。 EON\n\n3x( )=( )x( ) 加\n\n2 在括号里 填上 相同的 数， 使等 式成 立。 ( )x(0 )=(0 )+(0 )\n65 情 aa 整理 和复习人 { 全 2\nO 在卡片上 写出 1~6 的乘法口诀并 进行整理， 说一 说自\n己是 怎样整理的。 1~6 的乘法口诀表\n一一 得一\n和\n\n- 1tr 1 1 ]\n(1) 上表 是小 英整 理的 一部 分， 说一 说小 英想 怎样整\n理， 再帮 她把 口诀表 补全。 (2 ) 任意指 一名 乘法口诀， 说出 用它 计算 的乘法算式。 加用 1~6 的乘法算式卡片摆 出一 个表， 说一 说你 是按 什么 规律排列的。 EEE ER\n1 [2 全全 司 oregy\n[Ta [2om] Fe 二\n[2\nEN $\nTo\n2 风人 二上 5/ »\n\n66 4 练习上 五 |\n\n鲜看 谁算得又 对又 快。 3X6= 2X6= 5X5= 6X5=\nSX3= 3X3= 2X3= 4X4=\n3X1= 4X5= 5x2= 3X5=\n6xX4= 3xX4= 4X1= 4 X3=\n\n4x2= 1X6= 6x6= 5X6=\n\n@ 6x3-8= Dx4+30= 4x4+12=\nDx3+9= 6x6+6= 4X6-4=\n\n回 1 辆小 汽车有 4 个车 轮，5 辆小 汽车有 多少 个车 轮 ?\n\n凶超市里 的 7 号电池有 一板 装 4 节的 ,也有 一板 装 6 节的。 (1 ) 两种 电池各 买一 板， 一共是 多少 节电 池 ?\n\n(2 ) 如果 买 4 板 6 节装 的， 一共 是多 少节 电池 ?",766,0,unknown,text-extracted,,2.0,义务教育教科书_·_数学二年级上册,29,2025-07-21T14:23:05.987Z,2.0,义务教育教科书 · 数学二年级上册,二年级,ocr,unknown,0.516728624535316,0.5,0.766,1,上册,/Users/LeoQin/Documents/GitHub/PDFconvertor/training_data/小学/数学/人教版/义务教育教科书 · 数学二年级上册.pdf,义务教育教科书_·_数学二年级上册.json,数学,52
义务教育教科书_·_数学二年级上册_chunk_30,30,"回 1 辆小 汽车有 4 个车 轮，5 辆小 汽车有 多少 个车 轮 ?\n\n凶超市里 的 7 号电池有 一板 装 4 节的 ,也有 一板 装 6 节的。 (1 ) 两种 电池各 买一 板， 一共是 多少 节电 池 ?\n\n(2 ) 如果 买 4 板 6 节装 的， 一共 是多 少节 电池 ?\n\n回每 只小 猫钓 6 条鱼，4 只小 猫钓 多少 条鱼 ? ya\nJOL=L_1C ) 2\n想一 想 : 7 只小 猫钓 的鱼， 比 40 条多 本还 是少 ?\nII 我学 会了 乘法\n_ 决。 本单元结束了， «\n你想 说些 什么 ?\n成长 小档案我 知道了 相同数 相加 &i < x\n人可 以用 乘法计算。 傅信\n67 \ 同 at# (一， & 小红 二\nT 二 .六全\n\nIC 国人\n|\n™\n下面 这些 图分 别是 谁看 到的 ?\n人 9 r)\n\n\n人 - 2 w =\n二 2 -\n68 1 2 下面 右边的 三幅 图分 别是 谁看 到的 ?\n内小 红人\n人 = 中\n'® s 国 =m\n—\nLE 小明\narwrns—T0). B+=Q.\n(3] 看到 的立体图 形的 一个 面是 正方形， 这个 立体图 形是 我们 学过 的， 它可 能是 什么 ?\n知道了 什么 ?\n这个 立体图 形的 一个 面是 ……:\n可能 是什么 ?\n可能 是正方体， & 因为正方体 的面\nSALE 从、 【都是 正方形。 有人\nSS\n猜得 对不 对 ? P\nwikfpsr, Tiea 一 [全 ie\n正方体， 也可 能是 | / 一人这 样的 长方 休。“) L/ —\ndos\n69 4 练习十 六胃 说一 说下 面右 边的 照片分 别是 谁拍 的。 四 | 和 Ra\n加下 面右 边的 三幅 图分 别是 在哪个位 置看 到的 ? 把相应的\n序号填 在括号里。 二 4 性 _—r\n@ C ) (0 ) ( )\n© 连一 连。 2\n2 用 | 基二， 70",821,0,unknown,text-extracted,,2.0,义务教育教科书_·_数学二年级上册,30,2025-07-21T14:23:05.987Z,2.0,义务教育教科书 · 数学二年级上册,二年级,ocr,unknown,0.6495412844036698,0.5,0.821,0.95,上册,/Users/LeoQin/Documents/GitHub/PDFconvertor/training_data/小学/数学/人教版/义务教育教科书 · 数学二年级上册.pdf,义务教育教科书_·_数学二年级上册.json,数学,52
义务教育教科书_·_数学二年级上册_chunk_31,31,"4 练习十 六胃 说一 说下 面右 边的 照片分 别是 谁拍 的。 四 | 和 Ra\n加下 面右 边的 三幅 图分 别是 在哪个位 置看 到的 ? 把相应的\n序号填 在括号里。 二 4 性 _—r\n@ C ) (0 ) ( )\n© 连一 连。 2\n2 用 | 基二， 70 O 下面 右边的 三幅 照片分 别是 在哪个位 置拍 的 ? 把相应的\n序号填 在括号里。 二二\n,2 5 国宝\nTS praiii as\n\n0 eme f\n0) ( )\nO 连一 连。 ®\na 本和。 AAS 18\n二 \ »\ [! {/, 全 -\n四 7 时二、\n国人飞人下 让 1 筷 |\n-\n换一 种摆 法， 再试 试。 我以 后观察物体的 时候， LI 要多 从几 个方向看 一看。 本单元结束了， 尔想 说些 什么 ?\n你晕 说泽 什么 : 我发 现从 不同方向 2\n成长 小档案观察同一个 物体， S5¢\n看到 的图 形可 能不 a\n* Sa 小呈\n71 (6) 表内 乘法 《二 )\n| 7 的乘法口诀 )\n-名 B Ar\nHEAH| 1 | 2 | 3 | 4 | 5 | 6 | 了 7\n拼板 块数 | 7 | | | | | |\n1x7=7 一七 得七 x1=7\n2x7=| | | 三七 人 )| 7x2=| |\n3x7=|L | | 三七 人 )| 7xLFL\n4x7=| | | 四七 人 )| 7x[L =L |\n5x7=[L | | 五七 人 )| 7xLJ=L |\n6x7=| | | 交七 人 ) 7xLsL\n7x7=[_| 七七 人 )\n —\n人\n4X7= 7X5= 6X7= ea A\n72",703,0,unknown,text-extracted,,2.0,义务教育教科书_·_数学二年级上册,31,2025-07-21T14:23:05.987Z,2.0,义务教育教科书 · 数学二年级上册,二年级,ocr,unknown,0.4820295983086681,0.5,0.703,1,上册,/Users/LeoQin/Documents/GitHub/PDFconvertor/training_data/小学/数学/人教版/义务教育教科书 · 数学二年级上册.pdf,义务教育教科书_·_数学二年级上册.json,数学,52
义务教育教科书_·_数学二年级上册_chunk_32,32,4 练习二 七\n”aa 2。 123456 123\n人 78910111213 45678910 九\n14151617181920 11121314151617 、\n月 | 2122 23 24 25 26 27 18192021222324 | 月 2 个星期有 多少 天 ?\n28 29 30 31 25 26 27 28 29 30 3 个星期呢 ?\n@ 7x3= 7X5= 7X6= 7X1=\n7X4= 7X7= 7X2=\n© 连一 连。 加背 出 7 的乘法口诀。 ® 每只 骆驼运 4 个箱子。 CDOTPRnodl\nDB RE ERR B\n| 二而 和机 忌一 共运 了多 少个 箱子 ?\n73 @@ 7x2= 5X6= 6X7= 7X5=\n4X7= 7Xx7= 7X4= 6xX4=\n7X3= 7x6= 6Xx6= Dx7=\n\nOBEEEEL _\n\n区区 区区区克 区多 区区 区区 区区\nBEBBDBDI pamnne\n\n回从 “一一 得一 ” 背到 “七七 四十 九 ”。 5 0 0 GO Oo 所先 提出一 个用 乘法解决的 问题， 再解答。 (10) 3XT7= 6x7= 4x7=\n2xX7+7= Dx7+7= 3x7+7=\n4x7-7= 7x7-7= 5x7-7=\n你发 现了 什么 ?， @ 数学游戏你 算得快， g S， [on] 1&)\nE— |\n74,594,0,unknown,text-extracted,,2.0,义务教育教科书_·_数学二年级上册,32,2025-07-21T14:23:05.987Z,2.0,义务教育教科书 · 数学二年级上册,二年级,ocr,unknown,0.24608501118568232,0.7999999999999999,0.594,1,上册,/Users/LeoQin/Documents/GitHub/PDFconvertor/training_data/小学/数学/人教版/义务教育教科书 · 数学二年级上册.pdf,义务教育教科书_·_数学二年级上册.json,数学,52
义务教育教科书_·_数学二年级上册_chunk_33,33,"5 0 0 GO Oo 所先 提出一 个用 乘法解决的 问题， 再解答。 (10) 3XT7= 6x7= 4x7=\n2xX7+7= Dx7+7= 3x7+7=\n4x7-7= 7x7-7= 5x7-7=\n你发 现了 什么 ?， @ 数学游戏你 算得快， g S， [on] 1&)\nE— |\n74 上 8 的乘法口 决 )\n|\n0 8 6 [ J[ J[ J[J[ J[]\n1x8=8 一入 得入 8x1=8\n2x8=| | | 三入 ( )| 8x2= |\n3x8=| |] | 三入 ( )| 8xL=L\n4x8=[ |] | 四入 ( )| 8xD=0D\n5x8=| | | 五入 ( )| 8xL=L\n6x8=[ | | 交入 ( )| 8x[ 站 =\n7x8=[ | | 七入 ( )| ex[J=[]\noxe=[\n有 Ch\n加五 人 ( ) -三入 ) 入入 ( )\n( ) 入二 十四 ( ) 入四 十入 ( ) 入五 十六\n@ 8x3= 4x8= 8x6= 7x8=\n5x8= 8x2= 3x8= 8x8=\n计算每 一题 用的 是哪 甸口诀 ?\n75 4 练习上 T 八\n@ 算一 算 O 〇\n\n\n\nEee 小小 Eee 人 Eee\nLxL=L\n© 4x8= 2x8= 6x8= 7x6=\n5x8= 7x8= 3x8= 7X5=\n6x6= 3x6= 8x8= 4X7=\no&—&,\n@> & & W\n@ 背出 8 的乘法口诀。 © 1 只蟾 蛛 8 条腿 , 2 只晓 蛛 16 条腿 , 3 Riwk % J 5oM2?\n4 只呢 ? 你能 说到 几只 ?\n76",689,0,unknown,text-extracted,,2.0,义务教育教科书_·_数学二年级上册,33,2025-07-21T14:23:05.987Z,2.0,义务教育教科书 · 数学二年级上册,二年级,ocr,unknown,0.24897119341563786,0.7999999999999999,0.689,0.95,上册,/Users/LeoQin/Documents/GitHub/PDFconvertor/training_data/小学/数学/人教版/义务教育教科书 · 数学二年级上册.pdf,义务教育教科书_·_数学二年级上册.json,数学,52
义务教育教科书_·_数学二年级上册_chunk_34,34,"回 8x2= 7x3= 8x6= 2x8=\n6x5= 8x4= 7x5= 4x4=\n5x8= 8x3= 8X7= 6xX4=\n加从 “一一 得一 ” 背到 “和八 入六 十四 ”。 (10) : / 3 k .\n二 5 7e NE\n= 首 ec = iaie\nlgX SANE 六由 NS\n上图 中一 共有多 少名 花样游泳运动员 ?\n1) 6x8= 8x3= 5X8=\n5x8+8= 8x2+8= 6x8-8=\n7x8-8= 8x4-8= 4x8+8=\n你发 现了 什么 ?\n了人 人 7\n四\n, 因三 / 54 k 六装 & 机 b k>1 & a\n& 区人 £. aa ;\n| | = 2 2\n由上 图你 能提出什么数学问题 ?你会 解答吗 ?\n77 CE\n3 ‖ 二硬 二\n[>\n长乓 用区 加加\n辽因 和画 2 买 3 个笔 湖， 一共 多少 钱 ?\n[| 属 SSS\nISSN\n\n知道了 什么 ?\n知道了 .…….\n要解决的 问题是 ……:\ngx 2 元 2 元一 共是 3 个 8 元\n— 2 4 ’\n共 ? 元网: 用冬 法计算。 Rd 加让\n8x3=24( 元 ) 寺由\n解答正确吗 ?\n求总 钱数， 可以 用\n1 个笔 袋的 价钱乘\n天的 个数， p 答 , 一其 元。 想一 想 : 买 7 块橡皮， 一共 多少 钱 ?\nLxLJ=L (CO )\n口答 : 一共 | | 元。 你还 能提出其 他用 乘法解决的 问题并 解答吗 ?\n78",629,0,unknown,text-extracted,,2.0,义务教育教科书_·_数学二年级上册,34,2025-07-21T14:23:05.987Z,2.0,义务教育教科书 · 数学二年级上册,二年级,ocr,unknown,0.4400921658986175,0.5,0.629,1,上册,/Users/LeoQin/Documents/GitHub/PDFconvertor/training_data/小学/数学/人教版/义务教育教科书 · 数学二年级上册.pdf,义务教育教科书_·_数学二年级上册.json,数学,52
义务教育教科书_·_数学二年级上册_chunk_35,35,"4 练习干 九\n@ (1)\n7 角\n[jxL = | ( 角 )=L | 元 [| 角\n(2) W W W W W W\n8 角\n[jxL = | ( 角 )=L | 元 [| 角\n@ 7x5= 4x8= 3X6= 8X7 =\n2X6= 4+8= 8XxX3= 8+7 =\n8+8= 7X7= 5x6= 7x4=\nO 一套 童话 书共 有 8 本， 每本 7 元。 买一 套需 要多 少钱 ?\n2 (€ * = =—"" i—= Z 2 = - 4\n[s~ & 元有 [8x |\n(1) 小丽 要买 5 元一 金的 水彩 笔， 买 7 爹一 共要 多少 钱 ?\n(2 ) 你还 能提出其 他用 乘法解决的 问题并 解答吗 ?\nO 务耸 、 奶奶 、 答爸 、 妈妈 带小 红和 弟\nRN 的半 BAR: 8 元 /人弟 去公园。 公园 门票的 价格如 右图。| 学生 昌 4 元从\n除了弟弟外， 其他 人都 要买 门票一 共需 要多 少钱 ?\n79 有 9 的乘法口 决 )\n[4 看 “感人感 “二\nS: .6. .6. §\nS: 16: 16. °§\n路围棋。 S. 26. 、 吉人 看\nCj) 三) 全) 全 《人三 (二人 二人 从\nS S: _8: [6. “§ §\nake 二 “二 'e s'e\n局 ,局 6. '§.6 [ 艳\nLVYYyYyYyYyYyy、， 0 9 18 [] | | [] [] [] []\n1x9=9 一九 得九 9x 1=9\n2x9=[_] | 三万 ( ) | ex 中 =[\nsxe=[ ] |2A( )| 9xD-C\n4xg=[ |wr( )| 9x[J=[\n5x9=[_] | 五九 ( ) | 9x 加 =[\n6x9=[] | &k( ) | ox[J=[_]\n7x9=[] | &h( )|ox[=[\n8x9=[_] | 入万 ( ) | 9x 四 =[\nox9=[_] | 区万 )\n下\n2x9= 6x9= 7x9= 9x9=\n9x8= 9x3= 9x5= 9x4=\n80 4 练习二 十和 人",874,0,unknown,text-extracted,,2.0,义务教育教科书_·_数学二年级上册,35,2025-07-21T14:23:05.987Z,2.0,义务教育教科书 · 数学二年级上册,二年级,ocr,unknown,0.2991735537190083,0.5,0.874,1,上册,/Users/LeoQin/Documents/GitHub/PDFconvertor/training_data/小学/数学/人教版/义务教育教科书 · 数学二年级上册.pdf,义务教育教科书_·_数学二年级上册.json,数学,52
义务教育教科书_·_数学二年级上册_chunk_36,36,4 练习二 十和 人\n\n@ 5x9= 9x6= 4x9=\n3x9= 9x2= 1X9=\n9x9= 9xX7= 8xX9=\n\n加连 一连。 回在 下表 中国 出 9x{1、9x2、9x3……:9xg9 的积。 1 2| 3| 4| 5| 6|7| 8| 9]10\n1 12113114|1151146117118119120\n21|22|23|24|25|26|27|28|29|30.\n31|32133|34|135|136|137|138|39 40\n41|42143|144|45 146|147|148|149150.\n51| 52 | 53|54|55| 56|57|58|59|60\n61| 62|163|64|165|166|67|68|69|70.\n71|72173|174175176177178|179|180\n81|182183|184|185186187|188|189|190\n仔细观察 9 乘几 的各 个积， 你发 现了 什么 ?\n\n回背 出 9 的乘法口诀。 81 ® 6x9- 9x4= 8x9=\n5x9+9= 9x3+9= 9x9-9=\n7x9-9= 9x5-9= 7x9+9=\n你发 现了 什么 ?\n@ (1)\n¢ ¢ ¢ 6 6& &\n[xs=L Ox[J=C_]\nNIEEIIT\n[xj=L\n下\n_ |\n7%\n[LIxLJ=L (CC )\nO 从 “一七 得七 ” 背到 “ 九九 八十 一 ”。 @_ wa en nesssese， 限坐 3 人。 H f Er 人人 手刘 和角 限本 这 ”go\nTe @Y 8\nSS\n82,683,0,unknown,text-extracted,,2.0,义务教育教科书_·_数学二年级上册,36,2025-07-21T14:23:05.987Z,2.0,义务教育教科书 · 数学二年级上册,二年级,ocr,unknown,0.13309352517985612,0.7999999999999999,0.683,1,上册,/Users/LeoQin/Documents/GitHub/PDFconvertor/training_data/小学/数学/人教版/义务教育教科书 · 数学二年级上册.pdf,义务教育教科书_·_数学二年级上册.json,数学,52
义务教育教科书_·_数学二年级上册_chunk_37,37,(1) 9 只脚 踏船 最多 可坐 多少 人 ?\n(2) 你还 能提出其 他用 乘法解决的 问题并 解答吗 ?\n图按 规律填 一填。 10 》 19 b 28 ”_ E，_，_，，_，_ Oo\n© 两个 小组 给树 浇水。 第一 小组 有 7 名同学， 每人 滋了 9\n棵树， 第一 小组 一共 浇了 多少 棵树 ? 第二 小组 比第 一小\n组多 滋了 7 棵树， 第二 小组 一共 滋了 多少 棵树 ?\nB 一个 玻璃杯 9 元， 王阿姨要 买 10 个， 一共 需要 多少 钱 ?\n4 人\n@ 数学游戏用 双手表示 9 的乘法口诀一 九得 九二 万确 三九 二十 七仔细观察上 图， 每一 名口诀是 怎样用 手指表\n示的 ? 弯曲的 手指左边的 手指个 数， 表示 什么 ?\n弯曲的 手指右边的 手指个 数， 表示 什么 ?\n你能 用手指表示出 9 的其 他几 和名 乘法口诀吗 ?\n思考一 下， 你能 说出 其中 的道理吗 ?\n83,419,0,unknown,text-extracted,,2.0,义务教育教科书_·_数学二年级上册,37,2025-07-21T14:23:05.987Z,2.0,义务教育教科书 · 数学二年级上册,二年级,ocr,unknown,0.7808219178082192,0.7999999999999999,0.419,1,上册,/Users/LeoQin/Documents/GitHub/PDFconvertor/training_data/小学/数学/人教版/义务教育教科书 · 数学二年级上册.pdf,义务教育教科书_·_数学二年级上册.json,数学,52
义务教育教科书_·_数学二年级上册_chunk_38,38,"15」 一种 客车的 座位示意图 如下， 二 (1) 班准备租 这种\n车去 参观科技馆。2 名老师和 30 名学 生 , 坐得 下吗 ?\n国轩 加加 国国 国国 到三 国国 国国 国国 双 @\n国加 加国 国转 转转\n国轩 加国 国转 转转\n知道了 什么 ?\n知道有 [ _] 名老师和 [，_] 名学 生， 还知道 ……\n问的 是 .…….\n怎样解答 ?\n各 -yy 、 可以 先不 看最 后一 排， 分别\n先算出乘客座位数。 前面 | | 和一生人 人每 排 4 个座位， 最后 一排 | | HELRELASIAR\n5 个， 一共有位， 再加 上 .………\n,总 p 2 x7=14 (个 ) S,\nbj 4x7=28 (个 ) 2x7=14 (个 ) ad\n28+5=33 (个 ) 14+14+5=33 (个 ) |eky\nird\n解答正确吗 ? 加学 生和 老师一 共 32 人。 客车 SI 全\nES\n砂做 一做\n22232%\n35 个小 朋友每 人吃 1 个鸡蛋， 右图 |\n的双人证\n84 4 练习二 十一 |\n\n() 8x3= 5X7= 6X6= 4xX9=\n\n加 1 件衬 衣有 9 个扣子，6 件有 多少 个扣子 ?\n\n© 李叔 叔运 来 30 倪鲜 花， 他想 按右 图摆 放，@@@OG@\n这些 花够 吗 ? Seeieie\n这些 花够 吗 ? 00000\n\n00000\n00000\nOJO)\n\n@ 在空格里 填出 每两 [X[1]2]3]a]s]6]7]8]9]\n个数 的积， 看谁 能 [77 | | | | |\n全证 对 S| | Jeal |\n全填 对。 er\n\n回 6x9+5= 7x5-12= 3x5-15=\n8+7-6= 9X9-3= 8X7+6=\n\n® o4 小亮 一共有 40 个车 轮， 他\n\n4 有了 7 SO 能组 装出 一列 有 6 节车 必\n8 个车轮 , 厂蛋 的小 火车吗 ? 为什么 ?\n\n人 GT\n\nJW 硬曙 中",839,0,unknown,text-extracted,,2.0,义务教育教科书_·_数学二年级上册,38,2025-07-21T14:23:05.987Z,2.0,义务教育教科书 · 数学二年级上册,二年级,ocr,unknown,0.4847972972972973,0.5,0.839,1,上册,/Users/LeoQin/Documents/GitHub/PDFconvertor/training_data/小学/数学/人教版/义务教育教科书 · 数学二年级上册.pdf,义务教育教科书_·_数学二年级上册.json,数学,52
义务教育教科书_·_数学二年级上册_chunk_39,39,"回 6x9+5= 7x5-12= 3x5-15=\n8+7-6= 9X9-3= 8X7+6=\n\n® o4 小亮 一共有 40 个车 轮， 他\n\n4 有了 7 SO 能组 装出 一列 有 6 节车 必\n8 个车轮 , 厂蛋 的小 火车吗 ? 为什么 ?\n\n人 GT\n\nJW 硬曙 中\n\nsz\n加 ( ) 里最 大能 填几 ?\n( )x4<29 45>5x( ) 7x( )<50\n( )x8<55 40>( )x9 6x( )<55\n85 情整理和 复习如 轿归 2\n团在 卡片上 写出 学过 的乘法口诀并 进行整理， 说一 说自己是 怎样整理的。 网下 面是 亮亮 整理 的乘法口诀表， 仔细 观察 并回答问题。 乘法口诀表\n一和\n二 | 二\n|\nesass | |\nET\nET\n(1) 说一 说亮 亮是 怎样整理的， 再帮 他把 口诀表 补全。 (2 ) 任意指 一名 乘法口诀， 说出 用它 计算 的乘法算式。 A\n@ 你知道吗 ?\n我们 学习 的乘法口诀， 两千\n多年 前在 我国 就已 经出 现了， 那时\n人们 把口诀刻 在竹简上。 (8\n那时 从 “ 九九 入十 一 ” 开\n\n七百 多年 前才 倒过 来， 从 “一一\n得一 ”开始。 86 4 练习二 十二 |\nO 照右 图用 硬纸 做两 个圆， 钉在 一起 并写 允淮\n上数。 转动 一个 国， 使里 外每 两个 数对 ”Ga\n齐， 说出 每两 个数 乘得 的积。 @ 6x7= 9x4== 39+8= 9x9=\n6x4= 5X6= 3XT7= 4X8=\n3 rx9= 9x8= 43%20=\n© RFTHERERT —2P8 [|mpmmpum",704,0,unknown,text-extracted,,2.0,义务教育教科书_·_数学二年级上册,39,2025-07-21T14:23:05.987Z,2.0,义务教育教科书 · 数学二年级上册,二年级,ocr,unknown,0.5346534653465347,0.7999999999999999,0.704,1,上册,/Users/LeoQin/Documents/GitHub/PDFconvertor/training_data/小学/数学/人教版/义务教育教科书 · 数学二年级上册.pdf,义务教育教科书_·_数学二年级上册.json,数学,52
义务教育教科书_·_数学二年级上册_chunk_40,40,"@ 6x7= 9x4== 39+8= 9x9=\n6x4= 5X6= 3XT7= 4X8=\n3 rx9= 9x8= 43%20=\n© RFTHERERT —2P8 [|mpmmpum\n\n和套餐。 每种 套餐各 花多 少 [Al 8 元 |3 | |\n钱 ? 一其 花了 多少 钱 ? B | 5 元 |4| |\n和 CC 7 元 | 6 |\n@ 6x9= 8x7= 45+54= 83-26=\n@ (1) 小明 想玩 一次 蹦床和 一次 旋转 p,\n木马， 一共 要花 多少 钱 ? ER\n(2) 8 个小 朋友玩 一次 旋转木马， | H 康 9 元 /人村 钓鱼 5 元 /人一 共要 花多 少钱 ? 次转 未马 了元 /人\n(3 ) 你还 能提出其 他用 乘法解决的 “一问题并 解答吗 ?\nRENN 画图解决问题下\n本法 口诀入 是一 个好 办法 !\n本单元结束了，。 有了 节法 2 庆， 下 -\n你想 说些 什么 ? FERRIT\n成长 小档案 &i 二人\n/人昌 /\n* &\n87 =i |=}\n风量一 量， 比一 比国\n. %\nPh 九且 二， V_a 本一 一 “全二 一有 “国王 |\n5 & IE | ¥ IE\n和 i/4|| —| | 六 | 用必 刘让 E\n将 y— 时总 n= 的可 有\n1 二可 本 is\n了一 二 | 硬。 nNE~\nPP /后 qh 人用\n\nES EEC |\n人器 归 <\n下出\n® 册 J\n88",622,0,unknown,text-extracted,,2.0,义务教育教科书_·_数学二年级上册,40,2025-07-21T14:23:05.987Z,2.0,义务教育教科书 · 数学二年级上册,二年级,ocr,unknown,0.44730679156908665,0.5,0.622,1,上册,/Users/LeoQin/Documents/GitHub/PDFconvertor/training_data/小学/数学/人教版/义务教育教科书 · 数学二年级上册.pdf,义务教育教科书_·_数学二年级上册.json,数学,52
义务教育教科书_·_数学二年级上册_chunk_41,41,"=i |=}\n风量一 量， 比一 比国\n. %\nPh 九且 二， V_a 本一 一 “全二 一有 “国王 |\n5 & IE | ¥ IE\n和 i/4|| —| | 六 | 用必 刘让 E\n将 y— 时总 n= 的可 有\n1 二可 本 is\n了一 二 | 硬。 nNE~\nPP /后 qh 人用\n\nES EEC |\n人器 归 <\n下出\n® 册 J\n88 有一 辆卡车长 6 米， 你们 能用 合适的 方式表示这 个长 度吗 ?\n|\nof ehehegad LeBoko§y C folo T ReV ely Yol ofe\n二\nLi 由风 R Wie iqd palll i 册 | | 8 7\n; EP IS rd % < ER 区起 & <\n一个 人的 肩宽大约 是 、 N\n30 Bk, 20 MAFFHE 5\n站着 和卡车差不多长。 于关 不多 人和。 & 5 局 1 © 所。 Si > RE 一人 ER —— < |\n7 A ny 可 =V] 全\nE — |\nLdYNe q\n选择下 表中 的一 种动物， 像上 面这样， 用你 自己的 方式 把它 的身高或 身长表示出 来。 四\n.\n所选 动物 :\nET\n本测量标准 :\nx| mmn\n-人测量结果 :\n\n89 » » »\n7 书认识时 间\n) 全 2\n\nOU AY 可\nES 交\n| 中\ny w v 'N\n二熏 一 | | 革 —\nEl | E=y IE of 3Y | 3S\n| | 时二 3 =， RR\n数一 数， 填一 填。 2 分中\n4 分信和十 1 和 ( )。 5 分是 1 分 、 ( ) f\n() (NY\nC 10 2\n全 jc ( ) 9 3 15\n8 4\n(DSS sr )\n( )\n拨一 拔。 ( ) (\n人 6 D =\nx | 全四 人二 r ON Ac I¢ 1 10%\n9 3 9 { 引 15 :45 的 / 引 151\nJ 6 3 \ J ! 3 207 8 7。 7720\n5 0 25.\nEEC\n\n90",850,0,unknown,text-extracted,,2.0,义务教育教科书_·_数学二年级上册,41,2025-07-21T14:23:05.987Z,2.0,义务教育教科书 · 数学二年级上册,二年级,ocr,unknown,0.36380255941499084,0.5,0.85,1,上册,/Users/LeoQin/Documents/GitHub/PDFconvertor/training_data/小学/数学/人教版/义务教育教科书 · 数学二年级上册.pdf,义务教育教科书_·_数学二年级上册.json,数学,52
义务教育教科书_·_数学二年级上册_chunk_42,42,"(2] 从 4 时开始数。 ® ® ®\nT 和了\no 2 0 四 @ (0 本 ©\n9 : 3 9 : 3j 49 @ £9- : 3j @5\n改作 Te es\n7 6 5 7 6 5 @ @“ ¢ 37O\n® 9 ® 图 ©\n4 时 5 分 4 时 30 分或 4 时半 4 时 45 分时 针走 过数字 4， 分针 从 12 起走 了 am/\n多少 个小 格， 就是 4 时多 少分。 人仇 做一 做\n11 12 1 11 12 1 11 12 1 11 12 1\n10 2 10 2 10 2 "" 2\n9 p—3 9 3 9 3 9 3\n8 4 8 1 4 ,AAA 4 8 4\n7 6 5 7 .65 7 .65 7 6 5\n7:15 _ 一\n11 12 1 11 12 1 11 12 1 11 12 1\n10 2 10 2 10 2 10 2\n9 { 一 3 9 N 3 9 f 3\n8 4 8 4 8 4 8 4\n7 6 3 7 6 3 7 6 5 7 6 5\n4 { -\n@ 生活中 的数学天 安门 广场国旗的 升降时 间是\n:根据北京的 日出 日落 时间 确定 的。 人二 证 oKi a 2022 年 10 月 1 日瑟 是 7 二和 二 CR\n| S&= O FE . 升旗上 午 6:10\n降旗 下午 5:58\n91",570,0,unknown,text-extracted,,2.0,义务教育教科书_·_数学二年级上册,42,2025-07-21T14:23:05.987Z,2.0,义务教育教科书 · 数学二年级上册,二年级,ocr,unknown,0.2959770114942529,0.5,0.57,1,上册,/Users/LeoQin/Documents/GitHub/PDFconvertor/training_data/小学/数学/人教版/义务教育教科书 · 数学二年级上册.pdf,义务教育教科书_·_数学二年级上册.json,数学,52
义务教育教科书_·_数学二年级上册_chunk_43,43,"El 3\n10 2 ¥ o 10 2\n人/\n人 2 W. VER\nh\el, _ — NS —\n小明，10:30 三区 二自 做完 啦 !\n我们 还要 一起 | ¢\n去看 木偶剧。 小明 可能 在下 面哪个时 间去 踢球 ?\n11 12 1 11 12 1 11 12 1\n8 4 8 4 8 4\n7 6 5 7 .65 7 .65\n知道了 什么 ?\n知道了 .………:\n要选择 …….\n怎样解答 ? -\n小明 9:00 做完 作业，10:30 要\n2 4 g I A=\n做完 作业 9.00 | |HARGE BRauAn\n踢球 9:15\nP 看木偶剧 10:30 /\n[AP SA\n(/ 由 7:45 9:15 10:50\n& W X Vv X\n\n解答正确吗 ?\n9:00 一 9:15 一 10:30\n做完 作业 踢球 看木偶剧\n92",370,0,unknown,text-extracted,,2.0,义务教育教科书_·_数学二年级上册,43,2025-07-21T14:23:05.988Z,2.0,义务教育教科书 · 数学二年级上册,二年级,ocr,unknown,0.33858267716535434,0.7999999999999999,0.37,1,上册,/Users/LeoQin/Documents/GitHub/PDFconvertor/training_data/小学/数学/人教版/义务教育教科书 · 数学二年级上册.pdf,义务教育教科书_·_数学二年级上册.json,数学,52
义务教育教科书_·_数学二年级上册_chunk_44,44,"4 练习二 十三 |\nWA 一一 全 _ a\nPr\n加填空。 11 12 1 7 : 05 11 12 1\n10 2 10 2\n9 / 3 9 3\n8 4 8 了 4\n7 6 5 风 3), 76 5\n= 250 Wed\n) -ED 到\n[IE Y 0\n_ A\n|\n11 12 1 11 12 1\n10 2 | 10 2\n9 ~4 3 | | 人 9 一 0/ 3\n8 4 An N 8 4\n450 、 ”| 要 2 NA，,， Se 多全\n本一 一 Pa\n—== 一 | mm p\nEee 起 —— d y\n=) [ Lesson\n旭光 [ 攻 |\n全四 o 1 属 |\n7 和回 连线。 11 玫 1 11 加 1 11 加 1 11 2 1\n10 2 10 2 10 2 10 2\n9 用 3 9 QN 9 cr 3 9 昌\n8 4 8 4 8 4 8 4\n76 5 7 .65 765 765\n11 时 25 分。 站 ; 6 1\n9 & 下 、 光\nIT 1 1 - RN . 4 可 #\n人虹 Ar S) 由\nAS ARS > 全 14 全、 | 四 Re 本从 P= ig \ 性 oh e 和 y, Eisss WA [人一 i A\ LE \ ge i\nIi 本 | 了 ii |\n2 2 WIN， 全\nJ (9 时 5 分。 1 国史\n93 ”\nSG 小文 家玩。 y\n咱们 8: 30 开始 大扫除，E2EUZ SS\n然后去 大棚 摘西红柿。 4 3\n小红\n小红 可能 在什么时 间去 摘西 红柿 ?\n(5 亮亮 的活动时 间表\n时间 |3:00 ~ 3:20|3:30~4:00|4:10~4:35|4:45~5:30\n把时 间和 相应的 活动连 起来。 回 (1) 把你 每天 的作息时 间填 入下 表。 起床上学 | 午饭 | 放学回 家 | 看电视 | 晚饭 | 睡觉\n(2) 根据完成的 上表， 和同 桌互相提 几个 数学 3,\n问题并 解答。 我早晨 5: 00 可能 A)\n在外 面玩 吗 ? 人芯\n《Im\n94",874,0,unknown,text-extracted,,2.0,义务教育教科书_·_数学二年级上册,44,2025-07-21T14:23:05.988Z,2.0,义务教育教科书 · 数学二年级上册,二年级,ocr,unknown,0.3309734513274336,0.5,0.874,1,上册,/Users/LeoQin/Documents/GitHub/PDFconvertor/training_data/小学/数学/人教版/义务教育教科书 · 数学二年级上册.pdf,义务教育教科书_·_数学二年级上册.json,数学,52
义务教育教科书_·_数学二年级上册_chunk_45,45,"@ 填空。 二\n(1) 分针 从 12 走到 6,， 走了 ( ) 分。 站\n(2 ) 时针 从 12 走到 6, 走了 ( ) 时。 OOR7\n(3 ) 分针 从 3 走到 10,， 走了 ( ) 分。 ==\n(4) 时针 从 12 开始绕 了一 圈回 到 12, £7 () 时。 回你 发现 了什么规律 ? 画出 最后 一个 钟面 的时 针和 分针。 15 分也 可以\n说成 一刻。 am\n_— —_— —_— —_—\n© 连一 连。 0 国 | 上 0\n\n/ 有 . 出， 人 SA\n\nNa SEE\n(国王中 午可\n\n/ 1 四下 午 1\n\n上， 人 3 Us (ord p -全 A 所， 目\n7.5 5 过本 -征调 | Y 7 5 5\n: ES NE23 ES\n\n辣 ”和\nAS 画 4\n10) 10 1 2 lo 1 2 lo 1 2 10 L 2\n本 | 可入.， 的 N 本过 5 分是 过 10 分是 过一 刻是 过半 小时 是\n95 O 看图 讲故 事。 离开家 ,本 “ 12 1\n[ ~ 7 6 5， 全 9 人 3\n“GE 我们 上午 55P s\n人 ® 9: 30 出发。| 5VE\n[7\n&\n人\n=& 便串 _\n全- 1 sf\nds 由全 总 — = 二滑雪 oa 由 | 和\n1l1 12 1 隐一 入乡\n10 2 (+{] |\n; ), MN - 2 四 |\n二全 州全 z r\n§ q W 11 12 1\n| 10 2\n= Be\nSS | \ 局 HANY 6 5 全\nA) 4 NS s 9\n一一 EL\n吃午 亿。 人\n\n12 1 > 是天\nof 3 4 B, b\n» A\ S LEEA\nF——] TI\n攻吉 有\nIA I 例 3 的推理很 有趣 !\n本单元结束了， 我认识几时几 分了。 你想 说些 什么 ?\n成长 小档案 & 区富 人\n96",794,0,unknown,text-extracted,,2.0,义务教育教科书_·_数学二年级上册,45,2025-07-21T14:23:05.988Z,2.0,义务教育教科书 · 数学二年级上册,二年级,ocr,unknown,0.4095427435387674,0.5,0.794,1,上册,/Users/LeoQin/Documents/GitHub/PDFconvertor/training_data/小学/数学/人教版/义务教育教科书 · 数学二年级上册.pdf,义务教育教科书_·_数学二年级上册.json,数学,52
义务教育教科书_·_数学二年级上册_chunk_46,46,A)\n\ (8) 数学广角一 一搭配 (一 )\n(1] 用 1、2 和 3 组成 两位 数， 每个 两位 数的 十位 数和\n个位 数不 能一 样， 能组 成几 个两 位数 ?\n我用 卡片摆 一摆。 二人 人我 发现 1 和 2\n2 | 1 可以 组成 不同\n& . 的两 位数。 AL、， 国下 本向 和口上回 回口 全、\n我按 规律写 就不 乱我 摆得 有点 乱。】。 [十他 | 不全 了。 你也 按规 律皖\n& EREARY. T\n3 21y CF\n&h ERERN\nA\| C& EE ER [LT 人电\nfr )\n能组 成 | | 个两 位数。 怎样做 才能不 重不 漏 ?\n\n做一 做\nAEE. A 国王 3 种颜色中 寺出 | 北城 | 南城 |\n、[ 、 |\n2 种颜色， 给地 图上 的 2 个城区涂 上不 记 |\n同的 颜色， 一共有多 少种 涂色 方法 ? 和\n|\n[L E\n97 12」 从 5、7、9 这 3 个数 中， 任意 选取其 中 2 个求 和， 得数 有几 种可 能 ?\nTe\n先取 5 和 7。 EZIETIEN -SS.\n队二 7 分 9 g\nWwW -\nLT\nod\n哦 ! 两个 数的 和\n5 加 7 等于 7 加 5， 只 1\nEE\nEee 2 外外 人人\n得数 有 | | 种可 能。 本砂 做一 做鲜 每两 个人 握 1 次手，3 人一 共担 几次 手 ?\n\n@@ 先从 下面 的水 果中 选 1 种， 再从 蔬菜中 选 1 种， 放在 一起 榨果 蔬汁， 可以 榨出 几种 ? 连一 连。 站蔬 茉， 户一\n\n98,682,0,unknown,text-extracted,,2.0,义务教育教科书_·_数学二年级上册,46,2025-07-21T14:23:05.988Z,2.0,义务教育教科书 · 数学二年级上册,二年级,ocr,unknown,0.6049107142857143,0.5,0.682,1,上册,/Users/LeoQin/Documents/GitHub/PDFconvertor/training_data/小学/数学/人教版/义务教育教科书 · 数学二年级上册.pdf,义务教育教科书_·_数学二年级上册.json,数学,52
义务教育教科书_·_数学二年级上册_chunk_47,47,砂做 一做\n\n鲜每 两个 人握 1 次手，3 人一 共担 几次 手 ?\n\n@@ 先从 下面 的水 果中 选 1 种， 再从 蔬菜中 选 1 种， 放在 一起 榨果 蔬汁， 可以 榨出 几种 ? 连一 连。 站蔬 茉， 户一\n\n98 4 练习二 十四 |\nD 2 名同学坐 成一 排合影， 有多 少种 坐法 ? 3 名呢 ?\n四从 下面 3 本书 中选 2 本，， 送给 小丽 、 小清 各 1 本， 川天 了 R#\n一共有多 少种 送法 ? 3 =\n共有多 少种 送法 训沽 汉\n© 每次 穿 1 件上 衣 、1 条裤子， 有几 种穿 法 ?\n[王公人\n一由\n图从 下面 3 枚硬币中 取硬 币， 一共 可以 取出多 少种 不同 的钱 数 ? 一\nll HL 我发现有 条理 地国生 、\n本单元结束了， 思考问题， 又全 考虑排列的 顺序。 你想 说些 什么 7。 醒双 条便。 成长 小档案人 CA\n® 人 SS\n99 »\n\ 9 5Y=1%)\n这学 期学 习了 什么 ? 人学 习了 乘法 …… 认识了 各种 角 .……-\n@g@ @\n@g@ @\n口诀 : 二三 得六\n学习 了笔算加 、 减法 ……: 学会 了观察物体 ……\n35 9 2 2\n+ 417 -6 8\n8 2 2 4\n学习 中最 有趣 的事情是 什么 ?\n有的 加法 用乘法算式 | | 猜旗 杆高 度的\nW- — 表示比较简便， 活动很 有意思。 次\nSS © -区信\nk《 帮 2+2+2+2+2+2+2+2=1I6 N)\n4) 扩\n1 人 Ni\n100,664,0,unknown,text-extracted,,2.0,义务教育教科书_·_数学二年级上册,47,2025-07-21T14:23:05.988Z,2.0,义务教育教科书 · 数学二年级上册,二年级,ocr,unknown,0.65625,0.5,0.664,1,上册,/Users/LeoQin/Documents/GitHub/PDFconvertor/training_data/小学/数学/人教版/义务教育教科书 · 数学二年级上册.pdf,义务教育教科书_·_数学二年级上册.json,数学,52
义务教育教科书_·_数学二年级上册_chunk_48,48,"@ (1) 笔算两 位数 加 、 减法 应注意什么 ?\n(2) 28+59= 19+32= 47+25= 23+37=\n| 30-26= 61-18= 96-39= 70-24=\n@ 仔细观察， 在空格里 填上 相应的 积。 x|1]2|3]a]|5|6]7]8]9]\nHEEEEEEEER\n| 4| | |\n四硬 面器 面硬 加本 硬国\n4 | | 6\n| | | | zs |\n| | | | el | | |\n了 | | ae\n| | 64 |\n9 |\n(1 ) 任意指 一个 积， 说出 所用 的乘法口诀。 (2 ) 观察每 行或 者每 列的 数， 你能 发现 什么规律 ?\n(3 ) 下面 的表格是 上表 中的 一部 分， 请把 它们填 完整。 (3 10 12 1 5 10 12 1 > 10 12 1， 1 12 1 )\n本 / N 9 一 N 可 SA N 可 \， 7 6 5 7 .65 7 6 5 7 4 5\nUL， ) KU ) CU ) KU:\n101 @ I 公 rw 这办 玫 opm refy\no | Sods, 本 q 全的 v ee t 了\nw 人人 必才 办一 Ege ~ o\n区 4 | 二全 风 : 国国 :， [人\n(1 ) 南瓜有 几个 ? 冬瓜比 南瓜多 5 个 ,冬瓜有 几个 ?\n(2 ) 你还 能提出其 他数学问题并 解答吗 ?\n[5 在括号里 填上 “厘米 ” 或 “ 米 ”。 (1) 床长 1( )90( ).\n(2 ) 故事书 宽 15( )。 (3 ) 一棵 树高 6( )。 @ (1) 右面的 图形 里有 几个 角 ? 哪几 个角 是直角 ?\n(2 ) 在图 形里 加画 一条 线段， 使它\n增加 3 个直角。 @ 广一 连。 向全\nes )\no _M_2 2 全全) 同谋人\n“本 |\n中 1 和\n— ® &\n102 4 练习二 十五",803,0,unknown,text-extracted,,2.0,义务教育教科书_·_数学二年级上册,48,2025-07-21T14:23:05.988Z,2.0,义务教育教科书 · 数学二年级上册,二年级,ocr,unknown,0.40816326530612246,0.5,0.803,1,上册,/Users/LeoQin/Documents/GitHub/PDFconvertor/training_data/小学/数学/人教版/义务教育教科书 · 数学二年级上册.pdf,义务教育教科书_·_数学二年级上册.json,数学,52
义务教育教科书_·_数学二年级上册_chunk_49,49,4 练习二 十五\n\n加 78+16= 54+29= 36+58= ”62+31=\n47-29= 61-34= 73-43= 90-27=\n40-17= 52+34= ”93-46= 38+47=\n\n@ 29+35+9= ”97-25-47= 53-9-37=\n75-46+31= 48+26-39= 53-(9+37)=\n\n图海洋馆 里有 13 条黄金神 们鱼， 花面 神仙 鱼比 黄金神 们鱼 多 9 条， 透红 小丑 鱼比 黄金神仙鱼 少 8 条。 了 5 SA\n由:\n- Ja E 和 4\n\n(1) 花面 神仙和 鱼有 多少 条 ? 两种 神仙鱼 共有 多少 条 ?\n\n(2 ) 你还 能提出其 他数学问题并 解答吗 ?\n\n@ 四七 ) 人 ) 七十 二 ( ) 和八 二十 四六 九人 ) 五人 ) 三十 ( ) 八五 十六\n7x9= 6x7= 5x4= 3x6= 4x6=\n4x9= 6x8= 5x9= 5+8= 9-6=\n\n(5 在 O 里填 上 “十 》》 [13 _ 》》 “’ 或 > “一 4 一人。 4()6=24 25+8()35 2x6()12 4x9()34\n30()6=24 6()9=15 5x7()32 8x9()73\n\n103 侣 5x7+20= 7X9+17= 6X8+30=\n7X9-9= 6X7-34= 9X6-38=\nFww\n一共有多 少枚 跳棋子 ?\nB 二科学世界\n9 元 7 元 8 元\n(1) 买 6 本 《经典故事 》 和 1 本 《科学世界 》， 一共\n要花 多少 钱 ?\n(2) 有买 5 本 《连环画 》 和 1 本 《科学世界 》，50 元钱\n够吗 ?\n(3 ) 你还 能提出其 他数学问题并 解答吗 ?\nO 将正确答案的 序号填 在 ( ) 里。 (1) 下面 可以 用来 计量物体长 度的 单位是 ( )。 D K @ 角 @@ 分 @ 时\n(2 ) 教学楼 大约 高 15 ( ).\nOF ¥ @ 厘米 @ 分 @ T\n(3) 一节 课的 时间 是 40( )。 OFN @ 分四 元 Q@ 时\n104,885,0,unknown,text-extracted,,2.0,义务教育教科书_·_数学二年级上册,49,2025-07-21T14:23:05.988Z,2.0,义务教育教科书 · 数学二年级上册,二年级,ocr,unknown,0.3615023474178404,0.5,0.885,1,上册,/Users/LeoQin/Documents/GitHub/PDFconvertor/training_data/小学/数学/人教版/义务教育教科书 · 数学二年级上册.pdf,义务教育教科书_·_数学二年级上册.json,数学,52
义务教育教科书_·_数学二年级上册_chunk_50,50,"人 @@ 先估计下 面两 条线段的 长度 ,再量 一量 实际长 多少 厘米， 填在 括号里。 - ( )\n图以 右边的 点为 顶点， 分别\n画一 个锐角 、 直角 和鳄 角。 © 写出 相应的 时间， 画出 缺少的 分针。 ® 连一 连。 四 2\n» : . ) 3, | 4 / A — es\n二二 E 浊 9 村动\n| - IE 2 1 过\n~- ,本一 -\nG &\n@ 八 /\\n像这 样继续摆 下去， 第 4 个图 形有 多少 根小 棒 ? 第 7 个呢 ? 你能 发现 什么规律 ?\n105 [这学 习表现 | 击南 走 | 二页 | 页人\nnt\n和积极思考老师提出的 问题\n\n\n愿意和 同学讨论学 习中 的问题敢于把 自己的 想法讲 给同学听\n人\n106 附页\n四\n\n&\n&\n四上\nME\nAN\n四和\ng|Kk|<\nadl | 是 |\n| 中\nII\n\n一省 | &\nI se | oF\n类人\n嵌\n107 人人 胃路",412,0,unknown,text-extracted,,2.0,义务教育教科书_·_数学二年级上册,50,2025-07-21T14:23:05.988Z,2.0,义务教育教科书 · 数学二年级上册,二年级,ocr,unknown,0.6457564575645757,0.5,0.412,0.95,上册,/Users/LeoQin/Documents/GitHub/PDFconvertor/training_data/小学/数学/人教版/义务教育教科书 · 数学二年级上册.pdf,义务教育教科书_·_数学二年级上册.json,数学,52
义务教育教科书_·_数学二年级上册_chunk_51,51,[这学 习表现 | 击南 走 | 二页 | 页人\nnt\n和积极思考老师提出的 问题\n\n\n愿意和 同学讨论学 习中 的问题敢于把 自己的 想法讲 给同学听\n人\n106 附页\n四\n\n&\n&\n四上\nME\nAN\n四和\ng|Kk|<\nadl | 是 |\n| 中\nII\n\n一省 | &\nI se | oF\n类人\n嵌\n107 人人 胃路 后记\n本册 教材 是在 依据 《义务教育数学课程标准 (2011 年版 )》 编写 的 《义务教育教科书 数学二 年级 上册 》(2013 年版 ) 基础上 修订的， 修订 重点 是对 文字和 插图进行了 优化组 合， 对插图进行了 重绘， 经国家教材委员会 专家委员会\n2022 年审核通过。 在此， 对中 央美术学 院小 学数学教材插图绘制团队和 其他 对插图重 绘工作提供过 帮助与 支持的 社会各 界朋友， 表示 深深 的敬意和 诚挚的 谢意 !\n我们 真诚地 和希望广大教师 、 学生 和家 长对 教材提出意见和 建议， 以便 不断\n提高教材质量。 联系方式 :\n电话 010-58758308\n电子邮件 jcfk@pep.com.cn\n中小 学教材意见反馈平台 jcyjfk.pep.com.cn\n人民 教育 出版 社课程教材研究所\n小学 数学教材编 委会\n2022 年 7 月 U Lilh 878-0-10/-16975-00\nHE90FE | |\n全 7571]7 3\n\n埃 i 元有\n\,615,0,unknown,text-extracted,,2.0,义务教育教科书_·_数学二年级上册,51,2025-07-21T14:23:05.988Z,2.0,义务教育教科书 · 数学二年级上册,二年级,ocr,unknown,0.6566523605150214,0.7999999999999999,0.615,0.95,上册,/Users/LeoQin/Documents/GitHub/PDFconvertor/training_data/小学/数学/人教版/义务教育教科书 · 数学二年级上册.pdf,义务教育教科书_·_数学二年级上册.json,数学,52
