Chunk_ID,Chunk_Index,Content,Content_Length,Quality_Score,Reliability,Source_Type,Original_Content,Enhancement_Version,book_name,chunkIndex,chunkSize,enhancementTimestamp,enhancementVersion,extractedAt,grade,loc_lines,publisher,qualityMetrics_chineseCharRatio,qualityMetrics_coherenceScore,qualityMetrics_lengthScore,qualityMetrics_ocrConfidence,semester,source,source_file,subject,totalPages
华东师大版-华东师范大学出版社_九年级_义务教育教科书·体育与健康九年级全一册_chunk_0,0,"义务教育教科书体育与健康体育与健康\nTIYUYUJIANKANGTIYUYUJIANKANG\n九年级全一册华东师范大学出版社华东师范大学出版社主　编季　浏副主编汪晓赞潘绍伟谭　华孟文砚庄　弼义务教育教科书体育与健康九年级全一册主 编季 浏责任编辑卜于骏封面设计卢晓红出 版华东师范大学出版社社 址上海市中山北路\n3663\n号邮编\n200062\n网址\n www.ecnu\n\nress.com.cn\n电话\n 021\n60821666 \n传真\n02160821766\n客服电话\n 021\n60821720 60821761\n印刷 者上海当纳利印刷有限公司开 本\n 787×1092 16\n开印 张\n\n字数\n 71\n千字版 次\n 2013\n年\n\n月第\n\n版印 次\n 2013\n年\n\n月第\n\n次书 号\n ISBN9787567506428\n/\n\n·\n6426\n \n 7.55\n元出 版人 朱杰人\n(\n如发现本版图书有印订质量问题\n,\n请寄回本社客服中心调换或电话\n021\n60821720\n联系\n)",444,0,unknown,text-extracted,,2.0,华东师大版-华东师范大学出版社_九年级_义务教育教科书·体育与健康九年级全一册,0,557,2025-07-21T14:24:55.353Z,2.0,2025-07-17T02:34:21.605Z,九年级,[object Object],unknown,0.5619834710743802,0.6,0.444,0.95,全一册,/Users/LeoQin/Documents/GitHub/PDFconvertor/training_data/初中/体育与健康/华东师大版-华东师范大学出版社/九年级/义务教育教科书·体育与健康九年级全一册.pdf,华东师大版-华东师范大学出版社_九年级_义务教育教科书·体育与健康九年级全一册.json,体育,63
华东师大版-华东师范大学出版社_九年级_义务教育教科书·体育与健康九年级全一册_chunk_1,1,"编者的话亲爱的同学\n:\n首先祝贺你进入中学阶段的学习\n,\n希望你健康快乐\n,\n学业有成。 初中阶段是一个人从儿童进入少年的时期\n,\n在这期间\n,\n你会惊奇地发现自己慢慢地在变\n:\n小伙子个儿长高了\n,\n骨骼变粗了\n,\n肌肉发达了\n;\n小姑娘在长高的同时\n,\n生理上也发生了微妙的变化。 是的\n,\n少年时期是步入青春的前期\n,\n像刚离巢的雏鹰\n,\n似早春枝头的花朵\n,\n如未经雕琢的璞玉\n,\n是美好人生的序曲。 从现在起\n,\n你将带着对愉快童年的美好回忆\n,\n进入一个既新鲜又丰富多彩的环境\n,\n为把自己培养成为国家期望\n、\n社会需要的高素质人才而努力学习。 每个人都希望自己拥有一个健康的身体。 可是\n,\n健康的身体并不是想要就会有的\n,\n这里没有阿拉丁的\n“\n神灯\n”,\n没有\n《\n渔夫和金鱼的故事\n》\n里的\n“\n金鱼\n”。《\n体育与健康\n》\n课本会告诉你怎样通过积极的体育学习\n、\n科学的体育锻炼\n、\n合理的膳食搭配\n、\n良好的卫生习惯以及掌握预防疾病的知识和方法等\n,\n去获取健康。 这里\n,\n还要告诉你的是\n,\n课本中讲的健康\n,\n并不是单纯地指肌肉发达\n、\n力大无穷等外表上的健康\n,\n而是指身体\n、\n心理和社会适应等方面完美结合的健康。 我们相信\n,\n经过对课本的学习\n,\n你会初步理解体育与健康的含义\n,\n增强自己参与体育学习和锻炼的动机和信心\n,\n并真正从中获益\n,\n使自己在掌握体育与健康知识\n、\n技能和方法的同时\n,\n健康水平得到提高。 课本中的绝大多数内容需要你紧密结合老师的教学\n,\n自觉主动地学习和积极努力地实践。 只有这样\n,\n课本才能成为你的良师益友\n,\n才能帮助你顺利成功地完成青春的蜕变。 希望你能够喜欢这本课本\n,\n也希望你能够拥有健康\n、\n快乐的少年时光\n!\n编者",751,0,unknown,text-extracted,,2.0,华东师大版-华东师范大学出版社_九年级_义务教育教科书·体育与健康九年级全一册,1,779,2025-07-21T14:24:55.353Z,2.0,2025-07-17T02:34:21.605Z,九年级,[object Object],unknown,0.8998435054773083,0.7999999999999999,0.751,1,全一册,/Users/LeoQin/Documents/GitHub/PDFconvertor/training_data/初中/体育与健康/华东师大版-华东师范大学出版社/九年级/义务教育教科书·体育与健康九年级全一册.pdf,华东师大版-华东师范大学出版社_九年级_义务教育教科书·体育与健康九年级全一册.json,体育,63
华东师大版-华东师范大学出版社_九年级_义务教育教科书·体育与健康九年级全一册_chunk_2,2,"目录\n 1 目录\n第一章运动参与\n/\n\n参与体育学习与锻炼\n/\n\n体验运动乐趣与成功\n/\n\n第二章田径类运动\n/\n\n田径类运动中的\n“\n美\n”/\n\n田径类运动基本技术的运用\n/\n\n田径类运动中常见的运动损伤及预防\n/\n\n第三章球类运动\n/\n\n球类运动中的\n“\n美\n”/\n\n球类运动基本技战术的运用\n/\n11\n球类运动中常见的运动损伤及预防\n/\n14\n第四章体操类运动\n/\n18\n体操类运动中的\n“\n美\n”/\n18\n体操类运动基本技术的运用\n/\n20\n体操类运动中常见的运动损伤及预防\n/\n22\n第五章游泳类运动\n/\n24\n游泳类运动中的\n“\n美\n”/\n24\n游泳类运动基本技术的运用\n/\n25\n游泳类运动中常见的运动损伤及预防\n/\n26 2 体育与健康第六章冰雪类运动\n/\n29\n冰雪类运动中的\n“\n美\n”/\n29\n冰雪类运动基本技术的运用\n/\n31\n冰雪类运动中常见的运动损伤及预防\n/\n32\n第七章武术类运动\n/\n35\n武术类运动中的\n“\n美\n”/\n35\n武术类运动基本技术的运用\n/\n37\n武术类运动中常见的运动损伤及预防\n/\n38\n第八章民族民间传统体育活动\n/\n41\n民族民间传统体育活动中的\n“\n美\n”/\n41\n民族民间传统体育活动基本技战术的运用\n/\n42\n民族民间传统体育活动中常见的运动损伤及预防\n/\n44\n第九章健康知识\n/\n47\n拒绝毒品\n/\n47\n艾滋病及预防\n/\n49\n乙型脑炎\n、\n肺结核\n、\n肝炎及预防\n/\n50\n不滥用镇静\n、\n催眠等成瘾性药物\n/\n52\n果断的决策能力\n/\n53\n第十章科学锻炼基本知识\n/\n55\n科学锻炼的意义\n/\n55\n科学锻炼的方法\n/\n56 第一章运动参与\n 1 第一章运动参与在体育运动中认识自我。 学会坚持有规律的体育锻炼。 懂得科学地进行体育锻炼。 运动参与的意义不仅在于感受运动的魅力\n,\n还在于养成良好的运动习惯。 无论是个人还是集体\n,\n在参与运动的过程中\n,\n都能享受到成功的乐趣\n,\n并在这个过程中增进健康\n,\n提高生活质量。 ★",852,0,unknown,text-extracted,,2.0,华东师大版-华东师范大学出版社_九年级_义务教育教科书·体育与健康九年级全一册,2,926,2025-07-21T14:24:55.353Z,2.0,2025-07-17T02:34:21.605Z,九年级,[object Object],unknown,0.806966618287373,0.7999999999999999,0.852,1,全一册,/Users/LeoQin/Documents/GitHub/PDFconvertor/training_data/初中/体育与健康/华东师大版-华东师范大学出版社/九年级/义务教育教科书·体育与健康九年级全一册.pdf,华东师大版-华东师范大学出版社_九年级_义务教育教科书·体育与健康九年级全一册.json,体育,63
华东师大版-华东师范大学出版社_九年级_义务教育教科书·体育与健康九年级全一册_chunk_3,3,"第一章运动参与\n 1 第一章运动参与在体育运动中认识自我。 学会坚持有规律的体育锻炼。 懂得科学地进行体育锻炼。 运动参与的意义不仅在于感受运动的魅力\n,\n还在于养成良好的运动习惯。 无论是个人还是集体\n,\n在参与运动的过程中\n,\n都能享受到成功的乐趣\n,\n并在这个过程中增进健康\n,\n提高生活质量。 ★\n\n“\n经常\n”\n二字\n,\n对于体育锻炼者来说非常重要。 只有经常参加体育锻炼\n,\n才有可能获得更多益处\n,\n所以古人用切忌\n“\n一曝十寒\n”\n来提醒自己。 在\n“\n经常\n”\n的同时\n,“\n适量\n”\n也不容忽视。 其中\n,“\n适量\n”\n是针对每一个个体而言的。 不同的个体\n,\n其适宜的量也各有不同。 在重复\n“\n经常\n”\n与\n“\n适量\n”\n的过程中\n,\n体育锻炼逐渐融入我们的生活\n,\n成为我们生活中不可或缺的一部分\n,\n帮助我们更好地走向健康。 ★ 锻炼计划是以健康为目标\n,\n以身体练习为手段\n,\n根据身体健康现状制定的运动计划。 锻炼计划的科学性对处于生长发育期的你来说尤为重要。 我们应根据自身的能力\n,\n选择合适的运动项目\n,\n合理的运动时间\n、\n强度和频率。 同时还要注意运动中的人身安全。 2 体育与健康\n\n★ 坚信没有战胜不了的困难在坚持体育锻炼的过程中\n,\n往往会遇到许多意料不到的\n“\n状况\n”,\n如天气变得恶劣\n、\n活动场地被占用\n、\n文化课作业量突然增加\n、\n临时出现考试任务等\n,\n它们常常会让你在是否坚持体育锻炼的问题上感到很\n“\n纠结\n”。 只要我们坚信\n“\n世上无难事\n,\n只怕有心人\n”,\n并始终坚持\n“\n健康第一\n”\n的指导思想\n,\n那么我们一定能战胜各种困难\n,\n坚持体育锻炼\n,\n达到增进健康的目的。 通过运动传递乐趣\n“\n独乐乐\n,\n与人乐乐\n,\n孰乐\n?”\n孟子曾这样提醒梁惠王要注意\n“\n与民同乐\n”。 在运动中也是如此\n,\n与同伴或亲人一起进行体育活动\n,\n可以相互传递乐趣\n,\n相互交流锻炼经验\n,\n从中获得更多的快乐\n,\n最终形成乐观开朗的人生态度。 ★",856,0,unknown,text-extracted,,2.0,华东师大版-华东师范大学出版社_九年级_义务教育教科书·体育与健康九年级全一册,3,925,2025-07-21T14:24:55.353Z,2.0,2025-07-17T02:34:21.605Z,九年级,[object Object],unknown,0.875,0.7999999999999999,0.856,1,全一册,/Users/LeoQin/Documents/GitHub/PDFconvertor/training_data/初中/体育与健康/华东师大版-华东师范大学出版社/九年级/义务教育教科书·体育与健康九年级全一册.pdf,华东师大版-华东师范大学出版社_九年级_义务教育教科书·体育与健康九年级全一册.json,体育,63
华东师大版-华东师范大学出版社_九年级_义务教育教科书·体育与健康九年级全一册_chunk_4,4,"不是只有刘翔和孙杨参与的运动才是运动\n,\n我们每天所进行的体育锻炼都是运动。 对于每一个普通学生而言\n,\n参与运动的目标不一定是要成为刘翔或孙杨。 大家应该树立正确的运动观\n,\n正确地定位自己\n,\n明确自己的身心发展目标\n,\n帮助自己增进健康。 名人名言娱乐是花\n,\n实务是根。 如果要欣赏花的美丽\n,\n必须先加强根的牢固。 ———\n爱默生\n(\n美国\n) 第一章运动参与\n 3 在课余时间\n,\n你可以针对自己身心发展上的薄弱环节\n,\n制定合适的锻炼计划。 自主学习用意志战胜困难除了耐力跑\n,\n体育锻炼中较难坚持的项目可能要算引体向上\n(\n男生\n)\n和斜身引体\n(\n女生\n)\n了\n,\n这两个项目对于增强你的上肢力量很有帮助。 请尝试给自己制定一个有针对性的锻炼计划\n,\n争取在一个月内实现上肢力量方面的突破。 合作学习以球会友篮球\n、\n排球\n、\n足球\n、\n乒乓球以及羽毛球等球类运动都是很受同学们喜爱的课余活动项目\n,\n请选择一项你最喜爱的球类运动\n,\n在双休日或节假日期间\n,\n找几个志同道合的伙伴\n,\n以球会友吧\n!\n参与项目\n: 活动时间\n: 我的伙伴\n: 活动感受\n: 探究学习巧用哑铃如果有一副重量合适的小哑铃\n,\n你会如何利用它来发展你身体各部位的肌肉力量\n,\n使体形变得更匀称\n、\n更健美呢\n?\n以下是一组可供参考的练习方案\n,\n请尝试根据自己的实际情况制定出你的锻炼计划。 锻炼内容锻炼部位重复次数持哑铃蹲坐起立大腿前后部和小腿\n10~15\n次持哑铃身体前屈\n、\n展臂胸背部\n10~15\n次持哑铃屈肘肱二头肌\n15~20\n次持哑铃仰卧\n(\n长凳上\n)\n扩胸\n、\n推举胸背部\n、\n臂\n10~15\n次持哑铃直立提拉\n、\n上举肩部\n、\n臂\n15~20\n次",732,0,unknown,text-extracted,,2.0,华东师大版-华东师范大学出版社_九年级_义务教育教科书·体育与健康九年级全一册,4,812,2025-07-21T14:24:55.353Z,2.0,2025-07-17T02:34:21.605Z,九年级,[object Object],unknown,0.872,0.7999999999999999,0.732,1,全一册,/Users/LeoQin/Documents/GitHub/PDFconvertor/training_data/初中/体育与健康/华东师大版-华东师范大学出版社/九年级/义务教育教科书·体育与健康九年级全一册.pdf,华东师大版-华东师范大学出版社_九年级_义务教育教科书·体育与健康九年级全一册.json,体育,63
华东师大版-华东师范大学出版社_九年级_义务教育教科书·体育与健康九年级全一册_chunk_5,5,"4 体育与健康第二章田径类运动懂得欣赏田径类运动中的美。 提高田径类运动基本技术的运用能力。 掌握田径类运动中常见损伤的知识及预防方法。 田径类运动在带给我们强健体魄的同时\n,\n也给了我们美的享受。 在田径类运动中\n,\n我们可以不断地领略运动的魅力所在\n,\n体会\n“\n更高\n、\n更快\n、\n更强\n”\n的奥林匹克精神。 与此同时\n,\n我们还需要注意学习与掌握常见运动损伤的知识及预防方法\n,\n安全地进行田径类运动。 ★\n\n田径类运动充分展现了人体的力量美\n、\n速度美\n、\n柔韧美和协调美。 在投掷项目中\n,\n铅球运动员一声大吼\n,\n用尽全身的力量将铅球推出\n,\n展现出雄壮的力量美\n;\n在短跑项目中\n,\n百米运动员风驰电掣般冲过终点\n,\n把速度美发挥得淋漓尽致\n;\n在跳跃项目中\n,\n跳远运动员完美的\n“\n挺身\n”\n诠释了柔韧美\n;\n在跨栏项目中\n,\n运动员连贯舒展的起跨攻栏技术演绎出跨栏的协调美。 ★\n\n田径运动员强健的肌肉\n、\n匀称的体型和健康的肤色\n,\n完美地展现了人体的姿态美。 在背越式跳高项目中\n,\n运动员矫健的助跑\n,\n迅速的起跳\n,\n舒展协调第二章田径类运动\n 5 的背弓\n,\n柔和平稳的过竿\n,\n犹如空中划过的一道美丽彩虹\n,\n完美地演绎出田径类运动的姿态美。 ★\n\n竞争给田径类运动注入了生命的活力\n,\n不断地推动着田径类运动向\n“\n更高\n、\n更快\n、\n更强\n”\n的方向发展。 在激烈的田径类运动竞赛中\n,\n我们经常看到这样的场景\n:\n遥遥领先的运动员以一丝不苟的态度贯彻始终\n,\n丝毫没有因领先而放慢前进的步伐\n;\n远远落后的运动员不甘示弱\n,\n鼓足干劲\n,\n努力追赶领先者\n,\n并坚持到比赛的最后。 这里所展现的\n,\n便是田径类运动的竞争美。 ★",734,0,unknown,text-extracted,,2.0,华东师大版-华东师范大学出版社_九年级_义务教育教科书·体育与健康九年级全一册,5,784,2025-07-21T14:24:55.353Z,2.0,2025-07-17T02:34:21.605Z,九年级,[object Object],unknown,0.898876404494382,0.7999999999999999,0.734,1,全一册,/Users/LeoQin/Documents/GitHub/PDFconvertor/training_data/初中/体育与健康/华东师大版-华东师范大学出版社/九年级/义务教育教科书·体育与健康九年级全一册.pdf,华东师大版-华东师范大学出版社_九年级_义务教育教科书·体育与健康九年级全一册.json,体育,63
华东师大版-华东师范大学出版社_九年级_义务教育教科书·体育与健康九年级全一册_chunk_6,6,"田径类运动可以说是\n“\n超越\n”、“\n顽强\n”、“\n拼搏\n”、“\n永不言弃\n”\n的代名词。 速度项目运动员分秒必争\n,\n与时间赛跑\n,\n其精神告诉我们只有顽强拼搏\n、\n努力付出\n,\n才能突破极限\n,\n发挥最大潜能\n;\n耐力项目运动员迈出的每一步都那么坚定有力\n,\n其精神告诉我们只有不放弃\n,\n才能到达成功的彼岸\n;\n跳跃项目运动员奋力拼搏以求最大突破\n,\n其精神告诉我们只有敢于挑战自己\n,\n才能超越自我。 你知道吗\n?\n感冒时不宜剧烈运动人们往往不重视感冒\n,\n认为感冒不是大病\n,\n只要进行体育活动\n,\n出一身汗就痊愈了。 其实不然\n,\n感冒是一种全身性疾病\n,\n对人体的危害较大\n,\n如不注意治疗\n,\n会并发心肌炎\n、\n肺炎等。 因此\n,\n若是轻度感冒\n,\n全身反应不明显\n,\n可参加轻微活动\n,\n但不宜进行剧烈运动\n;\n若症状明显\n,\n则应禁止进行剧烈运动\n,\n及时医治并注意休息。 6 体育与健康\n\n★ 障碍跑用途\n:\n学会在跑动中运用合理的方式越过障碍物。 同时\n,\n发展身体的灵活性与协调性\n,\n获取一些生活中的实用技能。 方法\n:\n根据自己的性别和体能状况以及不同障碍物的特点\n(\n距离\n、\n高度等\n),\n在跑动中采用合理的方式\n(\n如踏上式\n、\n跨步式\n、\n钻过式\n、\n绳荡式等\n)\n通过障碍物。 熟练后\n,\n你可以尝试在遇到紧急情况时\n,\n灵活应用\n,\n避开危险。 ★\n\n用途\n:\n发展下肢力量和灵敏性\n,\n提高弹跳力\n,\n可以在生活中灵活运用。 方法\n:\n先学习立定三级跳远\n,\n即一跳\n、\n二跨\n、\n三落地。 熟练后根据需要\n,\n对单足跳\n、\n双足跳\n、\n跨步跳进行不同形式的组合\n,\n形成新的跳跃练习方式。 立定三级跳远你知道吗\n?\n为什么跑步不能脚跟先着地首先\n,\n脚跟着地跑不快。 其次\n,\n脚跟着地会导致足弓无法发挥缓冲作用\n,\n其所产生的震动比前脚掌着地时大得多\n,\n容易引起膝关节损伤。 再次\n,\n脚跟经常与硬地板碰撞\n,\n会使脚后跟皮下脂肪垫受损\n,\n引发脚后跟的病变。",855,0,unknown,text-extracted,,2.0,华东师大版-华东师范大学出版社_九年级_义务教育教科书·体育与健康九年级全一册,6,936,2025-07-21T14:24:55.353Z,2.0,2025-07-17T02:34:21.605Z,九年级,[object Object],unknown,0.8705547652916074,0.7999999999999999,0.855,1,全一册,/Users/LeoQin/Documents/GitHub/PDFconvertor/training_data/初中/体育与健康/华东师大版-华东师范大学出版社/九年级/义务教育教科书·体育与健康九年级全一册.pdf,华东师大版-华东师范大学出版社_九年级_义务教育教科书·体育与健康九年级全一册.json,体育,63
华东师大版-华东师范大学出版社_九年级_义务教育教科书·体育与健康九年级全一册_chunk_7,7,"学习评价田径类运动学习评价学习体验学习内容最难掌握的跳跃最有乐趣的跳跃最刺激的方式最适合的练习最有乐趣的练习单足跳双足跳跨步跳蹲踞式跳远跨越式跳高组合跳远趣味跳格子跳台阶评价说明\n:\n请根据你学习各种跳跃方式的体验进行评价\n,\n在相应的框内打\n“\n√\n”。 第二章田径类运动\n 7 ★\n\n股后肌群损伤主要与下肢大腿的肌肉解剖特点有关。 股后肌群的肌肉力量比大腿前面的股四头肌力量小\n,\n当进行高速跑或紧张跳跃时\n,\n由于大腿前后肌群力量不平衡\n,\n股后肌群容易发生损伤\n;\n另外\n,\n如果准备活动不充分\n,\n也容易造成股后肌群损伤。 为了预防这种损伤\n,\n我们应该重视准备活动的质量\n,\n循序渐进地做一些被动拉伸股后肌群的练习\n(\n如侧压腿\n、\n弓步压腿等\n),\n按由小到大的顺序安排运动中的活动量与强度\n,\n并且要重视股后肌群的力量与柔韧性练习。 ★\n\n发生胫腓骨疲劳性骨膜炎的主要原因有两个\n:\n第一\n,\n平时运动较少\n,\n肌肉协调能力差\n,\n而运动量突然加大\n;\n第二\n,\n跑跳技术不正确\n,\n在过硬的运动场地过久地活动\n,\n跑跳过程中反复用力后蹬\n,\n小腿肌肉不断被牵拉。 为了预防这种损伤\n,\n我们应该注意尽量不在水泥地上跑步\n;\n科学锻炼\n,\n不要过多使用足尖跑步\n,\n跑步动作要放松\n、\n有弹性\n,\n落地要注意缓冲\n;\n逐步加大运动量\n,\n加强小腿肌群的力量\n,\n提高肌肉的适应能力\n;\n做好准备活动和放松活动\n,\n加强局部按摩。 8 体育与健康",630,0,unknown,text-extracted,,2.0,华东师大版-华东师范大学出版社_九年级_义务教育教科书·体育与健康九年级全一册,7,684,2025-07-21T14:24:55.353Z,2.0,2025-07-17T02:34:21.605Z,九年级,[object Object],unknown,0.9119266055045872,0.7999999999999999,0.63,1,全一册,/Users/LeoQin/Documents/GitHub/PDFconvertor/training_data/初中/体育与健康/华东师大版-华东师范大学出版社/九年级/义务教育教科书·体育与健康九年级全一册.pdf,华东师大版-华东师范大学出版社_九年级_义务教育教科书·体育与健康九年级全一册.json,体育,63
华东师大版-华东师范大学出版社_九年级_义务教育教科书·体育与健康九年级全一册_chunk_8,8,"8 体育与健康在课余时间\n,\n你可以练习课堂上老师教的障碍跑和单足跳\n、\n双足跳\n、\n跨步跳的变式组合等运用田径类运动基本技术的方法。 同时\n,\n还可以通过以下练习来提高田径类运动基本技术及运用能力。 自主学习趣味跳格子为发展腿部力量和跳跃能力\n,\n提高身体的控制能力\n,\n你可以进行不同难度的跳格子练习\n: 趣味跳格子\n①\n从起点开始\n,\n以双脚并跳方式\n,\n依次跳入\n\n、\n\n、\n\n、\n\n格\n,\n然后再跳入\n\n格还原。 如此反复\n,\n不能踏线。 熟练后\n,\n还可听数字跳入相应的格内。 ②\n双脚夹球进行\n①\n的练习。 合作学习校园跑酷\n———\n障碍跑游戏设计与同伴一起设计校园障碍跑游戏\n,\n在保证安全的前提下\n,\n选用低栏架\n、\n跳箱\n、\n小垫子\n、\n体操凳等障碍物\n,\n与校园自然环境\n(\n如土坡\n、\n水沟\n、\n树木\n、\n栏杆\n、\n台阶等\n)\n相结合\n,\n设计跑步线路。 跑的距离可长可短\n,\n可根据通过障碍物的方法和跑的速度来设计障碍物的放置顺序。 探究学习曲线跨步跳你可以用跨步跳的形式\n,\n协调连贯地依次跳入如下图所示的各圈中吗\n?\n与同伴探讨\n,\n怎样才能又快又轻松地跳完规定的圈。 曲线跨步跳第三章球类运动\n 9 第三章球类运动懂得欣赏球类运动中的美。 提高球类运动基本技战术的运用能力。 掌握球类运动中常见损伤的知识及预防方法。 在观看球类比赛时\n,\n我们不仅为运动员高超的运动技艺所折服\n,\n更被运动员顽强拼搏的精神所感动\n,\n同时还受拉拉队员激情的呐喊和现场紧张激烈的氛围所感染。 球类运动不仅仅是一种运动形式\n,\n更是一种文化\n,\n本章将帮助你进一步学习和了解球类运动。 ★\n\n在观看球类比赛时\n,\n我们往往被运动员娴熟的个人技术所吸引\n:\n蝴蝶穿花般的篮球运球过人\n,\n手术刀一样精准的足球任意球射门\n,\n弯弓拉箭似的排球扣球\n,\n灵动飘逸的羽毛球移动\n,\n变幻莫测的乒乓球旋转等。 所有这些\n,\n展现的都是球类运动的技艺美。 ★",829,0,unknown,text-extracted,,2.0,华东师大版-华东师范大学出版社_九年级_义务教育教科书·体育与健康九年级全一册,8,939,2025-07-21T14:24:55.353Z,2.0,2025-07-17T02:34:21.605Z,九年级,[object Object],unknown,0.9011299435028248,0.7999999999999999,0.829,1,全一册,/Users/LeoQin/Documents/GitHub/PDFconvertor/training_data/初中/体育与健康/华东师大版-华东师范大学出版社/九年级/义务教育教科书·体育与健康九年级全一册.pdf,华东师大版-华东师范大学出版社_九年级_义务教育教科书·体育与健康九年级全一册.json,体育,63
华东师大版-华东师范大学出版社_九年级_义务教育教科书·体育与健康九年级全一册_chunk_9,9,"★\n\n在观看球类比赛时\n,\n我们往往被运动员娴熟的个人技术所吸引\n:\n蝴蝶穿花般的篮球运球过人\n,\n手术刀一样精准的足球任意球射门\n,\n弯弓拉箭似的排球扣球\n,\n灵动飘逸的羽毛球移动\n,\n变幻莫测的乒乓球旋转等。 所有这些\n,\n展现的都是球类运动的技艺美。 ★\n\n在球类比赛中\n,\n我们经常会看到运动员为了赢得比赛的胜利\n,\n坚韧不拔\n,\n拼搏到最后一秒\n,\n为观众和对手上演令人瞠目结舌的\n“\n惊天大逆转\n”。 比如\n,\n2004\n年雅典奥运会女排决赛中\n, 10 体育与健康中国女排队员们在落后两局的情况下\n,\n充分发挥顽强不屈的女排精神\n,\n连赢三局\n,\n最终夺得奥运会冠军。 这些为集体的胜利而奋勇拼搏的场面\n,\n完美体现了球类运动的拼搏美。 ★",327,0,unknown,text-extracted,,2.0,华东师大版-华东师范大学出版社_九年级_义务教育教科书·体育与健康九年级全一册,9,347,2025-07-21T14:24:55.353Z,2.0,2025-07-17T02:34:21.605Z,九年级,[object Object],unknown,0.8817204301075269,0.7999999999999999,0.327,1,全一册,/Users/LeoQin/Documents/GitHub/PDFconvertor/training_data/初中/体育与健康/华东师大版-华东师范大学出版社/九年级/义务教育教科书·体育与健康九年级全一册.pdf,华东师大版-华东师范大学出版社_九年级_义务教育教科书·体育与健康九年级全一册.json,体育,63
华东师大版-华东师范大学出版社_九年级_义务教育教科书·体育与健康九年级全一册_chunk_10,10,"10 体育与健康中国女排队员们在落后两局的情况下\n,\n充分发挥顽强不屈的女排精神\n,\n连赢三局\n,\n最终夺得奥运会冠军。 这些为集体的胜利而奋勇拼搏的场面\n,\n完美体现了球类运动的拼搏美。 ★\n\n在观看球类比赛时\n,\n我们不仅会为运动员高超的个人技术而喝彩\n,\n更会陶醉于西班牙足球队水银泻地般的整体配合推进\n,\n诧异于美国篮球队无懈可击的空中接力配合\n,\n震惊于古巴女排\n“\n短平快\n”\n配合的高度默契\n......\n这些都是团队合作赋予球类运动的美。 你知道吗\n?\n乒乓球界的传奇人物庄则栋庄则栋是中国乒乓球运动史上一个丰碑式的人物\n,\n曾在\n1961\n年\n、\n1963\n年\n、\n1965\n年三届世界乒乓球锦标赛中获得金牌\n,\n成为中国第一个在该项赛事中获得\n“\n三连冠\n”\n的人。 与其他直板握拍选手不同\n,\n庄则栋独创了直拍中近台两面快攻的打法。 这一打法堪称乒乓球运动史上的经典打法\n,\n至今还被广泛运用。 邓亚萍邓亚萍先后获得\n18\n次世界冠军\n,\n曾连续\n\n年居女乒世界排名之首。 邓亚萍是第一个蝉联奥运会乒乓球金牌的球手\n,\n曾获得\n\n枚奥运会金牌\n,\n被誉为\n“\n乒乓皇后\n”,\n是乒坛上名副其实的\n“\n小个子巨人\n”。 邓亚萍还是世界乒坛上第一位集奥运会\n、\n世乒赛和世界杯三项单打冠军于一身的\n“\n大满贯\n”\n女子运动员。 刘国梁刘国梁是\n1996\n年奥运会男双\n(\n与孔令辉\n)、\n男单双料冠军。 刘国梁获得\n1999\n年第\n45\n届世乒赛男单金牌后\n,\n成为历史上唯一一个获得过世乒赛\n、\n世界杯和奥运会所有乒乓球项目金牌的运动员。 他于\n2002\n年起担任中国国家乒乓球队教练\n,\n率领中国国家男子乒乓球队多次夺得世界冠军。 第三章球类运动\n 11 传切配合\n★",745,0,unknown,text-extracted,,2.0,华东师大版-华东师范大学出版社_九年级_义务教育教科书·体育与健康九年级全一册,10,806,2025-07-21T14:24:55.353Z,2.0,2025-07-17T02:34:21.605Z,九年级,[object Object],unknown,0.8622848200312989,0.7999999999999999,0.745,1,全一册,/Users/LeoQin/Documents/GitHub/PDFconvertor/training_data/初中/体育与健康/华东师大版-华东师范大学出版社/九年级/义务教育教科书·体育与健康九年级全一册.pdf,华东师大版-华东师范大学出版社_九年级_义务教育教科书·体育与健康九年级全一册.json,体育,63
华东师大版-华东师范大学出版社_九年级_义务教育教科书·体育与健康九年级全一册_chunk_11,11,"第三章球类运动\n 11 传切配合\n★ 传切配合用途\n:\n队员间利用传球和切入技术组成简单战术配合\n,\n获得投篮机会\n,\n提高进攻效率。 方法\n:\n①\n传球给\n②\n后\n,\n做假动作摆脱防守及时切入篮下\n,\n接\n②\n的回传球后投篮。 掩护配合掩护配合用途\n:\n进攻队员合理移动\n,\n用身体挡住防守者的移动路线\n,\n为同伴创造摆脱防守\n、\n接球投篮的机会。 方法\n:\n①\n传球给\n③\n,\n②\n跑到\n❶\n的侧后方为\n①\n做掩护\n,\n①\n先向左做突破假动作\n,\n然后突然从右侧贴着\n②\n的身体切入篮下接\n③\n传球后投篮\n,\n②\n掩护后转身切入篮下。 ★ “\n中一二\n”\n进攻战术用途\n:\n队员间利用传球形成简单的战术配合\n,\n组织进攻。 方法\n:\n\n号位队员接\n\n号位\n、\n\n号位\n、\n\n号位队员一传后\n,\n将球传至\n\n号位或\n\n号位\n,\n由\n\n号位或\n\n号位队员完成进攻。 “\n中一二\n”\n进攻战术 “\n边一二\n”\n进攻战术 “\n边一二\n”\n进攻战术用途\n:\n同\n“\n中一二\n”\n进攻战术。 方法\n:\n\n号位队员接\n\n号位\n、\n\n号位\n、\n\n号位队员一传后\n,\n将球传至\n\n号位或\n\n号位\n,\n由\n\n号位或\n\n号位队员完成进攻。 12 体育与健康\n★",521,0,unknown,text-extracted,,2.0,华东师大版-华东师范大学出版社_九年级_义务教育教科书·体育与健康九年级全一册,11,660,2025-07-21T14:24:55.353Z,2.0,2025-07-17T02:34:21.605Z,九年级,[object Object],unknown,0.8320413436692506,0.7999999999999999,0.521,1,全一册,/Users/LeoQin/Documents/GitHub/PDFconvertor/training_data/初中/体育与健康/华东师大版-华东师范大学出版社/九年级/义务教育教科书·体育与健康九年级全一册.pdf,华东师大版-华东师范大学出版社_九年级_义务教育教科书·体育与健康九年级全一册.json,体育,63
华东师大版-华东师范大学出版社_九年级_义务教育教科书·体育与健康九年级全一册_chunk_12,12,"12 体育与健康\n★ 交叉掩护配合交叉掩护配合用途\n:\n两名进攻队员为了摆脱盯防\n,\n用自己的身体掩护同队队员越过防守队员。 方法\n:\n①\n和\n②\n两名进攻队员迎面跑动\n,\n其中\n①\n运球跑\n,\n用身体掩护运球\n,\n且一定要用远离防守队员\n❶\n的一侧脚运球\n;\n②\n贴近\n①\n交叉后立即交换运球\n,\n然后两人均需要加速摆脱防守队员。 交叉换位配合交叉换位配合用途\n:\n两名进攻队员为了摆脱盯防\n、\n创造传射空当\n,\n用自己的身体掩护及突然地反方向传球来突破防守。 方法\n:\n①\n和\n②\n两名进攻队员迎面跑动\n,\n其中\n①\n运球跑\n,\n用身体掩护运球\n,\n且一定要用远离防守队员\n❶\n的一侧脚运球\n;\n①\n贴近\n②\n交叉后并不立即交换运球\n,\n而是需要继续跑动一小段距离后向运球反方向传球给\n②。 方法一方法二发球抢攻战术\n★ 发球抢攻战术用途\n:\n利用高质量的发球\n,\n抢占进攻机会。 方法\n:\n反手发右侧上\n(\n下\n)\n旋球\n,\n发至对方中路靠右近网处\n,\n伺机攻对方左侧。 方法一\n:\n\n号位反手发球\n,\n紧接着\n\n号位正手进攻\n;\n方法二\n:\n\n号位反手发球\n,\n紧接着\n\n号位正手侧身进攻。 方法一方法二推挡变线战术推挡变线战术用途\n:\n突然变线进攻对方空当\n,\n牵制对方或让对方措手不及。 方法\n:\n方法一\n:\n当用推挡连压对方右角取得主动时\n,\n在\n\n号位变推斜线袭击对方左角空当\n,\n反手推变对方左半台斜线\n;\n方法二\n:\n当对方用反手进攻或侧身进攻时\n,\n可以在\n\n号位推变直线来加以牵制\n,\n用反手推变对方右半台直线来反击其空当。 第三章球类运动\n 13 ★",688,0,unknown,text-extracted,,2.0,华东师大版-华东师范大学出版社_九年级_义务教育教科书·体育与健康九年级全一册,12,854,2025-07-21T14:24:55.353Z,2.0,2025-07-17T02:34:21.605Z,九年级,[object Object],unknown,0.8790035587188612,0.7,0.688,1,全一册,/Users/LeoQin/Documents/GitHub/PDFconvertor/training_data/初中/体育与健康/华东师大版-华东师范大学出版社/九年级/义务教育教科书·体育与健康九年级全一册.pdf,华东师大版-华东师范大学出版社_九年级_义务教育教科书·体育与健康九年级全一册.json,体育,63
华东师大版-华东师范大学出版社_九年级_义务教育教科书·体育与健康九年级全一册_chunk_13,13,"第三章球类运动\n 13 ★ 四方球战术四方球战术用途\n:\n调动对方来回跑动\n,\n消耗对方的体力\n,\n寻找空当\n,\n创造得分机会。 方法\n:\n①\n在后场\n,\n以高远球将球击打到\n❶\n后场\n\n号位\n,\n迫使\n❶\n回球至中场\n,\n①\n迅速将球吊向网前\n\n号位\n,\n调动\n❶\n前后左右奔跑\n,\n顾此失彼。 若\n❶\n来不及回中心位置或回球质量差时\n,\n可向其空当\n\n号位或\n\n号位发动进攻制胜。 杀上网战术杀上网战术用途\n:\n压迫对方回球近网\n,\n创造封网得分机会。 方法\n:\n①\n在后场杀球\n,\n迫使\n❶\n被动回球近网\n,\n①\n快速上网以搓球控制网前制胜。 攻人战术攻人战术用途\n:\n双打中集中力量攻击对方中较弱者\n,\n创造得分机会。 方法\n:\n①\n、\n②\n集中攻击\n❶\n、\n❷\n中有明显弱点的\n❷\n,\n给\n❷\n造成很大的心理压力\n,\n从而使其出现失误。 你知道吗\n?\n篮球比赛中的投篮方式篮球比赛中\n,\n球员会根据自身条件和场上情况采用不同的投篮方式\n:\n1.\n跳投。 跳投是躲避对手封盖的有效手段\n,\n所以跳投是篮球比赛中最常用的得分手段。 跳投一般分为原地跳投\n、\n急停跳投和后仰跳投等。 2.\n抛投。 抛投是指在对手防守较紧的时候\n,\n在行进中采取低手或高手向上抛出比较高的弧度的投篮方式。 抛投需要比较好的手感\n,\n一些个子不高的球员受身材限制很喜欢用这一方式。 3.\n勾手投篮。 勾手投篮不是常用的投篮方式\n,\n一般是中锋或者大前锋在内线背对篮筐\n,\n依靠手臂的带动把球投出的动作。 NBA\n球星贾巴尔把此技术运用到了炉火纯青的地步\n,\n人称\n“\n天勾\n”\n贾巴尔。 14 体育与健康\n\n★ 篮球\n、\n足球等球类运动的身体对抗性较强\n,\n参与者在对抗中失去平衡快要摔倒时\n,\n会下意识地用手撑地\n,\n这样很容易造成肘关节\n、\n腕关节或尺骨\n、\n桡骨骨折。 为了预防骨折\n,\n在进行对抗时\n,\n首先\n,\n不要盲目发力\n;\n其次\n,\n在快摔倒时尽量团身就地滚翻\n,\n不要直接用手撑地\n;\n另外\n,\n改善场地条件\n,\n也可以起到一定的预防作用。 ★",873,0,unknown,text-extracted,,2.0,华东师大版-华东师范大学出版社_九年级_义务教育教科书·体育与健康九年级全一册,13,994,2025-07-21T14:24:55.353Z,2.0,2025-07-17T02:34:21.605Z,九年级,[object Object],unknown,0.8615384615384616,0.7999999999999999,0.873,1,全一册,/Users/LeoQin/Documents/GitHub/PDFconvertor/training_data/初中/体育与健康/华东师大版-华东师范大学出版社/九年级/义务教育教科书·体育与健康九年级全一册.pdf,华东师大版-华东师范大学出版社_九年级_义务教育教科书·体育与健康九年级全一册.json,体育,63
华东师大版-华东师范大学出版社_九年级_义务教育教科书·体育与健康九年级全一册_chunk_14,14,"★ 篮球\n、\n足球等球类运动的身体对抗性较强\n,\n参与者在对抗中失去平衡快要摔倒时\n,\n会下意识地用手撑地\n,\n这样很容易造成肘关节\n、\n腕关节或尺骨\n、\n桡骨骨折。 为了预防骨折\n,\n在进行对抗时\n,\n首先\n,\n不要盲目发力\n;\n其次\n,\n在快摔倒时尽量团身就地滚翻\n,\n不要直接用手撑地\n;\n另外\n,\n改善场地条件\n,\n也可以起到一定的预防作用。 ★\n\n擦伤多发生于土质场地\n、\n水泥场地或人工草皮场地\n,\n这三种场地表面较为粗糙且有硬质颗粒\n,\n若高速奔跑时摔倒\n,\n身体与场地发生摩擦\n,\n极易造成皮肤脱落\n、\n出血\n、\n组织液渗出等擦伤。 为了预防擦伤\n,\n要注意改善场地条件\n,\n并培养摔倒后随着惯性就地滚翻的意识和能力。 ★\n\n球类运动的技术要求易导致身体某些部位\n(\n如手腕\n、\n肩\n、\n膝关节等\n)\n负荷过大\n,\n从而引起疲劳性损伤\n(\n如网球肘等\n)。 为了预防疲劳性损伤\n,\n我们需要掌握正确的技术动作\n,\n加强易损部位的力量练习\n,\n并且在运动时最好戴上护具或用弹力绷带加固。 头脑风暴什么是网球肘\n?\n是否只有网球运动员才会患网球肘\n?",481,0,unknown,text-extracted,,2.0,华东师大版-华东师范大学出版社_九年级_义务教育教科书·体育与健康九年级全一册,14,502,2025-07-21T14:24:55.353Z,2.0,2025-07-17T02:34:21.605Z,九年级,[object Object],unknown,0.8875,0.7999999999999999,0.481,1,全一册,/Users/LeoQin/Documents/GitHub/PDFconvertor/training_data/初中/体育与健康/华东师大版-华东师范大学出版社/九年级/义务教育教科书·体育与健康九年级全一册.pdf,华东师大版-华东师范大学出版社_九年级_义务教育教科书·体育与健康九年级全一册.json,体育,63
华东师大版-华东师范大学出版社_九年级_义务教育教科书·体育与健康九年级全一册_chunk_15,15,"球类运动的技术要求易导致身体某些部位\n(\n如手腕\n、\n肩\n、\n膝关节等\n)\n负荷过大\n,\n从而引起疲劳性损伤\n(\n如网球肘等\n)。 为了预防疲劳性损伤\n,\n我们需要掌握正确的技术动作\n,\n加强易损部位的力量练习\n,\n并且在运动时最好戴上护具或用弹力绷带加固。 头脑风暴什么是网球肘\n?\n是否只有网球运动员才会患网球肘\n? 第三章球类运动\n 15 学习评价球类运动学习评价问 题是否你是否会根据场地条件来选择合适的鞋子\n?\n你是否会在参与球类运动时将手表\n、\n钥匙等坚锐的物品放置在一旁\n?\n你是否知道在开始球类运动之前如何充分活动各个关节\n?\n你在开始球类运动之前是否会进行热身运动\n?\n你是否能在球类运动中保持较强的安全意识\n?\n你是否知道在球类运动中快要摔倒时如何应对\n?\n你是否知道如何预防脚踝扭伤\n?\n你是否有自己的\n“\n绝招\n”?\n你是否经常观看球类比赛\n?\n你是否会通过电视\n、\n网络\n、\n报纸\n、\n杂志等媒体关注自己喜爱的球星\n?\n评价说明\n:\n请根据自己的实际情况\n,\n如实填写上述表格\n,\n在相应的框内打\n“\n√\n”。 如果选择\n“\n是\n”\n的个数在\n\n个以上\n,\n说明你已经很好地认识和了解球类运动\n;\n如果选择\n“\n是\n”\n的个数在\n4~6\n个之间\n,\n说明你对球类运动的认识和了解一般\n;\n如果选择\n“\n是\n”\n的个数在\n\n个以下\n,\n则说明你还没有较好地认识和了解球类运动\n,\n尚需努力。 你知道吗\n?\n排球比赛小知识目前国际上除了奥运会\n、\n世界杯和世界锦标赛三项排球赛事之外\n,\n还有世界男排联赛\n、\n世界女排大奖赛和瑞士女排精英赛等重要赛事。 而且许多国家都积极举办了自己的高水平排球联赛\n,\n如意大利排球联赛就是世界上水平最高\n、\n开展最好的排球联赛之一。 排球运动之所以深受喜爱\n,\n主要是因为它不但具有良好的健身价值\n,\n而且还具有多样的开展形式。 目前\n,\n除了大家熟知的比赛形式之外\n,\n排球运动根据不同群体需求还有沙滩排球\n、\n软式排球\n、\n气排球\n、\n墙排球\n、\n坐式排球等多种比赛形式。 16 体育与健康",876,0,unknown,text-extracted,,2.0,华东师大版-华东师范大学出版社_九年级_义务教育教科书·体育与健康九年级全一册,15,920,2025-07-21T14:24:55.353Z,2.0,2025-07-17T02:34:21.605Z,九年级,[object Object],unknown,0.8990578734858681,0.7999999999999999,0.876,1,全一册,/Users/LeoQin/Documents/GitHub/PDFconvertor/training_data/初中/体育与健康/华东师大版-华东师范大学出版社/九年级/义务教育教科书·体育与健康九年级全一册.pdf,华东师大版-华东师范大学出版社_九年级_义务教育教科书·体育与健康九年级全一册.json,体育,63
华东师大版-华东师范大学出版社_九年级_义务教育教科书·体育与健康九年级全一册_chunk_16,16,"16 体育与健康在课余时间\n,\n你可以练习课堂上老师教的篮球\n、\n排球\n、\n足球\n、\n乒乓球\n、\n羽毛球等各项球类运动的基本技战术。 同时\n,\n还可以通过以下练习提高相关球类运动基本技战术水平及运用能力。 自主学习观摩学习观摩学习在课余时间\n,\n你可以通过观看篮球比赛学习老师教的传切\n、\n掩护等基本技战术\n,\n并思考如何灵活运用这些技战术。 自主学习自抛自练自抛自练在课余时间\n,\n你可以准备一桶乒乓球\n,\n连续取球在台内向上抛起\n,\n球弹起后\n,\n练习正手攻球\n、\n推挡\n、\n搓球等击球动作。 熟练后\n,\n可在对面的乒乓球台上放一标志物\n,\n努力使球击中该标志物。 合作学习球不落地为了加强对排球的控制能力\n,\n你可以与同伴一起进行下面的练习\n:\n多人一组\n,\n围成适当大小的圆圈\n,\n通过传\n、\n垫\n、\n扣等形式进行击球练习。 游戏过程中要尽量使球不落地\n,\n同伴之间要相互指正。 第三章球类运动\n 17 合作学习九宫格多球练习为了提高控制羽毛球落点的能力\n,\n形成四方球战术思想\n,\n可在场地上标示出九格方位\n,\n你与同伴互相喂球\n,\n尝试将球击入所要的区间内。 将击球点\n、\n落点\n、\n技战术有机地结合\n,\n形成回球落点准确\n、\n球路刁钻\n、\n大胆变线的技术风格。 九宫格多球练习探究学习观察职业足球运动员赛前准备活动与日常训练请父母陪你去现场观看一场你所支持的球队的足球比赛或一堂日常训练课。 观察职业足球运动员在赛前都做了哪些准备活动\n,\n是如何慢跑\n、\n拉伸和进行有球活动\n,\n以及如何进行技战术和体能训练的\n,\n并思考自己应如何通过训练和比赛来提高足球技术水平。 准备活动体能训练技术训练",703,0,unknown,text-extracted,,2.0,华东师大版-华东师范大学出版社_九年级_义务教育教科书·体育与健康九年级全一册,16,875,2025-07-21T14:24:55.353Z,2.0,2025-07-17T02:34:21.605Z,九年级,[object Object],unknown,0.9153094462540716,0.7999999999999999,0.703,1,全一册,/Users/LeoQin/Documents/GitHub/PDFconvertor/training_data/初中/体育与健康/华东师大版-华东师范大学出版社/九年级/义务教育教科书·体育与健康九年级全一册.pdf,华东师大版-华东师范大学出版社_九年级_义务教育教科书·体育与健康九年级全一册.json,体育,63
华东师大版-华东师范大学出版社_九年级_义务教育教科书·体育与健康九年级全一册_chunk_17,17,"18 体育与健康第四章体操类运动懂得欣赏体操类运动中的美。 提高体操类运动基本技术的运用能力。 掌握体操类运动中常见损伤的知识及预防方法。 体操类运动是力与美的结合\n,\n它集中展示了运动员的力量美\n、\n形体美和韵律美\n,\n带给人优雅和震撼的感受。 参与体操类运动\n,\n不仅能增强体质\n,\n还能塑造良好的身体形态\n,\n提高应急避险的能力。 ★\n\n体操是刚与柔的较量\n,\n是力与美的完美结合。 无论是对力量素质要求较高的水平支撑动作\n,\n还是充满惊险的腾跃动作\n,\n都是对体操类运动力量美的完美演绎。 体操类运动因力与美的结合而具有了独特的魅力。 ★\n\n在观看体操类比赛时\n,\n我们常常被运动员优美的形态\n、\n匀称的体型以及高雅的气质所吸引\n,\n这些都是体操类运动中形体美的充分展现。 第四章体操类运动\n 19 ★ 健美操\n、\n自由体操\n、\n各种轻器械体操都会有优美的音乐伴奏\n,\n伴随着音乐\n,\n运动员用流畅\n、\n协调的动作诠释着体操类运动中的韵律美。 即便是在没有音乐伴奏的成套动作比赛中\n,\n我们也能感受到动作之间的节奏与韵律\n,\n并随之心潮澎湃。 体操类运动无论是单个动作\n、\n组合动作还是成套动作\n,\n都以突出节奏的变换为表现形式\n,\n如一拍一动\n、\n一拍两动或两拍一动\n,\n以及组合动作的快慢交替\n、\n刚柔并济\n、\n动静相宜等\n,\n它们都是韵律美的完美展现。 你知道吗\n?\n“\n冰美人\n”\n霍尔金娜有\n“\n冰美人\n”\n之称的斯维特拉娜\n·\n霍尔金娜曾是俄罗斯国家女子体操队头号主力\n,\n在各类国际体操项目中\n,\n共夺得\n57\n枚金牌\n,\n是女子体操历史上最成功的运动员之一。 1995\n年\n,\n在日本举行的第\n31\n届世界体操锦标赛上\n,\n霍尔金娜完成了马尔凯洛夫腾跃\n,\n而在此前\n,\n没有人相信女子运动员也能完成这个动作。 霍尔金娜一直参加国际比赛到\n25\n岁\n,\n并取得优异的成绩。 她用自己的行动打破了体操运动的传统观念\n,\n证明了体操运动员的运动生涯未必一定很短暂。 同时\n,\n她还改变了人们对体操运动员身材的看法\n,\n证明了身材高大的运动员同样可以完成复杂的空中旋转动作。 20 体育与健康\n\n★",908,0,unknown,text-extracted,,2.0,华东师大版-华东师范大学出版社_九年级_义务教育教科书·体育与健康九年级全一册,17,976,2025-07-21T14:24:55.353Z,2.0,2025-07-17T02:34:21.605Z,九年级,[object Object],unknown,0.8968152866242038,0.7999999999999999,0.908,1,全一册,/Users/LeoQin/Documents/GitHub/PDFconvertor/training_data/初中/体育与健康/华东师大版-华东师范大学出版社/九年级/义务教育教科书·体育与健康九年级全一册.pdf,华东师大版-华东师范大学出版社_九年级_义务教育教科书·体育与健康九年级全一册.json,体育,63
华东师大版-华东师范大学出版社_九年级_义务教育教科书·体育与健康九年级全一册_chunk_18,18,"20 体育与健康\n\n★\n\n用途\n:\n提高身体悬垂\n、\n支撑和翻转的能力\n,\n发展肩带肌肉的力量\n,\n可用于攀爬障碍和翻过障碍。 方法\n:\n单脚蹬地翻身上\n,\n单腿摆越成骑撑\n,\n单腿向后摆越成支撑\n,\n后摆转体\n90°\n下。 单杠组合动作\n★\n\n用途\n:\n提高各种简单技巧的运用能力\n,\n逐渐内化为日常生活中自我保护及自主避险的能力。 方法\n:\n男生\n:\n前滚翻\n,\n交叉转体\n180°\n;\n头手倒立\n,\n前滚起\n;\n鱼跃前滚翻。 前滚翻接交叉转体\n180° 头手倒立接前滚起鱼跃前滚翻女生\n:\n前滚翻\n,\n直角坐\n;\n肩肘倒立\n,\n单肩后滚翻成跪撑\n,\n跪跳起。 肩肘倒立接单肩后滚翻成跪撑再接跪跳起第四章体操类运动\n 21 ★\n\n用途\n:\n提高身体跳跃能力以及空中控制身体姿态和跨越障碍的能力。 方法\n:\n助跑踏跳需平快\n,\n肩角拉开腿后摆\n,\n顶肩推手腿分开\n,\n抬体挺身腿制动\n,\n屈膝缓冲落地稳。 横箱分腿腾越踏步\n、\n击掌\n★",419,0,unknown,text-extracted,,2.0,华东师大版-华东师范大学出版社_九年级_义务教育教科书·体育与健康九年级全一册,18,614,2025-07-21T14:24:55.353Z,2.0,2025-07-17T02:34:21.605Z,九年级,[object Object],unknown,0.8397626112759644,0.7999999999999999,0.419,1,全一册,/Users/LeoQin/Documents/GitHub/PDFconvertor/training_data/初中/体育与健康/华东师大版-华东师范大学出版社/九年级/义务教育教科书·体育与健康九年级全一册.pdf,华东师大版-华东师范大学出版社_九年级_义务教育教科书·体育与健康九年级全一册.json,体育,63
华东师大版-华东师范大学出版社_九年级_义务教育教科书·体育与健康九年级全一册_chunk_19,19,"第四章体操类运动\n 21 ★\n\n用途\n:\n提高身体跳跃能力以及空中控制身体姿态和跨越障碍的能力。 方法\n:\n助跑踏跳需平快\n,\n肩角拉开腿后摆\n,\n顶肩推手腿分开\n,\n抬体挺身腿制动\n,\n屈膝缓冲落地稳。 横箱分腿腾越踏步\n、\n击掌\n★\n\n用途\n:\n启发思维\n,\n发展学生的灵敏性和协调性\n,\n提高其对所学动作加工\n、\n改造\n、\n重组\n、\n创编的能力。 方法\n:\n①\n踏步\n:\n可改变方向\n,\n如向前\n、\n向后\n、\n向左\n、\n向右\n、\n向左侧前或左侧后\n、\n向右侧前或右侧后等。 ②\n击掌\n:\n可改变节奏\n,\n如一拍一动\n、\n一拍两动或两拍一动等。 ③\n后交叉步\n:\n可用方形\n、\n三角形\n、\n菱形\n、\n五角星等形式。 ④\n侧并步\n:\n可用斜线形式\n,\n左侧前\n、\n左侧后并一步或并两步\n,\n右侧前\n、\n右侧后并一步或并两步。 ⑤\n手臂\n:\n可变化为侧平举\n、\n斜上举\n、\n侧下举\n、\n一臂上举另一臂侧平举或前平举。 名人名言为了使他有坚强的心\n,\n就需要使他有结实的肌肉\n;\n使他养成劳动的习惯\n,\n才能使他养成忍受痛苦的习惯\n;\n为了使他将来受得住关节脱落\n、\n腹痛和疾病的折磨\n,\n就必须使他历尽体育锻炼的种种艰苦。 ———\n卢梭\n(\n法国\n) 22 体育与健康\n\n★\n\n体操类运动中准备活动不充分\n,\n或是不清楚动作要领而盲目练习\n,\n很容易造成肌肉或关节韧带拉伤。 为了预防拉伤\n,\n我们在运动前要充分做好准备活动\n,\n有针对性地进行被牵拉肌肉的练习\n,\n熟悉动作过程和要领。 ★",645,0,unknown,text-extracted,,2.0,华东师大版-华东师范大学出版社_九年级_义务教育教科书·体育与健康九年级全一册,19,714,2025-07-21T14:24:55.353Z,2.0,2025-07-17T02:34:21.605Z,九年级,[object Object],unknown,0.8504854368932039,0.7999999999999999,0.645,1,全一册,/Users/LeoQin/Documents/GitHub/PDFconvertor/training_data/初中/体育与健康/华东师大版-华东师范大学出版社/九年级/义务教育教科书·体育与健康九年级全一册.pdf,华东师大版-华东师范大学出版社_九年级_义务教育教科书·体育与健康九年级全一册.json,体育,63
华东师大版-华东师范大学出版社_九年级_义务教育教科书·体育与健康九年级全一册_chunk_20,20,"22 体育与健康\n\n★\n\n体操类运动中准备活动不充分\n,\n或是不清楚动作要领而盲目练习\n,\n很容易造成肌肉或关节韧带拉伤。 为了预防拉伤\n,\n我们在运动前要充分做好准备活动\n,\n有针对性地进行被牵拉肌肉的练习\n,\n熟悉动作过程和要领。 ★\n\n在健美操运动中\n,\n准备活动不充分\n、\n脚着地方式不正确\n、\n跳起落地时身体失去平衡\n、\n场地不平等都容易引起踝关节扭伤。 为了预防扭伤\n,\n运动前不仅要检查场地\n,\n还要做好准备活动\n,\n多进行提踵跳及负重提踵练习\n,\n增强关节的力量和弹性\n;\n在跑跳练习中运用正确的脚掌着地技术\n;\n在肌肉处于疲劳或其他不良状态时\n,\n避免进行高难度的动作练习\n,\n减少运动负荷。 学习评价体操类运动学习评价评价等级评价内容优秀良好合格需努力在组合动作的学练中愿意展示自己的练习成果\n,\n并且有愉悦感能够准确\n、\n连贯\n、\n协调地完成各个动作练习过程中\n,\n能够注意自己的身体姿态注意表现出动作的力度和技巧美能够对同伴的动作完成情况给出准确的评价在同伴练习时能够给出正确的建议评价说明\n:\n请根据自己学习体操类运动的体会\n,\n在相应的等级中打\n“\n√\n”。 第四章体操类运动\n 23",506,0,unknown,text-extracted,,2.0,华东师大版-华东师范大学出版社_九年级_义务教育教科书·体育与健康九年级全一册,20,545,2025-07-21T14:24:55.353Z,2.0,2025-07-17T02:34:21.605Z,九年级,[object Object],unknown,0.9164785553047404,0.7999999999999999,0.506,1,全一册,/Users/LeoQin/Documents/GitHub/PDFconvertor/training_data/初中/体育与健康/华东师大版-华东师范大学出版社/九年级/义务教育教科书·体育与健康九年级全一册.pdf,华东师大版-华东师范大学出版社_九年级_义务教育教科书·体育与健康九年级全一册.json,体育,63
华东师大版-华东师范大学出版社_九年级_义务教育教科书·体育与健康九年级全一册_chunk_21,21,"第四章体操类运动\n 23 在课余时间\n,\n你可以对课堂上老师教的单杠\n、\n双杠\n、\n技巧\n、\n横箱分腿和健美操等体操类运动基本技术进行练习并予以运用。 同时\n,\n还可以通过以下练习来提高你的体操类运动基本技术水平及运用能力。 自主学习玩转呼啦圈在课余时间\n,\n你可以上网搜索呼啦圈教学视频并进行学习\n,\n在掌握基本动作后\n,\n尝试同时玩转多个呼啦圈。 合作学习鲤鱼打挺鲤鱼打挺在课余时间\n,\n你可以和同伴合作进行\n“\n鲤鱼打挺\n”\n练习\n:\n助跑起跳后\n,\n在空中体验像鲤鱼打挺那样把腿高高地后摆的动作\n;\n同伴站在跳箱的后面\n,\n双手顶你的肩部。 需要注意的是\n,\n这时千万不要松腰低头哦\n! 探究学习创编健美操在课余时间\n,\n你可以和\n\n名同伴结成小组\n,\n创编一套健美操\n:\n①\n小组内的每一位同学在所学健美操或集体舞动作的基础上\n,\n编排\n\n个八拍的动作并命名。 ②\n以抽签的形式将组员按\n\n、\n\n、\n\n、\n\n、\n\n的序号排序\n,\n从\n\n号开始分别将自己创编的动作教给小组内其他\n\n位成员。 ③\n将\n\n个动作串联起来形成\n\n个组合动作进行练习并配上音乐。 ④\n在熟练的基础上群策群力\n,\n进行方向\n、\n队形\n、\n节奏\n、\n造型的变换并命名。 ⑤\n充满自信地向其他组或班级的同学\n、\n老师展示自己小组的创编成果。 24 体育与健康第五章游泳类运动懂得欣赏游泳类运动中的美。 提高游泳类运动基本技术的运用能力。 掌握游泳类运动中常见损伤的知识及预防方法。 游泳类运动是人们锻炼身体的有效手段\n,\n也是溺水自救的生存技能。 因此\n,\n它既有健身价值又有实用价值。 同时\n,\n它还能培养人们勇于克服困难的坚强意志品质。 ★\n\n经常参加游泳锻炼\n,\n可以塑造出完美体形。 一方面\n,\n在水中锻炼时需要有规律地进行呼吸\n,\n运动强度易控制在中等水平\n,\n因而不会练出僵硬的肌肉块\n;\n另一方面\n,\n身体适应水中的锻炼环境后\n,\n皮下脂肪层会略微增厚\n,\n包裹住肌肉块\n,\n帮助你塑造出\n“\n流线型\n”\n的健美体形。 这就是游泳类运动创造出的体形美。 ★",874,0,unknown,text-extracted,,2.0,华东师大版-华东师范大学出版社_九年级_义务教育教科书·体育与健康九年级全一册,21,971,2025-07-21T14:24:55.353Z,2.0,2025-07-17T02:34:21.605Z,九年级,[object Object],unknown,0.9001349527665317,0.7999999999999999,0.874,1,全一册,/Users/LeoQin/Documents/GitHub/PDFconvertor/training_data/初中/体育与健康/华东师大版-华东师范大学出版社/九年级/义务教育教科书·体育与健康九年级全一册.pdf,华东师大版-华东师范大学出版社_九年级_义务教育教科书·体育与健康九年级全一册.json,体育,63
华东师大版-华东师范大学出版社_九年级_义务教育教科书·体育与健康九年级全一册_chunk_22,22,"★\n\n经常参加游泳锻炼\n,\n可以塑造出完美体形。 一方面\n,\n在水中锻炼时需要有规律地进行呼吸\n,\n运动强度易控制在中等水平\n,\n因而不会练出僵硬的肌肉块\n;\n另一方面\n,\n身体适应水中的锻炼环境后\n,\n皮下脂肪层会略微增厚\n,\n包裹住肌肉块\n,\n帮助你塑造出\n“\n流线型\n”\n的健美体形。 这就是游泳类运动创造出的体形美。 ★\n\n游泳类运动的各种技术动作\n,\n都经过科学的力学设计\n,\n既注重达到省力有效的划水效果\n,\n又兼顾游泳的观赏价值。 例如\n,\n在有\n“\n水上芭蕾\n”\n之称的花样游泳项目中\n,\n在音乐的伴奏下\n,\n运动员的肢体在水中运动\n,\n呈现出各种优美的动作和艺术造型\n,\n充分展现了游泳类运动的动作美。 教你一招水中自救水中自救首先要保持镇静\n,\n看清方向\n,\n控制好呼吸。 其次\n,\n不可手忙脚乱\n、\n拼命挣扎\n,\n这样只会使体力过早耗尽\n,\n身体加速下沉。 正确步骤是\n:\n第一\n,\n踩水\n,\n使自己镇静下来。 踩水和控制好呼吸是最实用的自救方法。 溺水后首先要做的就是踩水\n,\n这可以让你得到休息并使自己镇静下来。 第二\n,\n水母漂或仰漂\n,\n等待救援。 水母漂\n:\n双手下垂或双手抱膝\n,\n吸足气\n,\n全身放松\n,\n使背部露出水面如龟状\n,\n漂浮一段时间后可抬头吸气\n,\n重复此动作并等待救援。 仰漂\n:\n屏住呼吸\n,\n头向后仰\n,\n放松肢体\n,\n双手向两边摆成\n“\n大\n”\n字形。 人体在水中经过一段下落后会自然上浮。 浮出水面后保持漂浮并等待救援。 第五章游泳类运动\n 25 踩水\n★\n\n用途\n:\n提高运用蛙泳技术的灵活性\n,\n能在水中及时解决呛水\n、\n撞人等问题。 方法\n:\n头部露出水面自然呼吸\n,\n身体稍前倾\n,\n两臂弯曲\n,\n手和前臂在胸前做向外\n、\n向内的划水动作\n,\n加大蛙泳式蹬腿角度\n,\n并与划水动作相协调。 可以根据实际需要向前或向后游进。 拖带\n(\n反蛙泳\n)\n★\n\n(\n\n)",813,0,unknown,text-extracted,,2.0,华东师大版-华东师范大学出版社_九年级_义务教育教科书·体育与健康九年级全一册,22,885,2025-07-21T14:24:55.353Z,2.0,2025-07-17T02:34:21.605Z,九年级,[object Object],unknown,0.8755622188905547,0.7999999999999999,0.813,1,全一册,/Users/LeoQin/Documents/GitHub/PDFconvertor/training_data/初中/体育与健康/华东师大版-华东师范大学出版社/九年级/义务教育教科书·体育与健康九年级全一册.pdf,华东师大版-华东师范大学出版社_九年级_义务教育教科书·体育与健康九年级全一册.json,体育,63
华东师大版-华东师范大学出版社_九年级_义务教育教科书·体育与健康九年级全一册_chunk_23,23,"踩水\n★\n\n用途\n:\n提高运用蛙泳技术的灵活性\n,\n能在水中及时解决呛水\n、\n撞人等问题。 方法\n:\n头部露出水面自然呼吸\n,\n身体稍前倾\n,\n两臂弯曲\n,\n手和前臂在胸前做向外\n、\n向内的划水动作\n,\n加大蛙泳式蹬腿角度\n,\n并与划水动作相协调。 可以根据实际需要向前或向后游进。 拖带\n(\n反蛙泳\n)\n★\n\n(\n\n)\n\n用途\n:\n灵活运用蛙泳技术\n,\n水中\n“\n解放\n”\n双手\n,\n既可以水中休息\n,\n又能进行自救与互救。 方法\n:\n身体呈仰卧姿势\n,\n脸部露出水面自然呼吸\n,\n下肢朝斜下方对准水进行蛙泳式蹬腿\n,\n双手既可以放于体侧休息\n,\n也可以根据需要托举重物或者拖带溺水者。 抬头自由泳\n(\n爬泳\n)\n★\n\n(\n\n)\n\n用途\n:\n拓展自由泳技术的实用性\n,\n提高水中追逐游戏的乐趣。 方法\n:\n抬头爬泳的完整配合动作是\n\n次打腿\n、\n\n次划臂和\n\n次呼吸。 要注意保持头部始终露出水面\n,\n眼睛盯住前面的目标\n,\n全身保持较高姿势\n,\n双腿用力打水\n,\n划臂频率要快\n,\n保持有节奏地呼吸。 教你一招耳朵进水后的处理方法游泳导致耳朵进水后\n,\n可以把头歪向进水的耳朵一侧\n,\n用同侧的脚单脚连续跳几次。 跳的同时\n,\n用手轻轻拉扯耳朵\n,\n可以帮助把耳朵里的水更快地排出来。 26 体育与健康\n\n★\n\n进行游泳类运动易患急性中耳炎\n,\n这是由于在游泳时\n,\n水进入耳道未能及时清理\n,\n从而引起了炎症。 一般若能及时清理耳道中残留的水\n,\n休息几天就会痊愈。 预防方法为\n:\n游泳技术要尽量正确\n,\n避免游泳过程中耳朵一半在水中\n,\n一半在水面上\n;\n每次游泳运动结束后\n,\n用棉签吸干耳道中残留的水。 ★\n\n抽筋是游泳类运动中比较常见的突发症状。 水温太低\n、\n游泳时间过长\n、\n准备活动不充分等均易引起抽筋。 常见的水中抽筋部位为小腿后部肌群\n,\n即腓肠肌。 如果遇到这种情况\n,\n先伸直患腿\n,\n一手按住膝盖\n,\n屈踝关节\n,\n然后另一只手抓住脚趾用力向后拉并蹬直患腿。 反复几次\n,\n抽筋症状就能消除。 ★",864,0,unknown,text-extracted,,2.0,华东师大版-华东师范大学出版社_九年级_义务教育教科书·体育与健康九年级全一册,23,951,2025-07-21T14:24:55.353Z,2.0,2025-07-17T02:34:21.605Z,九年级,[object Object],unknown,0.8801128349788434,0.7999999999999999,0.864,1,全一册,/Users/LeoQin/Documents/GitHub/PDFconvertor/training_data/初中/体育与健康/华东师大版-华东师范大学出版社/九年级/义务教育教科书·体育与健康九年级全一册.pdf,华东师大版-华东师范大学出版社_九年级_义务教育教科书·体育与健康九年级全一册.json,体育,63
华东师大版-华东师范大学出版社_九年级_义务教育教科书·体育与健康九年级全一册_chunk_24,24,"抽筋是游泳类运动中比较常见的突发症状。 水温太低\n、\n游泳时间过长\n、\n准备活动不充分等均易引起抽筋。 常见的水中抽筋部位为小腿后部肌群\n,\n即腓肠肌。 如果遇到这种情况\n,\n先伸直患腿\n,\n一手按住膝盖\n,\n屈踝关节\n,\n然后另一只手抓住脚趾用力向后拉并蹬直患腿。 反复几次\n,\n抽筋症状就能消除。 ★\n\n大腿内侧肌群拉伤是指从膝关节内侧至腹股沟一侧肌群出现不舒服\n,\n甚至疼痛等症状。 蛙泳初学者最容易拉伤大腿内侧肌群。 如果蛙泳蹬腿用力错误\n,\n如膝关节在蹬腿时向外展并放松\n,\n长时间练习后就容易拉伤大腿内侧肌群。 预防方法为\n:\n强化蛙泳蹬腿练习时的\n“\n\n”\n技术细节\n,\n膝关节在蹬腿时做到内撑蹬直\n,\n不松散\n,\n不外翻。 第五章游泳类运动\n 27 ★",334,0,unknown,text-extracted,,2.0,华东师大版-华东师范大学出版社_九年级_义务教育教科书·体育与健康九年级全一册,24,358,2025-07-21T14:24:55.353Z,2.0,2025-07-17T02:34:21.605Z,九年级,[object Object],unknown,0.8951048951048951,0.7999999999999999,0.334,1,全一册,/Users/LeoQin/Documents/GitHub/PDFconvertor/training_data/初中/体育与健康/华东师大版-华东师范大学出版社/九年级/义务教育教科书·体育与健康九年级全一册.pdf,华东师大版-华东师范大学出版社_九年级_义务教育教科书·体育与健康九年级全一册.json,体育,63
华东师大版-华东师范大学出版社_九年级_义务教育教科书·体育与健康九年级全一册_chunk_25,25,"大腿内侧肌群拉伤是指从膝关节内侧至腹股沟一侧肌群出现不舒服\n,\n甚至疼痛等症状。 蛙泳初学者最容易拉伤大腿内侧肌群。 如果蛙泳蹬腿用力错误\n,\n如膝关节在蹬腿时向外展并放松\n,\n长时间练习后就容易拉伤大腿内侧肌群。 预防方法为\n:\n强化蛙泳蹬腿练习时的\n“\n\n”\n技术细节\n,\n膝关节在蹬腿时做到内撑蹬直\n,\n不松散\n,\n不外翻。 第五章游泳类运动\n 27 ★\n\n肩关节拉伤又称肩带拉伤\n,\n也是游泳类运动中易出现的损伤。 导致肩关节拉伤的最根本原因是准备活动不足\n,\n肩关节无法适应强度突然增大的运动而造成了损伤。 预防方法为\n:\n游泳训练或锻炼时充分做好肩关节的热身运动\n,\n多拉伸肩关节周围的肌肉及韧带\n,\n刚入水时切忌马上就进行冲刺\n、\n水中力量性划臂等练习。 学习评价游泳类运动学习评价学\n习表\n现评价等级评价内容优秀良好需努力踩水技术踩水效果好\n,\n踩水过程中可以将手举出水面\n,\n并能保持\n10\n秒钟以上踩水效果较好\n,\n头部能在水面上平稳保持\n10\n秒钟以上踩水效果一般\n,\n头部勉强能在水面上最多保持\n10\n秒钟拖带\n(\n反蛙泳\n)\n技术动作熟练\n,\n手腿配合协调\n,\n呼吸顺畅\n,\n能将手保持在水面上托举轻物游进动作较好\n,\n手腿配合较 协调\n,\n呼吸 较顺\n畅\n,\n能将手举出水面\n10\n秒钟以上动作一般\n,\n手腿配合一般\n,\n呼吸较顺畅\n,\n最多能将手 举出 水面\n10\n秒钟抬头自由泳\n(\n爬泳\n)\n技术动作协调\n,\n可连续游进\n20\n米以上动作较协调\n,\n可连续游进\n10~20\n米动作一般\n,\n可连续游进\n10\n米以内学习态度在课堂上能出色地完成老师布置的学习任务\n,\n且每周坚持参与\n\n次以上游泳实用技术巩固练习在课堂上能较好地完成老师布置的学习任务\n,\n且每周坚持参与\n1~2\n次游泳实用技术巩固练习在课堂上勉强或不能完成老师布置的学习任务\n,\n且课后不参与游泳实用技术巩固练习评价说明\n:\n请根据自己的游泳类运动课堂学习情况\n,\n在上述表格中选择与自己学习水平对应的等级。 28 体育与健康",863,0,unknown,text-extracted,,2.0,华东师大版-华东师范大学出版社_九年级_义务教育教科书·体育与健康九年级全一册,25,954,2025-07-21T14:24:55.353Z,2.0,2025-07-17T02:34:21.605Z,九年级,[object Object],unknown,0.898921832884097,0.7999999999999999,0.863,1,全一册,/Users/LeoQin/Documents/GitHub/PDFconvertor/training_data/初中/体育与健康/华东师大版-华东师范大学出版社/九年级/义务教育教科书·体育与健康九年级全一册.pdf,华东师大版-华东师范大学出版社_九年级_义务教育教科书·体育与健康九年级全一册.json,体育,63
华东师大版-华东师范大学出版社_九年级_义务教育教科书·体育与健康九年级全一册_chunk_26,26,"28 体育与健康在课余时间\n,\n你可以对课堂上老师教过的踩水\n、\n拖带\n(\n反蛙泳\n)、\n抬头自由泳\n(\n爬泳\n)\n等基本技术进行练习并予以应用。 同时\n,\n还可以通过以下练习提高相关游泳类运动技术水平及运用能力。 自主学习水中泅渡你可以利用自己游泳时携带的打水板\n、\n泳镜或更衣柜钥匙\n,\n进行水中搬运练习\n:\n一手拿着物品保持在水面以上\n,\n采用单手划水和踩水技术\n(\n或反蛙泳技术\n),\n将物品从泳池的一端安全运送到另一端。 在蛙泳和自由泳锻炼时可多用此法进行练习\n,\n最终达到提高水中控制能力的效果。 合作学习你沉我拖你沉我拖两人一组或三人一组\n,\n用反蛙泳技术进行水中拖带练习。 既可以两人相互进行拖带练习\n,\n也可以两人合作拖带一人进行练习。 扮演溺水的同学应在水中相应位置以反蛙泳姿势等待拖带。 探究学习资料查阅利用网络\n、\n书籍等各类资源\n,\n或请教体育老师\n,\n了解在游泳的过程中还有哪些身体部位容易抽筋\n,\n以及如何消除和缓解这些部位的抽筋症状。 名人名言一个人只有经过东倒西歪的\n、\n让自己像个笨蛋那样的阶段才能学会滑冰。 ———\n萧伯纳\n(\n英国\n)\n第六章冰雪类运动\n 29 第六章冰雪类运动懂得欣赏冰雪类运动中的美。 提高冰雪类运动基本技术的运用能力。 掌握冰雪类运动中常见损伤的知识及预防方法。 在缺乏开展冰雪类运动所需场地的情况下\n,\n大家是否仍然向往冰雪类运动带来的快乐与惬意呢\n?\n为此\n,\n在进一步学习冰雪类运动基本技术的同时\n,\n根据项目的相似性特点\n,\n大家可以进行轮滑类旱地运动项目的练习。 本章我们也将介绍一些冰雪类表演项目\n,\n期待大家能更真切地体会冰雪类运动中的美。 ★",710,0,unknown,text-extracted,,2.0,华东师大版-华东师范大学出版社_九年级_义务教育教科书·体育与健康九年级全一册,26,791,2025-07-21T14:24:55.353Z,2.0,2025-07-17T02:34:21.605Z,九年级,[object Object],unknown,0.9162717219589257,0.7999999999999999,0.71,1,全一册,/Users/LeoQin/Documents/GitHub/PDFconvertor/training_data/初中/体育与健康/华东师大版-华东师范大学出版社/九年级/义务教育教科书·体育与健康九年级全一册.pdf,华东师大版-华东师范大学出版社_九年级_义务教育教科书·体育与健康九年级全一册.json,体育,63
华东师大版-华东师范大学出版社_九年级_义务教育教科书·体育与健康九年级全一册_chunk_27,27,"★\n\n冰花绽放\n、\n舞池潋滟的花样滑冰比赛分为单人花样滑冰\n、\n双人花样滑冰和冰上舞蹈三个小项目\n,\n是体育与艺术的结晶\n,\n带给人美的享受。 单人花样滑冰项目中\n,\n运动员在有限的方寸之间穿行于冰面\n,\n每一次旋转\n、\n跳跃都能带给人心灵的悸动和震撼\n;\n双人花样滑冰项目中\n,\n女伴轻巧灵活的跳转与男伴力量浑厚的托举相得益彰\n,\n给人一种和谐一致的动态美感\n;\n冰上舞蹈项目中\n,\n通过音乐旋律与身体姿态的完美组合\n,\n运动员在冰上尽显舞蹈之美。 这都充分展示了冰雪类运动中的艺术美。 30 体育与健康\n★\n\n被称为雪上极限运动的自由式滑雪比赛分为空中技巧\n、\n雪上技巧和雪上芭蕾三个小项目\n,\n其雪面飞驰\n、\n空中起舞的惊险刺激\n,\n诠释了人类不断挑战自我极限的冒险精神\n,\n深受大家的喜爱。 自由式滑雪运动员堪称是冰雪天地间的精灵\n,\n他们一跃而起\n,\n俯冲而下\n,\n翻腾于云端\n,\n旋转在天际\n,\n充分展现了冰雪类运动中的极限美。 ★ 从简单的单脚支撑\n、\n燕式平衡滑行\n,\n到高位托举同伴的同时单脚弧线滑行\n,\n再到身体三周半水平旋转后稳稳地保持单脚支撑落冰\n......\n这一切都发生在仅有几毫米宽的刀刃与冰面的接触之间。 我们惊讶于这完美的高难度动作的同时\n,\n更被运动员们高超的身体平衡控制技术所折服。 他们似乎已将地心的引力从自身移除\n,\n完美诠释着冰雪类运动中超自然的平衡美。 你知道吗\n?\n花样滑冰花样滑冰是技巧性与艺术性相结合的一项冰上运动项目。 在花样滑冰比赛中\n,\n运动员伴随着音乐的旋律在冰面上滑出各种图案\n,\n表演各种技巧和舞蹈动作\n,\n裁判员根据动作难度和完成质量进行评分\n,\n决定名次。 国际滑冰联盟规定的比赛项目有单人花样滑冰\n、\n双人花样滑冰和冰上舞蹈\n\n个项目。 第六章冰雪类运动\n 31 单蹬双\n(\n单\n)\n滑绕障碍\n★",783,0,unknown,text-extracted,,2.0,华东师大版-华东师范大学出版社_九年级_义务教育教科书·体育与健康九年级全一册,27,862,2025-07-21T14:24:55.354Z,2.0,2025-07-17T02:34:21.605Z,九年级,[object Object],unknown,0.910948905109489,0.7999999999999999,0.783,1,全一册,/Users/LeoQin/Documents/GitHub/PDFconvertor/training_data/初中/体育与健康/华东师大版-华东师范大学出版社/九年级/义务教育教科书·体育与健康九年级全一册.pdf,华东师大版-华东师范大学出版社_九年级_义务教育教科书·体育与健康九年级全一册.json,体育,63
华东师大版-华东师范大学出版社_九年级_义务教育教科书·体育与健康九年级全一册_chunk_28,28,"第六章冰雪类运动\n 31 单蹬双\n(\n单\n)\n滑绕障碍\n★\n\n用途\n:\n熟练运用前滑技术\n,\n提高控刀能力\n,\n增加练习的趣味性\n,\n发展下肢力量及身体的协调性。 方法\n:\n在熟悉单蹬双滑技术的基础上\n,\n按已设置的冰道标志进行绕滑练习。 注意要降低重心\n,\n充分侧蹬冰\n,\n使重心灵活地在内\n、\n外刃交换支撑间转换。 也可以增加冰道标志之间的距离后\n,\n进行单蹬单滑和双脚交换压步滑行练习。 ★\n\n用途\n:\n提高协调性和控刀能力\n,\n发展后滑技术及增加趣味性\n;\n掌握后滑中的快速制动与停止技术\n,\n避免因失控而受伤。 方法\n:\n在后滑压步急停加转身前滑等一系列组合动作中\n,\n重心左\n、\n右移换是关键\n,\n身体适当前倾是要点\n,\n而双足内\n、\n外刃的交替蹬冰则是动力来源。 小坡度回转绕过旗门双足后滑及向后内刃急停\n★\n\n用途\n:\n通过转弯技术在缓坡\n、\n中坡滑降中的实练\n,\n提高控制雪板和身体重心的能力。 方法\n:\n滑过每个旗门都是一次挑战\n,\n要注意用犁式滑降来减速\n,\n用平行滑降加大横板滑行角度\n,\n绕行时要注意基本滑姿中重心的调整。 32 体育与健康\n\n★\n\n冰雪类运动大多数是在户外进行的\n,\n由于气候和环境等特殊条件\n,\n在户外冰雪环境中活动时可能会造成如冻伤\n、\n雪盲症等损伤。 因此\n,\n我们要提前关注天气的变化情况\n,\n特别是活动当日的气温\n、\n风力和阴晴等。 同时\n,\n我们也应配备防冻霜和滑雪镜等户外保护用品及保暖服装。 ★\n\n滑冰类项目对脚踝部位的力量要求高\n,\n在活动过程中经常会出现因力量不足而引起的足部肌肉拉伤或小关节扭伤。 滑雪类项目体能消耗很大\n,\n当身体过度疲劳时\n,\n神经反应相对下降\n,\n对身体反射性保护的敏感性也降低\n,\n因而更容易引起腰腿部肌肉痉挛和大关节损伤。 因此\n,\n我们在活动前\n,\n要积极进行拉伸等针对性准备活动\n;\n在活动过程中\n,\n要正确定位自己的运动能力\n,\n量力而行\n,\n不做过于勉强的动作\n,\n当感觉到身体疲劳时便立即停止运动并积极休息。 ★",857,0,unknown,text-extracted,,2.0,华东师大版-华东师范大学出版社_九年级_义务教育教科书·体育与健康九年级全一册,28,989,2025-07-21T14:24:55.354Z,2.0,2025-07-17T02:34:21.605Z,九年级,[object Object],unknown,0.9012345679012346,0.7999999999999999,0.857,1,全一册,/Users/LeoQin/Documents/GitHub/PDFconvertor/training_data/初中/体育与健康/华东师大版-华东师范大学出版社/九年级/义务教育教科书·体育与健康九年级全一册.pdf,华东师大版-华东师范大学出版社_九年级_义务教育教科书·体育与健康九年级全一册.json,体育,63
华东师大版-华东师范大学出版社_九年级_义务教育教科书·体育与健康九年级全一册_chunk_29,29,"冰雪类运动受场地和环境等限制\n,\n极易发生碰撞\n、\n摔倒\n、\n擦伤等事故\n,\n严重的甚至会造成骨折\n、\n脑震荡等意外伤害。 因此\n,\n在活动中我们需要遵守规则\n,\n根据实际能力选择活动区域。 基础的滑冰练习应在冰场内圈进行\n,\n不逆向滑行\n;\n滑雪初学者不越界到中\n、\n高级雪道上冒险\n,\n并尽量远离速降类主雪道\n;\n活动间歇或休息时不乱丢雪板和雪杖\n,\n以免危及他人等。",186,0,unknown,text-extracted,,2.0,华东师大版-华东师范大学出版社_九年级_义务教育教科书·体育与健康九年级全一册,29,197,2025-07-21T14:24:55.354Z,2.0,2025-07-17T02:34:21.605Z,九年级,[object Object],unknown,0.8987341772151899,0.7999999999999999,0.186,1,全一册,/Users/LeoQin/Documents/GitHub/PDFconvertor/training_data/初中/体育与健康/华东师大版-华东师范大学出版社/九年级/义务教育教科书·体育与健康九年级全一册.pdf,华东师大版-华东师范大学出版社_九年级_义务教育教科书·体育与健康九年级全一册.json,体育,63
华东师大版-华东师范大学出版社_九年级_义务教育教科书·体育与健康九年级全一册_chunk_30,30,"第六章冰雪类运动\n 33 学习评价冰雪类运动学习评价学\n习表\n现评价等级评价内容优秀良好需努力参与态度能帮助和指导学习有困难的同学\n,\n能提出自己的观点\n,\n每周至少参加\n\n次课外冰雪类运动在课堂上能较好地完成学习任务\n,\n并积极参加课外冰雪类运动能够完成学习任务\n,\n但没有参加课外冰雪类运动知识技能\n(\n可任选一项\n) 冰上运动能够在直道上进行\n20\n米以上的后滑并能够制动\n能够后滑\n10~20\n米并能够制动基本能够进行后滑\n,\n但距离不足\n10\n米雪上运动在雪道上能以犁式转弯的方式中速滑降并停稳\n,\n能在单板上站立并在小坡度雪面滑行能以犁式转弯方式稳定滑降并停止\n,\n能在单板上进行简单的站立和滑行能选择滑雪或雪上单板项目\n,\n并积极地进 行基 本技 术的\n练习健康知识与健康意识装备齐整\n,\n积极参与准备活动\n,\n能够根据自己的心率适当调节运动量\n装备较齐整\n,\n准备活动充分\n,\n疲劳时积极休息关注装备与准备活动\n,\n并能适量运动合作意识与情绪调节积极与同伴互助完成学习\n,\n不断尝试新的滑行技术与同伴合作完成学习任务\n,\n即使失败也坚持练习能在伙伴的帮助下完成任务\n,\n并在失败后不抱怨评价说明\n:\n请根据自己冰雪类运动的学习情况\n,\n在上述表格中选择与自己的学习水平对应的等级。 你知道吗\n?\n冰球冰球\n,\n亦称\n“\n冰上曲棍球\n”。 冰球运动是多变的滑冰技艺和敏捷娴熟的曲棍球技艺相结合\n,\n且对抗性较强的集体冰上运动项目之一\n,\n也是冬季奥运会正式比赛项目。 比赛时每队上场\n\n人\n,\n前锋\n\n人\n,\n后卫\n\n人\n,\n守门员\n\n人。 比赛时\n,\n运动员需用冰杆将球击入对方球门\n,\n进球多者为胜。 冰球在欧洲\n、\n美国和加拿大十分盛行\n,\n是世界上最令人兴奋的集体运动之一。 34 体育与健康",757,0,unknown,text-extracted,,2.0,华东师大版-华东师范大学出版社_九年级_义务教育教科书·体育与健康九年级全一册,30,865,2025-07-21T14:24:55.354Z,2.0,2025-07-17T02:34:21.605Z,九年级,[object Object],unknown,0.9209726443768997,0.7999999999999999,0.757,1,全一册,/Users/LeoQin/Documents/GitHub/PDFconvertor/training_data/初中/体育与健康/华东师大版-华东师范大学出版社/九年级/义务教育教科书·体育与健康九年级全一册.pdf,华东师大版-华东师范大学出版社_九年级_义务教育教科书·体育与健康九年级全一册.json,体育,63
华东师大版-华东师范大学出版社_九年级_义务教育教科书·体育与健康九年级全一册_chunk_31,31,"34 体育与健康在课余时间\n,\n你可以练习课堂上老师教的单蹬双\n(\n单\n)\n滑绕障碍\n、\n双足后滑及向后内刃急停\n、\n小坡度回转绕过旗门等冰雪类运动基本技术的运用方法。 同时\n,\n还可以通过以下练习来提高你运用冰雪类运动基本技术的能力。 自主学习雪上单板雪上单板在熟练掌握滑雪运动基本技术的基础上\n,\n你可以尝试踏上雪上单板\n,\n冲破雪浪\n,\n穿梭于雪道之间\n,\n给自己一次挑战自我的体验。 合作学习冰上曲棍球冰上曲棍球当你可以娴熟地控制脚下的冰刀游走于冰面时\n,\n就可以和同伴一起\n,\n配上护具尝试进行冰上曲棍球的游戏。 探究学习组建轮滑社团在课余时间里\n,\n你可以与爱好轮滑的同学或伙伴一起组建轮滑兴趣小组\n,\n并做好准备工作\n,\n如张贴海报\n、\n招募会员\n、\n制定社团活动规章等。 第七章武术类运动\n 35 第七章武术类运动懂得欣赏武术类运动中的美。 提高武术类运动基本技术的运用能力。 掌握武术类运动中常见损伤的知识及预防方法。 武术是中华民族优秀的文化遗产之一\n,\n它融传统文化\n、\n艺术神韵于一体\n,\n显现出华夏文明的博大精深。 同时\n,\n作为一项体育运动\n,\n它聚合了体育与艺术的精华\n,\n展现出超越体育的艺术魅力。 在领略武术魅力的同时\n,\n我们还要学习与掌握常见武术类运动损伤的知识及预防方法\n,\n安全地进行武术学习。 ★\n\n中华武术由千姿百态\n、\n风格各异的拳械动作连缀成各种套路或搏击形式。 它们或勇猛\n,\n或豪壮\n,\n或洒脱。 如南拳以劲力称道\n,\n凸显阳刚之美\n;\n通臂拳以气势夺人\n,\n凸显壮观之美\n;\n长拳以飘洒的姿势\n、\n严整的功架\n,\n凸显造型之美\n;\n象形拳以夸张\n、\n风趣\n、\n凝练的象形手法\n,\n凸显诙谐之美。 中华武术门类丰富\n,\n各有风韵\n,\n把武术类运动中的形式美表现得淋漓尽致。 ★\n\n武术类运动不只是表现动作架势\n,\n还展现内在的精\n、\n气\n、\n神\n,\n它在动与静中塑造刚毅\n、\n雄健\n、\n勇猛\n、\n机",826,0,unknown,text-extracted,,2.0,华东师大版-华东师范大学出版社_九年级_义务教育教科书·体育与健康九年级全一册,31,930,2025-07-21T14:24:55.354Z,2.0,2025-07-17T02:34:21.605Z,九年级,[object Object],unknown,0.9040902679830748,0.7999999999999999,0.826,1,全一册,/Users/LeoQin/Documents/GitHub/PDFconvertor/training_data/初中/体育与健康/华东师大版-华东师范大学出版社/九年级/义务教育教科书·体育与健康九年级全一册.pdf,华东师大版-华东师范大学出版社_九年级_义务教育教科书·体育与健康九年级全一册.json,体育,63
华东师大版-华东师范大学出版社_九年级_义务教育教科书·体育与健康九年级全一册_chunk_32,32,"武术类运动不只是表现动作架势\n,\n还展现内在的精\n、\n气\n、\n神\n,\n它在动与静中塑造刚毅\n、\n雄健\n、\n勇猛\n、\n机武谚习武贵在得法\n,\n求功尚在持久。 36 体育与健康智\n、\n灵巧\n、\n俊秀的形象\n,\n勾勒神韵和动作统一的意境\n,\n从而形成强大的艺术感染力\n,\n给人以美的遐想。 这便是武术类运动中的意境美。 ★ 格斗是中华武术中最具实战价值的部分。 在实战中\n,\n应用出神入化的格斗技巧可以达到克敌制胜的效果。 格斗中的一招一式\n、\n一拳一腿看似随意\n,\n但其中却蕴藏着高深莫测的变化。 如\n,\n“\n拳打人不知\n”\n要求进攻动作隐蔽\n;“\n百打百解\n,\n快打无懈\n”\n要求出拳快\n,\n先发制人\n;“\n八米小擂台\n,\n谋深广似海\n”\n要求巧运心力\n,\n招式转化\n,\n灵活多变。 武术类运动实战中\n,\n闪转腾挪的身法变化\n、\n惊险别致的攻防技术\n,\n无不给人一种技击美的享受。 你知道吗\n?\n中国剑文化中国剑文化承载着古人对理想境界的向往\n,\n对博大气象的追求\n,\n也蕴含着正义必胜的道德期待与浪漫优雅的武术审美。 它随着剑的发明而产生\n,\n又伴着剑的演变而发展\n,\n源远流长\n,\n内涵丰富。 自黄帝至东周\n,\n剑大多以铜铸造\n,\n剑质甚佳\n,\n炼制技术亦在探索中不断进步。 至春秋战国时期\n,\n剑已普及\n,\n文人武士皆随身携带。 即便如冯谖般缺衣无食的寒士\n,\n亦剑不离身。 当时的名剑有干将\n、\n莫邪\n、\n龙泉\n、\n太阿\n、\n纯钧\n、\n湛泸\n、\n鱼肠\n、\n巨阙等\n,\n皆为无价珍品\n,\n而龙泉剑更属奇珍。 秦朝建立后\n,\n为彰显\n“\n灭六国\n、\n驱蛮夷\n”\n之盖世豪情\n,\n秦始皇召集天下制剑名匠\n,\n历时三载\n,\n铸成宝剑一双\n,\n长皆三尺六寸\n,\n取名\n“\n定秦\n”。 一柄作为镇国之宝\n,\n埋于阿房宫下\n,\n另一柄作为随身佩剑\n,\n用以号令天下\n,\n自此开创天子宝剑的历史先河\n,\n使剑成为权力\n、\n地位\n、\n正义\n、\n力量的象征。 第七章武术类运动\n 37 长拳技法\n★",842,0,unknown,text-extracted,,2.0,华东师大版-华东师范大学出版社_九年级_义务教育教科书·体育与健康九年级全一册,32,907,2025-07-21T14:24:55.354Z,2.0,2025-07-17T02:34:21.605Z,九年级,[object Object],unknown,0.8602941176470589,0.7999999999999999,0.842,1,全一册,/Users/LeoQin/Documents/GitHub/PDFconvertor/training_data/初中/体育与健康/华东师大版-华东师范大学出版社/九年级/义务教育教科书·体育与健康九年级全一册.pdf,华东师大版-华东师范大学出版社_九年级_义务教育教科书·体育与健康九年级全一册.json,体育,63
华东师大版-华东师范大学出版社_九年级_义务教育教科书·体育与健康九年级全一册_chunk_33,33,"第七章武术类运动\n 37 长拳技法\n★\n\n用途\n:\n掌握长拳中的拳打\n、\n脚踢\n、\n摔打\n、\n擒拿等格斗技击动作\n,\n增强上肢与腿部的力量和柔韧性\n,\n提高徒手对抗的防卫能力。 方法\n:\n利用手靶\n、\n脚靶与同伴进行喂靶训练\n,\n加强弹踢腿\n、\n侧踹腿\n、\n正蹬腿\n、\n架拳\n、\n冲拳\n、\n推掌与步法的准确性。 ★\n\n用途\n:\n掌握棍术手臂圆热\n、\n梢把兼用\n、\n身棍合一\n、\n力透棍梢\n、“\n棍打一大片\n”\n的技击特点\n,\n增强上肢与腰背的力量和灵活性\n,\n提高肩部的柔韧性。 方法\n:\n进行不同棍法\n(\n如劈\n、\n抡\n、\n扫\n、\n挑\n、\n架棍等\n)\n与握法的灵活配合训练。 练习时棍梢\n、\n棍身\n、\n棍把交互使用\n,\n可持棍击打\n“\n标志物\n”\n或空击\n,\n顺应棍的自然之势\n,\n把劲力贯注到棍梢\n、\n棍把\n、\n棍身上\n,\n体会用巧劲的感受。 剑术技法\n★\n\n用途\n:\n掌握剑术轻灵敏捷\n、\n飘逸潇洒\n、\n剑似飞凤的技击特点\n,\n发展上肢的力量和身体的灵敏性\n,\n增强手腕的灵活性。 方法\n:\n运用不同的剑法进行模拟空击练习\n,\n加强剑法与剑指的协调配合。 练习时持剑手腕要灵活\n,\n要身剑合一\n,\n以身运剑\n,\n将身法\n、\n步法\n、\n剑法和神韵融为一体。 你知道吗\n?\n内练一口气\n,\n外练筋骨皮气\n,\n泛指人体的内在呼吸\n,\n在武术运动中占据重要位置。 练武时应力求气沉丹田\n,\n吞吐自如。 筋骨皮\n,\n指人体的外表部分。 练武时\n,\n包括肌肉\n、\n骨骼\n、\n韧带等在内的筋骨皮都要坚硬\n、\n耐抗\n、\n耐磨。 练武者既要\n“\n内\n”\n练\n,\n又要\n“\n外\n”\n练\n,\n二者缺一不可。 38 体育与健康\n\n★\n\n武术类运动中常见的软组织损伤主要有擦伤\n、\n裂伤和挫伤等。 导致软组织损伤的主要原因包括与粗糙地面摩擦\n、\n被钝器击打及对练过程中被对方踢打等。 如在练习刀枪器械时\n,\n由于动作失控\n,\n受刀枪击打而引起的皮肤裂伤等。 为了预防软组织损伤\n,\n我们应在准确掌握武术类运动技术的前提下\n,\n不做超出自己能力范围的动作。 同时\n,\n我们也要确保器械的安全性\n,\n必要时佩戴相应的护具\n,\n提高保护意识。 ★",910,0,unknown,text-extracted,,2.0,华东师大版-华东师范大学出版社_九年级_义务教育教科书·体育与健康九年级全一册,33,984,2025-07-21T14:24:55.354Z,2.0,2025-07-17T02:34:21.605Z,九年级,[object Object],unknown,0.8545706371191135,0.7999999999999999,0.91,1,全一册,/Users/LeoQin/Documents/GitHub/PDFconvertor/training_data/初中/体育与健康/华东师大版-华东师范大学出版社/九年级/义务教育教科书·体育与健康九年级全一册.pdf,华东师大版-华东师范大学出版社_九年级_义务教育教科书·体育与健康九年级全一册.json,体育,63
华东师大版-华东师范大学出版社_九年级_义务教育教科书·体育与健康九年级全一册_chunk_34,34,"武术类运动中最常见的是踝关节\n、\n膝关节\n、\n掌指关节和肘关节韧带的损伤。 这是在外力作用下\n,\n关节发生超常范围的运动\n,\n关节内外韧带受到过度或猛烈地牵拉而造成的损伤。 例如\n,\n武术运动员在练习跳跃动作时\n,\n落地不慎而导致了脚踝扭伤等。 为了预防关节韧带损伤\n,\n首先\n,\n准备活动要有针对性\n,\n做完一般性准备活动后\n,\n应做与运动内容相关的专门性准备活动\n;\n其次\n,\n要掌握各种翻腾跳跃动作的正确姿势\n,\n并采用行之有效的辅助练习来增强相关肌群的力量\n;\n再次\n,\n要注意选择在平坦不打滑的场地上进行练习。 武谚拳不空发\n,\n手不空回。 步不活则拳乱\n,\n步不快则拳慢。 手似流星眼似电\n,\n身似游龙腿似箭。",311,0,unknown,text-extracted,,2.0,华东师大版-华东师范大学出版社_九年级_义务教育教科书·体育与健康九年级全一册,34,330,2025-07-21T14:24:55.354Z,2.0,2025-07-17T02:34:21.605Z,九年级,[object Object],unknown,0.9070631970260223,0.7999999999999999,0.311,1,全一册,/Users/LeoQin/Documents/GitHub/PDFconvertor/training_data/初中/体育与健康/华东师大版-华东师范大学出版社/九年级/义务教育教科书·体育与健康九年级全一册.pdf,华东师大版-华东师范大学出版社_九年级_义务教育教科书·体育与健康九年级全一册.json,体育,63
华东师大版-华东师范大学出版社_九年级_义务教育教科书·体育与健康九年级全一册_chunk_35,35,"你知道吗\n?\n越王勾践剑越王勾践剑是春秋时期的霸主越王勾践使用过的一把青铜剑\n,\n于\n1965\n年\n12\n月在湖北省江陵县的楚墓出土\n,\n现藏于湖北省博物馆。 这把剑长\n55.6\n厘米\n,\n宽\n\n厘米\n,\n剑身有黑色花纹\n,\n材料为铜和锡\n,\n正面有\n“\n越王鸠浅自乍用剑\n”(“\n鸠浅\n”\n即\n“\n勾践\n”,“\n乍\n”\n即\n“\n作\n”)\n铭文。 该剑出土时置于黑色漆木剑鞘内\n,\n剑身光亮\n,\n无锈蚀\n,\n刃薄锋利\n,\n铸造工艺达到相当高的水平。 第七章武术类运动\n 39 学习评价武术类运动学习评价学\n习表\n现评价等级评价内容优秀良好需努力武术基本功技术动 作规 范\n,\n方法 正确\n,\n踢腿有力\n、\n节奏快\n、\n幅度大\n,\n身体平衡控制得好动作较规范\n,\n方法较正确\n,\n踢腿有力\n、\n幅度较大\n,\n身体 平衡 控制 得较好动作一般\n,\n方法较正确\n,\n踢腿速度较慢\n、\n幅度较小\n,\n身体略有晃动少年剑术套路能熟练完成套路演练\n,\n动作规范\n,\n方法清楚\n,\n节奏感强\n,\n快速有力\n,\n有气势能较熟练地完成套路演练\n,\n动作较规范\n,\n方法较清楚\n,\n节奏协调\n,\n速度和力量方面表现较好能独立完成套路演练\n,\n演练时有短暂遗忘\n、\n停顿\n,\n动作规格一般学习态度在课堂上能完成老师布置的学习任务\n,\n且每周能坚持进行\n\n次以上的武术练习在课堂上能较好地完成老师布置的学习任务\n,\n且每周能坚持进行\n1~\n\n次武术练习在课堂上能完成老师布置的学习任务\n,\n课后基本不进行巩固练习意志品质遇到肌肉酸痛或做复杂动作时\n,\n能积极思考\n,\n反复练习遇到肌肉酸痛或做复杂动作时\n,\n能坚持练习遇到肌肉酸痛或做复杂动作时\n,\n能要求自己努力坚持下去团结互助主动与同学合作\n,\n共同提高武术技艺较主动地与同学合作\n,\n共同完成武术学习注重自我进步\n,\n能与同学一起学习武术动作评价说明\n:\n请根据自己武术练习的情况\n,\n如实给出对应评价内容的评价等级\n,\n以全面了解自己武术学习的近况\n,\n发现不足\n,\n明确今后努力的方向。 40 体育与健康",870,0,unknown,text-extracted,,2.0,华东师大版-华东师范大学出版社_九年级_义务教育教科书·体育与健康九年级全一册,35,960,2025-07-21T14:24:55.354Z,2.0,2025-07-17T02:34:21.605Z,九年级,[object Object],unknown,0.8838174273858921,0.7999999999999999,0.87,1,全一册,/Users/LeoQin/Documents/GitHub/PDFconvertor/training_data/初中/体育与健康/华东师大版-华东师范大学出版社/九年级/义务教育教科书·体育与健康九年级全一册.pdf,华东师大版-华东师范大学出版社_九年级_义务教育教科书·体育与健康九年级全一册.json,体育,63
华东师大版-华东师范大学出版社_九年级_义务教育教科书·体育与健康九年级全一册_chunk_36,36,"40 体育与健康在课余时间\n,\n你可以对课堂上老师教的武术类运动的基本技术进行练习并予以运用。 同时\n,\n还可以通过以下练习来提高武术类运动基本技术水平及运用能力。 自主学习对镜练习对镜练习找一块有镜子的场地\n,\n面对镜子进行剑术练习。 若场地较小\n,\n可进行单个剑术动作的练习\n;\n若场地够大\n,\n可进行多个动作\n、\n组合动作或整套剑术动作的练习。 在练习过程中\n,\n可以通过观察镜子中的映像不断调整自己的动作\n,\n以有效地提高剑术水平。 合作学习剑法喂招剑法喂招为了进一步熟悉剑术的基本技术并提高运用能力\n,\n发展身体的协调性和灵敏性\n,\n你可以与同伴一起进行\n“\n剑法喂招\n”\n练习。 方法如下\n:\n两人各手持一把木剑\n,\n一人站在原地\n,\n两脚开立\n,\n右手持剑在体前平举或立剑或上架\n,\n另一人用所学的刺剑\n、\n劈剑\n、\n撩剑\n、\n点剑\n、\n斩剑等剑法迎击\n,\n体验各种剑法的运用技巧\n,\n尤其是力点的把握。 两人可交替练习。 练习时速度不宜过快\n,\n用力不宜过大。 探究学习看图学动作回头望月看挂图学习剑术中的\n“\n回头望月\n”\n动作\n,\n并结合课堂上老师所讲授的平衡动作\n,\n与同伴一起讨论做好\n“\n回头望月\n”\n动作需要注意哪些要领。 第八章民族民间传统体育活动\n 41 第八章民族民间传统体育活动懂得欣赏民族民间传统体育活动中的美。 提高民族民间传统体育活动基本技战术的运用能力。 掌握民族民间传统体育活动中常见运动损伤的知识及预防方法。 民族民间传统体育活动有着浓郁的民族风情和源远流长的文化背景\n,\n给我们以美的洗礼。 在领略其魅力的同时\n,\n我们还需要注意学习与掌握民族民间传统体育活动中常见的运动损伤及预防方法\n,\n安全地进行民族民间传统体育活动。 ★",739,0,unknown,text-extracted,,2.0,华东师大版-华东师范大学出版社_九年级_义务教育教科书·体育与健康九年级全一册,36,852,2025-07-21T14:24:55.354Z,2.0,2025-07-17T02:34:21.605Z,九年级,[object Object],unknown,0.9171779141104295,0.7999999999999999,0.739,1,全一册,/Users/LeoQin/Documents/GitHub/PDFconvertor/training_data/初中/体育与健康/华东师大版-华东师范大学出版社/九年级/义务教育教科书·体育与健康九年级全一册.pdf,华东师大版-华东师范大学出版社_九年级_义务教育教科书·体育与健康九年级全一册.json,体育,63
华东师大版-华东师范大学出版社_九年级_义务教育教科书·体育与健康九年级全一册_chunk_37,37,"★\n\n民族民间传统体育活动来源于民间群众的生产\n、\n生活实践\n,\n内容丰富\n、\n形式多样\n,\n与世界范围内普遍流行的现代体育活动有着极大的差异。 民族民间传统体育活动具有古朴\n、\n自然\n、\n轻松\n、\n贴近生活\n、\n娱乐色彩浓郁等特点\n,\n并且带给人一种强烈的传统文化氛围\n,\n充分展现了民族民间传统体育活动的文化美。 ★\n\n民族民间传统体育活动集娱乐性\n、\n技艺性\n、\n趣味性和健身性于一体\n,\n参与人群广泛\n,\n实施简便\n、\n易组织\n,\n深受人民群众的喜爱。 在活动中\n,\n参与者轻巧的步伐\n、\n动人的微笑\n、\n欢快的笑声等都诠释着活动的激情\n,\n充分展现了民族民间传统体育活动的参与美。 42 体育与健康\n\n★ 踢球用途\n:\n提高对球的控制能力与身体的协调性。 方法\n:\n用身体的各个部位连续\n“\n踢\n”\n球\n,\n注意技术动作的准确性与脚法使用的合理性。 踢球发球发球用途\n:\n在比赛开始阶段就破坏对方防守或直接得分\n,\n培养空间方位感。 方法\n:\n在本方发球区域内\n,\n将球抛起后\n,\n用各种脚法将球击出。 攻球攻球用途\n:\n破坏对方的防守\n,\n发展身体的协调性及腰腹和下肢力量。 方法\n:\n头部攻球时\n,\n身体在空中成反弓\n,\n距球\n10\n厘米左右时用力收腹甩头\n,\n用头把球击出\n;\n脚踏攻球时\n,\n大腿带动小腿迅速上摆\n,\n当摆到距球\n10\n厘米左右时\n,\n展腹\n、\n展髋\n、\n伸腿\n、\n压扣脚\n,\n用脚掌的前半部分击球\n,\n完成进攻动作。 你知道吗\n?\n毽球的起源踢毽源于中国古时的蹴鞠\n,\n与蹴鞠同宗同源\n,\n是蹴鞠的一个分支。 目前\n,\n毽球类运动已跨出国门走向世界。 正规的毽球比赛一般包含以下几个项目\n:\n单人赛\n、\n集体赛\n、\n单项赛和花毽赛。 其最高赛事为由国际毽球联合会组织的世界毽球锦标赛。",760,0,unknown,text-extracted,,2.0,华东师大版-华东师范大学出版社_九年级_义务教育教科书·体育与健康九年级全一册,37,844,2025-07-21T14:24:55.354Z,2.0,2025-07-17T02:34:21.605Z,九年级,[object Object],unknown,0.8811410459587956,0.7999999999999999,0.76,1,全一册,/Users/LeoQin/Documents/GitHub/PDFconvertor/training_data/初中/体育与健康/华东师大版-华东师范大学出版社/九年级/义务教育教科书·体育与健康九年级全一册.pdf,华东师大版-华东师范大学出版社_九年级_义务教育教科书·体育与健康九年级全一册.json,体育,63
华东师大版-华东师范大学出版社_九年级_义务教育教科书·体育与健康九年级全一册_chunk_38,38,"你知道吗\n?\n毽球竞赛规则毽球比赛场地长\n11.88\n米\n,\n宽\n6.1\n米。 场地中间架设一张球网\n,\n男子比赛网高\n1.6\n米\n,\n女子比赛网高\n1.5\n米。 比赛时\n,\n每方上场\n\n名队员\n,\n隔网踢。 在\n\n人传踢时\n,\n每个队员最多可以连续踢球\n\n次\n,\n但每方传踢次数不得超过\n\n次\n,\n否则判为犯规。 比赛每局\n15\n分\n,\n按三局两胜制进行。 第八章民族民间传统体育活动\n 43 “\n三\n、\n三\n”\n配备\n★ “\n三\n、\n三\n”\n配备用途\n:\n提高组织进攻的效率\n,\n提高得分的几率。 方法\n:\n队员一般呈倒三角形站立\n,\n任何一名队员接到球后\n,\n可以随时组织另外两名队员参与进攻。 “\n一\n、\n二\n”\n配备 “\n一\n、\n二\n”\n配备用途\n:\n提高二传的质量\n,\n优化进攻。 方法\n:\n主攻手\n②\n一般不参与接发球\n,\n由两个二传手\n①\n和\n③\n交替接发球和做二传。 “\n一拦二防\n”\n用途\n:\n网上封网封线路\n,\n网下中场防落点\n,\n是一种拦防结合的防守方法\n,\n能加大防守力度\n,\n有效阻止对方进攻。 方法\n:\n场上\n\n名队员\n,\n①\n站在网前拦网\n,\n②\n和\n③\n分别站在两侧分区防守。 “\n拦\n、\n堵\n、\n防\n”\n用途\n:\n相互补缺\n,\n随机应变\n,\n加大防守\n,\n减少失误。 方法\n:\n③\n在网前拦网\n,\n②\n在侧面往后堵击\n,\n①\n在中后场防守。 “\n一拦二防\n” “\n拦\n、\n堵\n、\n防\n” 44 体育与健康\n\n★\n\n民族民间传统体育活动中有许多跳跃动作\n,\n跳跃时身体与地面的冲撞需要膝关节来缓冲\n,\n若运动前准备活动不充分\n,\n或者穿的鞋不合适\n,\n或者场地不适宜\n,\n或者屈膝时姿势不当等\n,\n均可能导致膝关节损伤。 为了防止膝关节损伤\n,\n我们应在运动前有针对性地做一些准备活动。 同时\n,\n我们还应根据个人情况佩戴合适的护具\n,\n并重视对膝关节相关肌群的力量训练。 ★",805,0,unknown,text-extracted,,2.0,华东师大版-华东师范大学出版社_九年级_义务教育教科书·体育与健康九年级全一册,38,939,2025-07-21T14:24:55.354Z,2.0,2025-07-17T02:34:21.605Z,九年级,[object Object],unknown,0.81421647819063,0.5,0.805,1,全一册,/Users/LeoQin/Documents/GitHub/PDFconvertor/training_data/初中/体育与健康/华东师大版-华东师范大学出版社/九年级/义务教育教科书·体育与健康九年级全一册.pdf,华东师大版-华东师范大学出版社_九年级_义务教育教科书·体育与健康九年级全一册.json,体育,63
华东师大版-华东师范大学出版社_九年级_义务教育教科书·体育与健康九年级全一册_chunk_39,39,"★\n\n民族民间传统体育活动中有许多跳跃动作\n,\n跳跃时身体与地面的冲撞需要膝关节来缓冲\n,\n若运动前准备活动不充分\n,\n或者穿的鞋不合适\n,\n或者场地不适宜\n,\n或者屈膝时姿势不当等\n,\n均可能导致膝关节损伤。 为了防止膝关节损伤\n,\n我们应在运动前有针对性地做一些准备活动。 同时\n,\n我们还应根据个人情况佩戴合适的护具\n,\n并重视对膝关节相关肌群的力量训练。 ★\n\n民族民间传统体育活动没有竞技运动激烈\n,\n因此很多人在进行锻炼时\n,\n常常忽视活动前的热身\n,\n导致在进行运动时\n,\n极易因肌肉的黏滞性过大而造成拉伤。 为了预防肌肉拉伤\n,\n我们应重视运动前的热身\n,\n在阴雨天气尽量减少对抗性运动\n,\n在感到身体疲劳时\n,\n要注意适时地休息后再继续运动。 你知道吗\n?\n花毽踢毽子是我国一项历史悠久的民族民间传统体育活动。 花毽就是花样踢毽\n,\n是毽球运动的一种。 基本动作有\n:\n单踢\n、\n盘踢\n、\n压\n、\n颤\n、\n窜打\n(\n打\n)\n等。 由于毽子制作方法简单\n,\n踢毽对场地的要求不高\n,\n再加上颇具趣味性和观赏性\n,\n因此\n,\n踢花毽广受群众喜爱。",480,0,unknown,text-extracted,,2.0,华东师大版-华东师范大学出版社_九年级_义务教育教科书·体育与健康九年级全一册,39,509,2025-07-21T14:24:55.354Z,2.0,2025-07-17T02:34:21.605Z,九年级,[object Object],unknown,0.8995098039215687,0.7999999999999999,0.48,1,全一册,/Users/LeoQin/Documents/GitHub/PDFconvertor/training_data/初中/体育与健康/华东师大版-华东师范大学出版社/九年级/义务教育教科书·体育与健康九年级全一册.pdf,华东师大版-华东师范大学出版社_九年级_义务教育教科书·体育与健康九年级全一册.json,体育,63
华东师大版-华东师范大学出版社_九年级_义务教育教科书·体育与健康九年级全一册_chunk_40,40,"第八章民族民间传统体育活动\n 45 学习评价民族民间传统体育活动学习评价评价内容学习表现优秀良好合格需努力知识与技能能按毽球运动的动作要领完成学习活动\n,\n并能说出如磕踢等相关动作术语\n,\n了解毽球运动的益处学习态度与行为积极主动地参与各项毽球技能的学习和游戏活动情意表现在毽球运动中\n,\n表现出坚强的意志\n、\n积极向上的态度及自信心等交往与合作意识在毽球运动中与同伴友好相处\n,\n共同协作完成各种毽球运动的游戏\n;\n课后能主动动员家人\n、\n同伴等一起进行活动评价说明\n:\n根据毽球学习情况\n,\n如实填写上述表格\n,\n在相应框中打\n“\n√\n”。 通过评价\n,\n了解自己处于哪一个水平阶段\n,\n以进一步明确今后努力的方向\n,\n提高毽球的技战术水平\n,\n获得更多的学习乐趣。 你知道吗\n?\n竞赛用毽球毽球毽球由毽毛\n、\n毽垫和毛管构成。 毽毛为四支白色或彩色鹅羽\n,\n它们呈十字形插在毛管内\n,\n每支羽毛宽\n3.20~3.50\n厘米\n;\n毽垫直径\n3.80~\n\n厘米\n,\n厚\n1.30~1.50\n厘米\n;\n毛管高\n2.50\n厘米。 毽球高\n13~15\n厘米\n,\n重\n13~15\n克。 46 体育与健康",498,0,unknown,text-extracted,,2.0,华东师大版-华东师范大学出版社_九年级_义务教育教科书·体育与健康九年级全一册,40,560,2025-07-21T14:24:55.354Z,2.0,2025-07-17T02:34:21.605Z,九年级,[object Object],unknown,0.8344988344988346,0.7999999999999999,0.498,1,全一册,/Users/LeoQin/Documents/GitHub/PDFconvertor/training_data/初中/体育与健康/华东师大版-华东师范大学出版社/九年级/义务教育教科书·体育与健康九年级全一册.pdf,华东师大版-华东师范大学出版社_九年级_义务教育教科书·体育与健康九年级全一册.json,体育,63
华东师大版-华东师范大学出版社_九年级_义务教育教科书·体育与健康九年级全一册_chunk_41,41,"46 体育与健康在课余时间\n,\n你可以对课堂上老师教的毽球基本技术与基本战术等进行练习并予以应用。 同时\n,\n还可以通过以下练习来提高你的毽球运动基本技术水平及运用能力。 自主学习你能做到吗\n? 踢毽球踢球是毽球运动顺利进行的基础\n,\n你可以选择几个不同的踢球动作\n,\n如一脚内侧踢一次低球再踢一次高球\n,\n大腿交替颠球\n,\n脚内侧踢一次高球再胸部颠球等。 你能用不同的动作连续踢\n30\n次以上吗\n? 合作学习毽球对抗毽球对抗在场地中间拉一根绳子\n,\n两组队员分别在绳子的两侧进行互踢\n,\n让毽球越过绳子到达对方的场地。 允许在本方场地多次踢\n、\n连踢。 若毽球落地则重新开始。 探究学习创意无限以毽球\n、\n跳绳为例\n,\n我们是不是也能以身边的民族民间传统体育活动为原型\n,\n设计出变化多样\n,\n健身\n、\n娱乐性强\n,\n深受同学们喜欢的校园体育运动项目呢\n?\n让我们一起动手尝试吧\n! 第九章健康知识\n 47 第九章健康知识懂得毒品的危害\n,\n提高警惕性\n,\n树立坚决拒绝毒品的意识。 了解艾滋病的基本知识和预防方法\n,\n学会正确地对待艾滋病患者。 掌握乙型脑炎\n、\n肺结核\n、\n肝炎的预防方法。 知道镇静\n、\n催眠等成瘾性药物的危害。 九年级的你正经历着身体和心理的快速成长\n,\n要学会避免很多具有危害性的事物\n(\n包括毒品\n、\n艾滋病\n、\n乙型脑炎等传染性疾病以及成瘾性药物等\n)\n对身心健康的影响\n,\n养成良好的生活习惯。 目前\n,\n毒品的危害日益严重。 为倡导拒绝毒品\n,\n联合国把每年的\n\n月\n26\n日定为国际禁毒日。 据统计\n,\n目前我国登记在册的吸毒人数已达\n90\n万\n,\n其中\n80%\n是\n35\n岁以下的年轻人。 青少年身心发育尚未成熟\n,\n一旦吸毒成瘾\n,\n将导致记忆力衰退\n、\n营养严重不足\n、\n抵抗力下降等后果\n,\n严重影响身心健康发展。 现在正处于人生发展最美好阶段的你\n,\n一定要珍惜生命\n,\n远离毒品。 ★",817,0,unknown,text-extracted,,2.0,华东师大版-华东师范大学出版社_九年级_义务教育教科书·体育与健康九年级全一册,41,916,2025-07-21T14:24:55.354Z,2.0,2025-07-17T02:34:21.605Z,九年级,[object Object],unknown,0.8944365192582026,0.7999999999999999,0.817,1,全一册,/Users/LeoQin/Documents/GitHub/PDFconvertor/training_data/初中/体育与健康/华东师大版-华东师范大学出版社/九年级/义务教育教科书·体育与健康九年级全一册.pdf,华东师大版-华东师范大学出版社_九年级_义务教育教科书·体育与健康九年级全一册.json,体育,63
华东师大版-华东师范大学出版社_九年级_义务教育教科书·体育与健康九年级全一册_chunk_42,42,"科学技术在改善我们生活的同时\n,\n也使得制毒技术越来越容易被掌握。 现如今\n,\n毒品已形成一个庞大的家族\n,\n其品种数量已高达\n200\n余种\n,\n常见的有吗啡\n、\n海洛因\n、\n大麻\n、\n可卡因以及在一些娱乐场所屡禁不止\n、\n极易使青少年身陷其中的摇头丸等。 根据来源\n,\n毒品分为天然毒品与合成毒品\n;\n根据对中枢神 48 体育与健康经系统的作用效应\n,\n毒品分为抑制剂类毒品\n、\n兴奋剂类毒品和致幻剂类毒品。 ★\n\n吸毒成瘾与大脑中分泌的多巴胺有关\n,\n其成瘾性不仅表现在吸毒者对毒品的生理依赖上\n,\n更表现在其心理依赖上。 许多吸毒者即使消除了毒品的戒断反应\n,\n也无法在短时间内忘却毒品曾经带给他们的\n“\n美妙感觉\n”。 与生理上所受的痛苦相比\n,\n心理上对毒品的欲望和渴求带给他们的痛苦更大。 这就是很多人戒毒后又复吸毒品的原因。 因此\n,\n戒毒专家指出\n:\n戒毒并不是最困难的\n,\n如何避免复吸\n,\n才是摆在全世界人们面前的难题\n!\n★ 要避免悲剧的发生\n,\n首先必须构筑拒绝毒品的心理防线。 当你面对挫折和困难时\n,\n要学会寻找合适的方法来解决问题\n,\n切忌用毒品来麻醉自己\n,\n借此来逃避现实。 当别人用毒品来引诱你时\n,\n一定要意志坚定\n,\n坚决抵制。 一定要相信\n:\n挫折和困难是暂时的\n,\n战胜挫折和困难的过程是宝贵的人生财富。 面对毒品\n,\n千万不要心存侥幸\n,\n以好奇为由去尝试\n,\n一定要态度明确\n,\n自觉抵制不良诱惑\n,\n切不可吸食第一口毒品。 头脑风暴想一想\n,\n什么是毒品\n?\n它的来源有哪几种\n?\n想一想\n,\n吸毒成瘾有哪些危害\n?\n想一想\n,\n如何有效地避免复吸\n? 第九章健康知识\n 49 ★",715,0,unknown,text-extracted,,2.0,华东师大版-华东师范大学出版社_九年级_义务教育教科书·体育与健康九年级全一册,42,763,2025-07-21T14:24:55.354Z,2.0,2025-07-17T02:34:21.605Z,九年级,[object Object],unknown,0.8930921052631579,0.7999999999999999,0.715,1,全一册,/Users/LeoQin/Documents/GitHub/PDFconvertor/training_data/初中/体育与健康/华东师大版-华东师范大学出版社/九年级/义务教育教科书·体育与健康九年级全一册.pdf,华东师大版-华东师范大学出版社_九年级_义务教育教科书·体育与健康九年级全一册.json,体育,63
华东师大版-华东师范大学出版社_九年级_义务教育教科书·体育与健康九年级全一册_chunk_43,43,"第九章健康知识\n 49 ★\n\n艾滋病\n(\nAIDS\n)\n的英文全称是\nAc\n\nuiredImmuneDeficienc\n\n\n\nndrome\n,\n即获得性免疫缺陷综合征。 目前尚无有效的治愈艾滋病的方法和药物\n,\n也无有效的保护性疫苗。 人体一旦感染了艾滋病病毒\n(\nHIV\n),\n免疫系统将遭到破坏\n,\n丧失抵抗各种微生物\n、\n寄生虫感染和癌症侵袭的能力\n,\n最终导致死亡。 艾滋病的传染途径有血液传染\n、\n性传染和母婴传染三种。 虽然我国目前的艾滋病感染率不到\n1%\n,\n但由于人口基数大\n,\n感染率的微小上升\n,\n就意味着艾滋病感染者总人数的巨大上升\n,\n其对社会和公众健康造成的影响不可估量。 更令人忧虑的是\n,\n艾滋病患者有年轻化的趋势。 艾滋病患者中经注射吸毒感染的占\n68%\n,\n所以我们青年学生一定要坚决远离毒品。 另外\n,\n在患病时一定要到正规医院就诊\n,\n切不可使用非法血制品。 ★ 因无知而导致的恐惧\n,\n使得很多人对艾滋病病人避而远之。 于是\n,\n艾滋病病人在忍受病痛折磨的同时\n,\n还不得不面对来自社会各方面的歧视与不公平的待遇。 其实\n,\n艾滋病病毒感染者和病人也是疾病的受害者\n,\n同样需要得到同情和帮助。 正常的社会交往并不会导致艾滋病的传染\n,\n我们应为他们营造一个友善\n、\n理解\n、\n健康的生活和工作环境\n,\n鼓励他们保持积极的生活态度\n,\n改变危险行为\n,\n积极配合治疗。 这样\n,\n不仅有利于提高他们的生命质量\n、\n延长他们的寿命\n,\n也有利于艾滋病的预防\n,\n有利于维护社会安定。 你知道吗\n?\n世界艾滋病日世界卫生组织将每年的\n12\n月\n\n日定为世界艾滋病日\n,\n这是因为第一个艾滋病病例是在\n1981\n年\n12\n月\n\n日被诊断出来的。 世界艾滋病日的标志是红丝带。 50 体育与健康\n\n★",766,0,unknown,text-extracted,,2.0,华东师大版-华东师范大学出版社_九年级_义务教育教科书·体育与健康九年级全一册,43,819,2025-07-21T14:24:55.354Z,2.0,2025-07-17T02:34:21.605Z,九年级,[object Object],unknown,0.8376722817764165,0.7999999999999999,0.766,0.95,全一册,/Users/LeoQin/Documents/GitHub/PDFconvertor/training_data/初中/体育与健康/华东师大版-华东师范大学出版社/九年级/义务教育教科书·体育与健康九年级全一册.pdf,华东师大版-华东师范大学出版社_九年级_义务教育教科书·体育与健康九年级全一册.json,体育,63
华东师大版-华东师范大学出版社_九年级_义务教育教科书·体育与健康九年级全一册_chunk_44,44,"50 体育与健康\n\n★ 乙型脑炎\n(\n简称乙脑\n)\n是一种由流行性乙型脑炎病毒导致的中枢神经系统被破坏的急性传染病\n,\n主要通过蚊虫传播。 其季节性非常明显\n,\n发病期主要集中在七\n、\n八\n、\n九月\n,\n且患者以儿童居多。 乙脑的发病很快\n,\n主要有高热\n、\n头痛\n、\n呕吐\n、\n意识障碍\n、\n抽搐\n、\n呼吸衰竭及脑膜刺激等症状。 患乙脑者病情凶险多变\n,\n重型患者病死率高\n,\n后遗症发生率也较高。 该病症目前尚缺乏特异性抗病毒药物\n,\n一旦发病\n,\n必须送往医院治疗。 我们可以通过以下方法预防乙型脑炎\n:\n其一\n,\n采取灭蚊\n、\n防蚊措施。 纱窗\n、\n蚊帐\n、\n蚊香等都是重要的防蚊工具。 其二\n,\n10\n岁以下儿童必须注射\n“\n乙脑灭活疫苗\n”,\n有条件的成人最好也进行预防性注射。 其三\n,\n在夏\n、\n秋季乙脑流行的季节\n,\n如突然发病\n,\n且伴有高热\n、\n呕吐\n、\n嗜睡\n、\n昏迷等症状\n,\n应立即前往医院就医。 ★\n\n1993\n年\n,\n世界卫生组织发布\n“\n全球结核病紧急状态\n”\n警示\n,\n这表明结核病已成为全世界重要的公共卫生问题。 在各种结核病中\n,\n肺结核最为常见。 肺结核俗称\n“\n肺痨\n”\n或\n“\n痨病\n”,\n是一种由结核菌传播引发的呼吸道疾病。 肺结核的发病症状主要有发热\n、\n咳嗽\n、\n咳痰\n、\n咯血\n、\n胸痛\n、\n呼吸困难等\n,\n是造成死亡人数最多的单一传染病。 据世界卫生组织统计\n,\n全世界每年发生肺结核病例\n800\n万\n~1000\n万例\n,\n每年约有\n300\n万人死于肺结核。 我国是全世界肺结核疫情最严重的国家之一。 我们可以通过以下方法预防肺结核\n:\n其一\n,\n不随地吐痰\n,\n阻断细菌传播的途径。 其二\n,\n接种卡介苗。 有效的卡介苗接种可起到较好的保护作用。",752,0,unknown,text-extracted,,2.0,华东师大版-华东师范大学出版社_九年级_义务教育教科书·体育与健康九年级全一册,44,797,2025-07-21T14:24:55.354Z,2.0,2025-07-17T02:34:21.605Z,九年级,[object Object],unknown,0.8450244698205547,0.7999999999999999,0.752,1,全一册,/Users/LeoQin/Documents/GitHub/PDFconvertor/training_data/初中/体育与健康/华东师大版-华东师范大学出版社/九年级/义务教育教科书·体育与健康九年级全一册.pdf,华东师大版-华东师范大学出版社_九年级_义务教育教科书·体育与健康九年级全一册.json,体育,63
华东师大版-华东师范大学出版社_九年级_义务教育教科书·体育与健康九年级全一册_chunk_45,45,"你知道吗\n?\n疫苗疫苗是指为了预防\n、\n控制传染病的发生\n、\n流行\n,\n用于人体预防接种的疫苗类预防性生物制品。 疫苗的发现可谓是人类发展史上一件具有里程碑意义的事件。 因为从某种意义上来说\n,\n人类繁衍生息的历史就是人类不断地同疾病和自然灾害斗争的历史\n,\n控制传染性疾病最主要的手段就是预防\n,\n而接种疫苗是最为行之有效的措施。 第九章健康知识\n 51 其三\n,\n培养良好的生活习惯。 房间要经常通风换气\n,\n保持空气新鲜\n;\n注意劳逸结合\n,\n要有足够的营养和充足的睡眠\n,\n保持适当的户外活动和体育锻炼\n,\n这样可以增强体质\n,\n提高免疫力。 其四\n,\n做好环境消毒。 室内喷洒消毒液\n,\n患者用过的食具应煮沸消毒\n,\n用过的被褥可通过暴晒进行消毒。 ★\n\n肝炎是指由多种致病因素\n(\n如病毒\n、\n细菌\n、\n寄生虫\n、\n化学毒物\n、\n药物等\n)\n侵害肝脏\n,\n使得肝细胞受到破坏\n,\n肝脏的功能受损而导致的疾病。 肝炎会引发身体一系列不适症状\n,\n造成肝功能指标异常。 我们生活中常说的肝炎多指由甲型\n、\n乙型\n、\n丙型\n、\n丁型\n、\n戊型等肝炎病毒引起的病毒性肝炎\n,\n这只是肝炎\n“\n家族\n”\n中的一个分支。 其实\n,\n肝炎并不仅仅限于病毒性肝炎\n,\n有时人体营养不良\n、\n劳累\n,\n甚至感冒发烧\n,\n都有可能造成肝功能受损。 我们可以通过以下方法预防肝炎\n:\n其一\n,\n接种乙肝疫苗。 这是预防乙型肝炎最有效的措施\n,\n凡是没有感染过乙肝病毒的人\n,\n均应接种乙肝疫苗。 其二\n,\n防止血液传播。 不输入未经严格检验的血液和血制品\n,\n不去卫生消毒不合格的地方拔牙\n、\n耳垂穿孔\n、\n文身等\n,\n静脉注射时要严格消毒。 其三\n,\n防止生活接触传播。 在集体聚餐时\n,\n实行分餐制\n;\n不与他人共用牙刷\n、\n剃须刀\n、\n水杯等。 另外\n,\n平时还应注意个人卫生\n,\n养成良好的生活习惯。 52 体育与健康",808,0,unknown,text-extracted,,2.0,华东师大版-华东师范大学出版社_九年级_义务教育教科书·体育与健康九年级全一册,45,855,2025-07-21T14:24:55.354Z,2.0,2025-07-17T02:34:21.605Z,九年级,[object Object],unknown,0.886094674556213,0.7999999999999999,0.808,1,全一册,/Users/LeoQin/Documents/GitHub/PDFconvertor/training_data/初中/体育与健康/华东师大版-华东师范大学出版社/九年级/义务教育教科书·体育与健康九年级全一册.pdf,华东师大版-华东师范大学出版社_九年级_义务教育教科书·体育与健康九年级全一册.json,体育,63
华东师大版-华东师范大学出版社_九年级_义务教育教科书·体育与健康九年级全一册_chunk_46,46,"52 体育与健康俗话说\n,“\n是药三分毒\n”。 药物除了能治病外\n,\n还有副作用\n,\n所以任何药物都不能滥用。 许多镇静\n、\n催眠\n、\n镇痛类药物主要通过作用于大脑等中枢神经器官而起到治疗作用\n,\n若长期使用或使用不当\n,\n不仅会使人逐渐对药物产生抗体\n,\n还会使人对药物产生依赖\n,\n最终导致药物成瘾。 药物成瘾的后果非常严重。 如果必须服用镇静\n、\n催眠\n、\n镇痛类成瘾性药物\n,\n一定要在医生的指导下进行\n,\n不能自行服用\n,\n更不能滥用\n;\n服用时应采用最小剂量\n,\n且症状好转后应逐步减量\n;\n服用时间最好不要超过\n\n个月。 当发现自己对某一种药物产生一定的依赖时\n,\n应及时向医生求助\n,\n在医生的指导下逐步减少服用剂量或更换药物。 你知道吗\n?\n镇静\n、\n催眠类药物的发展早在\n20\n世纪\n,\n人们就开始使用镇静\n、\n催眠类药物\n,\n如溴剂\n、\n巴比妥类药物。 由于它们的催眠效果不太理想\n,\n副作用较大\n,\n且易成瘾\n,\n因此目前已有被淘汰的趋势。 1952\n年\n,\n有人对甲苯丙醇的分子结构加以改造\n,\n合成了眠尔通\n(\n安宁\n),\n此药因催眠效果好\n,\n曾一度风行。 几年以后\n,\n我们最为熟悉的\n“\n安定\n”\n问世。 由于作用可靠\n,\n副作用较小\n,\n安定的使用也越来越广泛\n,\n成为了安眠药的代名词。 名人名言谁靠药物活着\n,\n谁就活得可怜。 ———\n罗\n·\n伯顿\n(\n英国\n) 第九章健康知识\n 53",613,0,unknown,text-extracted,,2.0,华东师大版-华东师范大学出版社_九年级_义务教育教科书·体育与健康九年级全一册,46,650,2025-07-21T14:24:55.354Z,2.0,2025-07-17T02:34:21.605Z,九年级,[object Object],unknown,0.8594059405940594,0.7999999999999999,0.613,1,全一册,/Users/LeoQin/Documents/GitHub/PDFconvertor/training_data/初中/体育与健康/华东师大版-华东师范大学出版社/九年级/义务教育教科书·体育与健康九年级全一册.pdf,华东师大版-华东师范大学出版社_九年级_义务教育教科书·体育与健康九年级全一册.json,体育,63
华东师大版-华东师范大学出版社_九年级_义务教育教科书·体育与健康九年级全一册_chunk_47,47,"第九章健康知识\n 53 有这样一则寓言\n:\n在一头饥饿的毛驴左右两边各有一堆青草\n,\n毛驴为此犯了难\n,\n不能决定先吃哪一堆。 最后\n,\n毛驴在犹豫不决中饿死了。 生活中\n,\n我们也经常会遇到类似的情景\n———\n面临选择时\n,\n由于不知道哪个选择对自己最有利而犹豫不决。 运动场上也有很多这样的情况\n,\n如篮球快攻时因犹豫不决而导致对手回防\n,\n失去获胜的最佳时机等。 那么\n,\n如何培养果断的决策能力呢\n?\n首先\n,\n在时间紧急情况下\n,\n不论对错好坏\n,\n学会迅速做出决定。 其次\n,\n事后对自己所做决定进行反思和重新评估\n,\n以获取更多应对经验。 再次\n,\n对自己的决定负责。 我们应该认识到\n,\n无论做出怎样的决定\n,\n都会有成功或失败两种结果。 导致成功的选择未必是最合理的\n,\n而导致失败的选择也未必是最差的\n,\n犹豫不决才是最糟糕的行为。 即使失败我们也应勇敢面对\n,\n敢于承担失败的勇气有时要比果断的决策能力更重要。 名人名言一个理性的动物\n,\n就应该有充分的果断和勇气\n,\n凡是自己应做的事\n,\n不应因其有危险就退缩\n;\n当遇到突发的或可怖的事情时\n,\n也不应因恐怖而心里慌张\n,\n身体发抖\n,\n以致不能行动\n,\n或者跑开去躲避。 ———\n洛克\n(\n英国\n)\n世界上没有一个伟大的业绩是由事事都求稳操胜券的犹豫不决者创造的。 ———\n亨利希\n·\n曼\n(\n德国\n) 54 体育与健康",599,0,unknown,text-extracted,,2.0,华东师大版-华东师范大学出版社_九年级_义务教育教科书·体育与健康九年级全一册,47,636,2025-07-21T14:24:55.354Z,2.0,2025-07-17T02:34:21.605Z,九年级,[object Object],unknown,0.8845401174168297,0.7999999999999999,0.599,1,全一册,/Users/LeoQin/Documents/GitHub/PDFconvertor/training_data/初中/体育与健康/华东师大版-华东师范大学出版社/九年级/义务教育教科书·体育与健康九年级全一册.pdf,华东师大版-华东师范大学出版社_九年级_义务教育教科书·体育与健康九年级全一册.json,体育,63
华东师大版-华东师范大学出版社_九年级_义务教育教科书·体育与健康九年级全一册_chunk_48,48,"54 体育与健康在课余时间\n,\n你可以和老师\n、\n家人或同学多沟通交流\n,\n学会运用所学的健康知识解决生活中遇到的各种问题。 同时\n,\n还可以通过以下方式来掌握并应用更多的健康知识。 自主学习健康知识大查询在课余时间\n,\n你可以利用网络\n、\n图书馆\n、\n报纸杂志等资源\n,\n查阅相关的资料\n,\n进一步了解本章提及的拒绝毒品\n,\n预防艾滋病\n,\n预防乙型脑炎\n、\n肺结核\n、\n肝炎\n,\n不滥用成瘾性药物等内容的相关知识。 合作学习红丝带\n———\n关爱的标志与班级同学一起举行\n“\n红丝带\n———\n关爱的标志\n”\n主题班会。 在课前\n,\n制作关爱艾滋病患者的宣传画\n;\n在课堂上\n,\n对\n“\n相较于病痛带来的折磨\n,\n歧视和冷漠带给艾滋病患者的伤害更加严重\n”\n等话题展开讨论\n,\n以获取更多有关艾滋病的知识。 探究学习成瘾性药物危害之探究检查一下家里的药柜\n,\n看看里面有哪些成瘾性药物\n,\n想一想\n,\n如何正确使用这些药物\n?\n滥用这些药物的副作用有哪些\n? 第十章科学锻炼基本知识\n 55 第十章科学锻炼基本知识了解科学锻炼的意义。 掌握科学锻炼的方法。 熟悉科学锻炼的原则。 经常进行体育锻炼既有利于塑造良好的体形\n,\n也有利于培养健康的心理\n,\n但这些良好效果的获得是建立在科学锻炼的基础上的。 如果锻炼的方法不恰当\n,\n则可能会产生相反的效果。 本章着重介绍一些科学锻炼的方法与原则\n,\n帮助你学会根据自己的实际情况制定适宜的锻炼计划。 西汉思想家陆贾曾说过\n“\n制事者因其则\n,\n服药者因其良\n”,\n意为对待任何事情都要遵循其内在的客观规律\n,\n采取合适的方法来处理。 对于体育锻炼而言\n,\n亦是如此。 只有科学地进行锻炼才能增进身体健康\n,\n才能提高心理素质\n,\n否则可能会对身体和心理造成伤害。 比如\n,\n在锻炼时\n,\n如果运动强度过大\n,\n可能会造成肌肉拉伤等损伤\n;\n如果运动目标设置得太高\n,\n可能会因多次达不到目标而造成自信心减弱。 你知道吗\n?\n靶心率靶心率是指通过有氧运动提高心血管循环系统的机能时有效而安全的运动心率。 当人们在靶心率范围内进行运动时\n,\n既能收获最佳的锻炼效果\n,\n又能保证锻炼的安全性。",917,0,unknown,text-extracted,,2.0,华东师大版-华东师范大学出版社_九年级_义务教育教科书·体育与健康九年级全一册,48,994,2025-07-21T14:24:55.354Z,2.0,2025-07-17T02:34:21.605Z,九年级,[object Object],unknown,0.9061326658322904,0.7999999999999999,0.917,1,全一册,/Users/LeoQin/Documents/GitHub/PDFconvertor/training_data/初中/体育与健康/华东师大版-华东师范大学出版社/九年级/义务教育教科书·体育与健康九年级全一册.pdf,华东师大版-华东师范大学出版社_九年级_义务教育教科书·体育与健康九年级全一册.json,体育,63
华东师大版-华东师范大学出版社_九年级_义务教育教科书·体育与健康九年级全一册_chunk_49,49,"56 体育与健康\n\n★ 科学锻炼的第一步是针对自己的身体状况选择合适的运动形式。 患有心律不齐\n、\n哮喘\n、\n癫痫等疾病的同学\n,\n一定要在征得医生的同意后\n,\n才可以进行体育运动。 此外\n,\n还应针对锻炼的需求选择合适的运动项目。 譬如\n,\n要提高心肺功能\n,\n最好选择健步走\n、\n慢跑\n、\n骑自行车\n、\n登山\n、\n游泳等运动项目\n;\n要发展灵敏\n、\n速度等素质\n,\n最好选择加速跑\n、\n健身操\n、\n武术和球类等运动项目。 ★\n\n选择好运动形式后\n,\n便要开始着手确定运动强度。 运动强度是指单位时间内的运动量\n,\n一般可用基础心率法来予以测量\n,\n即通过测定运动次日晨醒起床时的心率来观察运动强度是否合适。 如果基础心率每分钟比平时多\n5~10\n次以上\n,\n表明身体已处于疲劳状态。 如果这一状况持续数日\n,\n则应适当降低自己的运动强度。 ★\n\n运动时间和运动强度是决定运动总量的两个关键因素。 在运动总量确定的前提下\n,\n运动时间与运动强度成反比。 研究表明\n,\n如果想发展自己的心肺耐力\n,\n应在运动强度达到靶心率后\n,\n继续保持\n15~60\n分钟。 当然\n,\n如果要发展自己的速度与力量素质\n,\n则宜采取短时间\n、\n高强度的运动形式。 ★\n\n运动频率是指每周运动的次数。 运动频率的确定取决于个人的身体状况\n、\n欲达到的锻炼目标和每次运动的时间与强度。 一般而言\n,\n如果想发展自己的心肺耐力\n,\n每周应坚持\n3~4\n次\n30~60\n分钟的中等强度锻炼\n;\n如果想发展自己的力量素质\n,\n每周可进行\n2~3\n次力量练习\n,\n但要注意每次练习的时间间隔应在\n24\n小时以上。 第十章科学锻炼基本知识\n 57",707,0,unknown,text-extracted,,2.0,华东师大版-华东师范大学出版社_九年级_义务教育教科书·体育与健康九年级全一册,49,748,2025-07-21T14:24:55.354Z,2.0,2025-07-17T02:34:21.605Z,九年级,[object Object],unknown,0.8683333333333333,0.7999999999999999,0.707,1,全一册,/Users/LeoQin/Documents/GitHub/PDFconvertor/training_data/初中/体育与健康/华东师大版-华东师范大学出版社/九年级/义务教育教科书·体育与健康九年级全一册.pdf,华东师大版-华东师范大学出版社_九年级_义务教育教科书·体育与健康九年级全一册.json,体育,63
华东师大版-华东师范大学出版社_九年级_义务教育教科书·体育与健康九年级全一册_chunk_50,50,"运动频率是指每周运动的次数。 运动频率的确定取决于个人的身体状况\n、\n欲达到的锻炼目标和每次运动的时间与强度。 一般而言\n,\n如果想发展自己的心肺耐力\n,\n每周应坚持\n3~4\n次\n30~60\n分钟的中等强度锻炼\n;\n如果想发展自己的力量素质\n,\n每周可进行\n2~3\n次力量练习\n,\n但要注意每次练习的时间间隔应在\n24\n小时以上。 第十章科学锻炼基本知识\n 57 在课余时间\n,\n你可以运用老师课堂上教的科学锻炼方法来收获更好的锻炼效果并避免损伤。 同时\n,\n也可以通过以下方式来巩固科学锻炼的基本知识。 自主学习运动强度的测量方法恰当控制运动强度是制定科学锻炼计划的关键。 除了课本上提到的基础心率法外\n,\n还有很多种方法可以帮助我们有效地测量锻炼中的运动负荷。 试着通过查阅相关书籍和资料\n,\n找出两种以上测量运动强度的方法\n,\n并与你的父母和同学分享。 探究学习制定科学锻炼计划表参照下表的体例\n,\n查阅相关资料\n,\n结合自身的健康状况\n,\n以周为单元制定一个为期一年的锻炼计划\n,\n并征求父母或老师的意见和建议。 根据他们的意见和建议对自己的锻炼计划进行修改\n,\n然后努力将其付诸实践。 不要忘记及时做好记录哦\n!\n星期是否进行锻炼锻炼采取的形式锻炼选取的地点锻炼持续的时间锻炼后的主观感受锻炼后的饮食情况锻炼后的睡眠情况一\n二三\n四五\n六日",575,0,unknown,text-extracted,,2.0,华东师大版-华东师范大学出版社_九年级_义务教育教科书·体育与健康九年级全一册,50,633,2025-07-21T14:24:55.354Z,2.0,2025-07-17T02:34:21.605Z,九年级,[object Object],unknown,0.9187620889748549,0.7999999999999999,0.575,1,全一册,/Users/LeoQin/Documents/GitHub/PDFconvertor/training_data/初中/体育与健康/华东师大版-华东师范大学出版社/九年级/义务教育教科书·体育与健康九年级全一册.pdf,华东师大版-华东师范大学出版社_九年级_义务教育教科书·体育与健康九年级全一册.json,体育,63
华东师大版-华东师范大学出版社_九年级_义务教育教科书·体育与健康九年级全一册_chunk_51,51,"58 体育与健康后 记课本是根据教育部颁布的\n《\n义务教育体育与健康课程标准\n(\n2011\n年版\n)》(\n以下简称\n《\n课程标准\n》)\n编写的。 编写课本的目的是为了帮助你更好地学习体育与健康课程\n,\n掌握体育与健康的知识\n、\n技能和方法\n,\n激发你对体育学习和锻炼的兴趣\n,\n促进你在身体\n、\n心理和社会适应能力等方面健康\n、\n全面地发展\n,\n使你形成坚持体育锻炼的习惯和健康的生活方式\n,\n为终身体育和适应未来的学习\n、\n工作和生活打下良好的基础。 课本把激发运动兴趣\n、\n提高实践能力和创新能力\n、\n培养体育习惯和健康意识放在非常重要的位置。 课本尽可能采用生动活泼的方式来表现学习内容\n,\n侧重于介绍运动技术的动作要领以及一些简便易行和有效的自学自练方法\n,\n供你参考。 体育与健康课本主要不是用于体育与健康实践课教学\n,\n而是帮助你加深对实践课上学习内容的理解\n,\n弥补实践课上没有机会学到但对你的健康发展非常有用的知识和技能。 因此\n,\n你在学习课本时\n,\n一要尽量将体育与健康实践课上学习的内容与课本上的内容结合起来\n;\n二要认真阅读体育与健康实践课上难以学到的\n,\n但在课本上出现的重要学习内容\n,\n从而形成体育与健康实践课的学习与课本知识学习的互补\n,\n提高你的体育与健康素养。 课本的主要编写人员有季浏\n、\n汪晓赞\n、\n潘绍伟\n、\n谭华\n、\n孟文砚\n、\n庄弼\n、\n胡增荦\n、\n杨浩\n、\n张军\n、\n朱晓山\n、\n张道波\n、\n刘桦楠\n、\n张震伟\n、\n何耀慧\n、\n左江洲\n、\n姜庆军\n、\n石冰冰\n、\n秦海权\n、\n张洪涛\n、\n杨阳\n、\n王晖\n、\n吴红权\n、\n马德浩。 赵梦婷\n、\n秦天翼负责绘图工作。 金燕\n、\n赵杰\n、\n张亿\n、\n蔡猛\n、\n郭强\n、\n于莹莹\n、\n季泰对本书进行初步统稿\n,\n季浏\n、\n汪晓赞进行最终统稿。 由于编者的水平和能力有限\n,\n课本中也会存在这样或那样的不足和缺点\n,\n殷切期望你能提出宝贵的意见\n,\n以便再版时修改完善。 本书中直接或间接引用到的文献资料\n,\n有些可能由于疏忽而没有注出有关作者和专家\n,\n在此向他们表示真诚的谢意。 编者",888,0,unknown,text-extracted,,2.0,华东师大版-华东师范大学出版社_九年级_义务教育教科书·体育与健康九年级全一册,51,930,2025-07-21T14:24:55.354Z,2.0,2025-07-17T02:34:21.605Z,九年级,[object Object],unknown,0.8906666666666667,0.7999999999999999,0.888,1,全一册,/Users/LeoQin/Documents/GitHub/PDFconvertor/training_data/初中/体育与健康/华东师大版-华东师范大学出版社/九年级/义务教育教科书·体育与健康九年级全一册.pdf,华东师大版-华东师范大学出版社_九年级_义务教育教科书·体育与健康九年级全一册.json,体育,63
