Chunk_ID,Chunk_Index,Content,Content_Length,Quality_Score,Reliability,Source_Type,Original_Content,Enhancement_Version,averageConfidence,book_name,chunkIndex,enhancementTimestamp,enhancementVersion,fileName,filePath,grade,ocrMethod,publisher,qualityMetrics_chineseCharRatio,qualityMetrics_coherenceScore,qualityMetrics_lengthScore,qualityMetrics_ocrConfidence,semanticFeatures_hasDefinition,semanticFeatures_hasExperiment,semanticFeatures_hasFormulas,semanticFeatures_hasNumbers,semanticFeatures_hasQuestion,semanticFeatures_isTableContent,semanticFeatures_subjectArea,semester,source_file,subject,totalPages,uniqueId
沪科技粤教版_八年级_义务教育教科书·物理八年级下册_chunk_0,0,"460 一前 370)。 德并 克里 特经 过长 期观察， 不断 地思考 ; 屋檐滴水时 间长 了， 为什么能 水滴 石穿 ? 年代 久远 的铜 像的 手被 人摸 多了， 为什么会 变小 ? 铁铲 用久 了， 为什么会 变薄 ? 走近 花园， 为什么很 远就 能闻 到花香 ? . o 一 0 可人 下 mx 人 ; e . we L 证 Chasrars 人人 图 10 1， 德次 克里 特 (a) 铁铲 用久 会变 薄 (b) 花园中 四处 球香 图 10 2 对一 些现象的 思考全 放二 生生放风二 册放 让因 ap R 像的 手 、 花粉 它们 是很 微小地 一点 ;。。， 靖息 是经 验素材和 科学理论一 点散失的。 因此， 他猜想， 大块 物体 ;之间 的一 座桥梁， 是一 种重要的 是由 极小 的物质粒子组 成的。 ;科学研究方法。 由于 物质微粒非 德诺 克里 特把 这种 物质微粒叫做 ; 常微 小， 人们 无法 用肉眼进行观 原子， 这个 词的 意思是 不可 再分。 ; 寄， 因而， 研究 物质结构时 , 经制 的颗粒。 ; 常需要铺 想。 104 力的 三要 素 _ 号如 图 6 一 7 所示 的门， 先请 两位 同学分 别按 以下 要求 推门， 然后 向全 班汇报， 在什么情况下 更容易推动门， 最后 大家 一起 讨论力 的作用效果与 力的 哪些 要素 有关。 ca (1) 用不 同大 小的 力在 图中 点 4 处按 箭头所 指的 方向施 力。 (2) 再用 同样大 小的 力依次在 点 4、B、 C 三处 按箭头所 指的 方向施 力。 、 图 6 7 怎样用 力好",703,0.3716798730929456,low,ocr,"460 一 前 370) 。\n德 并 克 里 特 经 过 长 期 观察 ， 不 断 地 思考 ;\n屋檐 滴水 时 间 长 了 ， 为 什么 能 “水 滴 石 穿 ”?\n年 代 久 远 的 铜 像 的 手 被 人 摸 多 了 ， 为 什么 会 变 小 ?\n铁 铲 用 久 了 ， 为 什么 会 变 薄 ?\n走 近 花 园 ， 为 什么 很 远 就 能 闻 到 花香 ?\n. | o 一 0 -可\n- 人\n下 » mx 人 |; e / . ~ ]\n* we L\nAAA 证 Chasrars\nER 人 人\n图 10-1 ， 德 次 克 里 特 (a) 铁 铲 用 久 会 变 薄 (b) 花园 中 四 处 球 香\n图 10-2 ”对 一 些 现象 的 思考\n全 放 二 生生 放风 二 册 放 让 因 ap R——\n像 的 手 、 花 粉 …… 它 们 是 很 微小 地 一 点 ; 。 。， 靖 息 是 经 验 素材 和 科学 理论\n一 点 散失 的 。 因 此 ， 他 猜想 ， 大 块 物体 ;之 间 的 一 座 桥梁 ， 是 一 种 重要 的\n是 由 极 小 的 物质 粒子 组 成 的 。 ;科学 研究 方法 。 由 于 物质 微粒 非\n德 诺 克 里 特 把 这 种 物质 微粒 叫做 ; 常 微 小 ， 人 们 无 法 用 肉眼 进行 观\n“原子 ”， 这 个 词 的 意思 是 “不 可 再 分 。”; 寄 ， 因 而 ， 研 究 物质 结构 时 , 经\n制 的 颗粒 ”。 ; 常 需要 铺 想 。\n104\n=== 第 13 页 ===\n力 的 三 要 素\n- OHF _\n号 |\n如 图 6 一 7 所 示 的 门 ， 先 请 两 位 同学 分 别 按 以 下\n要 求 推 门 ， 然 后 向 全 班 汇报 ， 在 什么 情况 下 更 容易\n推动 门 ， 最 后 大 家 一 起 讨论 力 的 作用 效果 与 力 的 哪\n些 要 素 有 关 。 ca\n(1) 用 不 同 大 小 的 力 在 图 中 点 4 处 按 箭头 所 指\n的 方向 施 力 。\n(2) 再 用 同样 大 小 的 力 依次 在 点 4、B、 C 三 处\n按 箭头 所 指 的 方向 施 力 。 、\n图 6-7 ”怎样 用 力 好",2.0,75.8955223880597,沪科技粤教版_八年级_义务教育教科书·物理八年级下册,8,2025-07-21T14:25:05.846Z,2.0,义务教育教科书·物理八年级下册,/Users/LeoQin/Documents/GitHub/PDFconvertor/training_data/初中/物理/沪科技粤教版-上海科学技术出版社、广东教育出版社/八年级/义务教育教科书·物理八年级下册.pdf,八年级,tesseract.js-parallel,unknown,0.7842741935483871,0.6,1,75.8955223880597,true,true,,true,true,,chemistry,下册,沪科技粤教版_八年级_义务教育教科书·物理八年级下册.json,物理,134,初中_物理_沪科技粤教版_八年级_义务教育教科书·物理八年级下册
沪科技粤教版_八年级_义务教育教科书·物理八年级下册_chunk_1,1,"电子显微镜进行观察。 研究指出， 大多 数分 子直径的 尺度， 其数量级 为 10 m (0.1 nm )。 分子 的质量也 很小。 例如， 一个 水分 子的 质量约 为 3 x 10 kg。 图 10 5 用扫 措隧 道显微镜 (STM ) 在一 个遗传分 子上 描绘的 形状 106 四 2 现在， 让我 们通过一 些数据去 想象分 子的 大小。 (1) 一修 滴油 酸的 体积约 为二 cm?， 把它 滴在 水面 上散 开后， 可形成厚 度为 10 m 的萍 油层 (图 10 6)。 由此 可推断， 油酸 分子 的直径约 为 __m。 (2) 分子 的体积很 小， 通常 1 cm 的空气中， 约有 2.7 x 108 个空气分 子。 在一 个容积为 1 cm 的小 金子上 开一 个小 孔 (图 10 7)， 如果 每秒 让 1 亿个 空气分 子逸 出， 要经 过 9 000 年， 容器 中的 分子 才能全 部逸 出。 假如 有这 么多 数目的 砖块， 它们 不仅 能将 地球 铺满， 而且 其厚度可 达 120 km。 图 10_6 油膜法 实验图 10 7 分子从 小孔 逸出 人类 通过数 千年 的探索， 终于 认识到 自然界 中的 一般 物质 是由 分子 组成 的， 分子 是一 种极 小的 微粒。 S 2 本 1. 丘乓 球的 直径约 为 4cm， 它是 分子 直径的 g 少 LE 盐倍 ?8 地球 的直径约 为 1.28x 10' km， 它是 乒乓球 直径的 有多 少倍 ? 比较这 两组 数据， 你发 现了 什么 ? ap 2. 某位 中学 生深 吸一 口气， 约能 吸进 1.0 x 107 cm 本空气， 相当 于一 口乔 进多 少个 空气分 子 ? Up 9, 3. 观察图 10 一 8， 设想 把一 世铀 分成 两小 决， 再把 of 点人",790,0.3817452701828811,low,ocr,"电子 显微镜 进行 观察 。\n研究 指出 ， 大 多 数 分 子 直径 的 尺度 ， 其 数量 级 为 10-”m (0.1 nm ) 。 分 子\n的 质量 也 很 小 。 例 如 ， 一 个 水 分 子 的 质量 约 为 3 x 10 kg。\n图 10-5 用 扫 措 隧 道 显微镜 (STM ) 在 一 个 遗传 分 子 上 描绘 的 形状\n106\n=== 第 16 页 ===\n四\n2 %&\n现在 ， 让 我 们 通过 一 些 数据 去 想象 分 子 的 大 小 。\n(1) 一 修 滴 油 酸 的 体积 约 为 二 cm?， 把 它 滴 在 水 面 上 散 开 后 ， 可 形成 厚\n度 为 10-%m 的 萍 油层 (图 10-6)。 由 此 可 推断 ， 油 酸 分 子 的 直径 约 为 __m。\n(2) 分 子 的 体积 很 小 ， 通 常 1 cm 的 空气 中 ， 约 有 2.7 x 108 个 空气 分 子 。\n在 一 个 容积 为 1 cm 的 小 金子 上 开 一 个 小 孔 (图 10-7) ， 如 果 每 秒 让 1 亿 个 空气\n分 子 逸 出， 要 经 过 9 000 年 ， 容 器 中 的 分 子 才能 全 部 逸 出 。 假 如 有 这 么 多 数目\n的 砖 块 ， 它 们 不 仅 能 将 地 球 铺 满 ， 而 且 其 厚度 可 达 120 km。\n图 10_6 油膜 法 实验 图 10-7 ”分子 从 小 孔 逸 出\n人 类 通过 数 千 年 的 探索 ， 终 于 认识 到 自然 界 中 的 一 般 物 质 是 由 分 子 组 成\n的 ， 分 子 是 一 种 极 小 的 微粒 。\nS 2\n本\n1. 丘 乓 球 的 直径 约 为 4cm， 它 是 分 子 直径 的 g 少 “LE 盐 =\n倍 ?8 地 球 的 直径 约 为 1.28x 10' km， 它 是 乒乓 球 直径 的 有\n多 少 倍 ? 比较 这 两 组 数据 ， 你 发 现 了 什么 ? ap\n2. 某 位 中 学 生 深 吸 一 口气 ， 约 能 吸 进 1.0 x 107 cm 本\n空气 ， 相 当 于 一 口 乔 进 多 少 个 空气 分 子 ? Up «9,\n3. 观察 图 10 一 8， 设 想 把 一 世 铀 分 成 两 小 决 ， 再 把 of 点 & 人",2.0,75.8955223880597,沪科技粤教版_八年级_义务教育教科书·物理八年级下册,11,2025-07-21T14:25:05.846Z,2.0,义务教育教科书·物理八年级下册,/Users/LeoQin/Documents/GitHub/PDFconvertor/training_data/初中/物理/沪科技粤教版-上海科学技术出版社、广东教育出版社/八年级/义务教育教科书·物理八年级下册.pdf,八年级,tesseract.js-parallel,unknown,0.6992753623188406,0.5,1,75.8955223880597,,true,,true,true,,physics,下册,沪科技粤教版_八年级_义务教育教科书·物理八年级下册.json,物理,134,初中_物理_沪科技粤教版_八年级_义务教育教科书·物理八年级下册
沪科技粤教版_八年级_义务教育教科书·物理八年级下册_chunk_2,2,"' km， 它是 乒乓球 直径的 有多 少倍 ? 比较这 两组 数据， 你发 现了 什么 ? ap 2. 某位 中学 生深 吸一 口气， 约能 吸进 1.0 x 107 cm 本空气， 相当 于一 口乔 进多 少个 空气分 子 ? Up 9, 3. 观察图 10 一 8， 设想 把一 世铀 分成 两小 决， 再把 of 点人 每小 块一 分为 二， 一直 这样 分下 去， 分到 什么时 候仍 能证 F 时保持铜 的性 质呢 ? 图 10.8 107 B 10.2 分子 动理论的 初步知识我 们已 经知道， 物体 是由 分子 组成 的。 那么 ,在物体内 的分 子是 怎样排列的 呢 ? 它们是 否会 发生 运动 ? 如果 物体内的 分子 会运动的 话， 其运动情况又 跟什 么因素有 关呢 ? 分子 与分 子间 有作用力 吗 ? : 像这 一样 一连 串贷 有趣味的 问题， 正等 待着 我们 去研究。 认识分 子动 理论 om re 人 2 活动 1 体会分 子的 运动 (1) 将香水瓶 的盖子打开， 很快 就能 在较 远处 闻到 香味。 (2) 在一 杯清 水中 滴入 一滴 红墨水， 不一 会儿， 整杯 水就 变成 了红色。 六四 图 10 9 闻香 图 10 10 变色讨论一 下， 上面 的两 个实验现象能 说明。 科学家 还做 过一 个实验， 将磨 得很 光滑的 铅片 和人 金片 紧压 在一 起， 在室 温下 放置 5 年， 后来 发现金片 里渗 有铅， 铅片 里也 渗有 金， 相互 渗透了 约 1 mm 深。 这个 实验说 明固 体的 分子。 你还 能举 出哪些事实说 明分 子是 在运动的 ? 108",714,0.42711532319498907,medium-low,ocr,"' km， 它 是 乒乓 球 直径 的 有\n多 少 倍 ? 比较 这 两 组 数据 ， 你 发 现 了 什么 ? ap\n2. 某 位 中 学 生 深 吸 一 口气 ， 约 能 吸 进 1.0 x 107 cm 本\n空气 ， 相 当 于 一 口 乔 进 多 少 个 空气 分 子 ? Up «9,\n3. 观察 图 10 一 8， 设 想 把 一 世 铀 分 成 两 小 决 ， 再 把 of 点 & 人\n每 小 块 一 分 为 二 ， 一 直 这 样 分 下 去 ， 分 到 什么 时 候 仍 能 证 F 时 ¥\n保持 铜 的 性 质 呢 ? 图 10.8\n107\n=== 第 17 页 ===\nB 10.2 分 子 动 理论 的 初步 知识\n我 们 已 经 知道 ， 物 体 是 由 分 子 组 成 的 。 那 么 ,在 物体 内 的 分 子 是 怎样 排列\n的 呢 ? 它们 是 否 会 发 生 运动 ?\n如 果 物 体内 的 分 子 会 运动 的 话 ， 其 运动 情况 又 跟 什 么 因素 有 关 呢 ? 分 子 与 分\n子 间 有 作用 力 吗 ? ……: 像 这 一 样 一 连 串 贷 有 趣味 的 问题 ， 正 等 待 着 我 们 去 研究 。\n认识 分 子 动 理论\nom re\n人\n2\n活动 1 体会 分 子 的 运动 SEE\n(1) 将 香水 瓶 的 盖子 打开 ， 很 快 就 能 在 较 远 处 闻 到 香味 。\n(2) 在 一 杯 清 水 中 滴 入 一 滴 红 墨水 ， 不 一 会 儿 ， 整 杯 水 就 变 成 了 红色 。\n< 六\n四\n图 10-9 闻 香 图 10-10 变色\n讨论 一 下 ， 上 面 的 两 个 实验 现象 能 说 明 。\n科学 家 还 做 过 一 个 实验 ， 将 磨 得 很 光滑 的 铅 片 和 人 金 片 紧 压 在 一 起 ， 在 室\n温 下 放置 5 年 ， 后 来 发 现金 片 里 渗 有 铅 ， 铅 片 里 也 渗 有 金 ， 相 互 渗透 了 约 1 mm\n深 。 这 个 实验 说 明 固 体 的 分 子 。\n你 还 能 举 出 哪些 事实 说 明 分 子 是 在 运动 的 ?\n108\n=== 第 18 页 ===",2.0,75.8955223880597,沪科技粤教版_八年级_义务教育教科书·物理八年级下册,12,2025-07-21T14:25:05.846Z,2.0,义务教育教科书·物理八年级下册,/Users/LeoQin/Documents/GitHub/PDFconvertor/training_data/初中/物理/沪科技粤教版-上海科学技术出版社、广东教育出版社/八年级/义务教育教科书·物理八年级下册.pdf,八年级,tesseract.js-parallel,unknown,0.7911646586345381,0.6,1,75.8955223880597,,true,,true,true,,physics,下册,沪科技粤教版_八年级_义务教育教科书·物理八年级下册.json,物理,134,初中_物理_沪科技粤教版_八年级_义务教育教科书·物理八年级下册
沪科技粤教版_八年级_义务教育教科书·物理八年级下册_chunk_3,3,"做过 一个 实验， 将磨 得很 光滑的 铅片 和人 金片 紧压 在一 起， 在室 温下 放置 5 年， 后来 发现金片 里渗 有铅， 铅片 里也 渗有 金， 相互 渗透了 约 1 mm 深。 这个 实验说 明固 体的 分子。 你还 能举 出哪些事实说 明分 子是 在运动的 ? 108 不同 的物质互相接触时， 会发 生彼此进入对 方的 现象。 物理学上 把它 叫做扩散 (diffusion )。 无论 气体 、 液体 或固体， 都会 发生 扩散， 它是 说明 分子 无规则运动的 一个 有力 的证 据。 吸烟危害健康。 5 月 31 日是 世界 无烟 日 ""。 现在， 公共 场所都 贴了 如图 10 一 11 所示 的标志， 提醒 人们 不要 在此 处吸烟。 在空气不 很通畅 、 人群 拥挤的 候车室 、 商场 、 影剧院等 场所， 即使 只有 很少 人吸烟， 整个 场所图 10_11 禁止吸烟标 志也 会充满烟 味。 这正 是分 子在 不停 地运动的 表现。 合生 Xh 活动 2 感受温度对 分子 运动的 影响 ss 如图 10 一 12 所示， 在分 别盛 有冷水和 温水的 杯中， 各滴 入一 滴墨 水， 仔细 观察 所发 生的 现象， 并把 观察结果其 在下 面。 7 有 1 下 1 1 3 Ee 图 10 12 人 (a) 墨水在 冷水中 (b) 墨水在 温水中 大量 实验表明 : 物质中 分子 的运动情况跟 温度有 关， 温度 越高， 分子 的无 规则运动越剧烈。 物理学中， 将大 量分 子的 无规则运动， 叫做 分子 的热 运动。 109 而壹 : 芝意 活动 3 分子 间有 空际 了吗 ES",713,0.3292083171299465,low,ocr,"做 过 一 个 实验 ， 将 磨 得 很 光滑 的 铅 片 和 人 金 片 紧 压 在 一 起 ， 在 室\n温 下 放置 5 年 ， 后 来 发 现金 片 里 渗 有 铅 ， 铅 片 里 也 渗 有 金 ， 相 互 渗透 了 约 1 mm\n深 。 这 个 实验 说 明 固 体 的 分 子 。\n你 还 能 举 出 哪些 事实 说 明 分 子 是 在 运动 的 ?\n108\n=== 第 18 页 ===\n不 同 的 物质 互相 接触 时 ， 会 发 生 彼此 进入 对 方 的 现象 。 物 理学 上 把 它 叫做\n扩散 (diffusion ) 。 无 论 气体 、 液 体 或 固体 ， 都 会 发 生 扩 散 ， 它 是 说 明 分 子 无\n规则 运动 的 一 个 有 力 的 证 据 。\nES\n& 吸烟 危害 健康 。 5 月 31 日 是 “ 世\nSTS 界 无 烟 日 "" 。 现 在 ， 公 共 场所 都 贴 了\n如 图 10 一 11 所 示 的 标志 ， 提 醒 人 们 不\n要 在 此 处 吸烟 。 在 空气 不 很 通畅 、 人\n群 拥挤 的 候车 室 、 商 场 、 影 剧院 等 场\n所 ， 即 使 只 有 很 少 人 吸烟 ， 整 个 场所 ”图 10_11 禁止 吸烟 标 志\n也 会 充满 烟 味 。 这 正 是 分 子 在 不 停 地\n运动 的 表现 。\n合生\n< Xh\n活动 2 感受 温度 对 分 子 运动 的 影响 ss\n如 图 10 一 12 所 示 ， 在 分 别 盛 有\n冷水 和 温水 的 杯 中 ， 各 滴 入 一 滴 墨\n水 ， 仔 细 观 察 所 发 生 的 现象 ， 并 把\n观察 结果 其 在 下 面 。\n7 有\n| 1 下\n| 1 1 |\n3 Ee  BRET\n图 10-12 人 (a) 墨水 在 冷水 中 (b) 墨水 在 温水 中\n大 量 实验 表明 : 物质 中 分 子 的 运动 情况 跟 温度 有 关 ， 温 度 越 高 ， 分 子 的 无\n规则 运动 越剧 烈 。 物 理学 中 ， 将 大 量 分 子 的 无 规则 运动 ， 叫 做 分 子 的 热 运动 。\n109\n=== 第 19 页 ===\n而 壹 :\n芝 意\n活动 3 分 子 间 有 空 际 了 吗 ES",2.0,75.8955223880597,沪科技粤教版_八年级_义务教育教科书·物理八年级下册,13,2025-07-21T14:25:05.846Z,2.0,义务教育教科书·物理八年级下册,/Users/LeoQin/Documents/GitHub/PDFconvertor/training_data/初中/物理/沪科技粤教版-上海科学技术出版社、广东教育出版社/八年级/义务教育教科书·物理八年级下册.pdf,八年级,tesseract.js-parallel,unknown,0.797244094488189,0.5,1,75.8955223880597,true,true,,true,true,,physics,下册,沪科技粤教版_八年级_义务教育教科书·物理八年级下册.json,物理,134,初中_物理_沪科技粤教版_八年级_义务教育教科书·物理八年级下册
沪科技粤教版_八年级_义务教育教科书·物理八年级下册_chunk_4,4,"(a) 墨水在 冷水中 (b) 墨水在 温水中 大量 实验表明 : 物质中 分子 的运动情况跟 温度有 关， 温度 越高， 分子 的无 规则运动越剧烈。 物理学中， 将大 量分 子的 无规则运动， 叫做 分子 的热 运动。 109 而壹 : 芝意 活动 3 分子 间有 空际 了吗 如图 10 一 13 所示， 在一 根长 玻璃管 中注 入一 半水， 再缓 缓地 注满 酒精， 用塞 子塞 住开 口端， 上下 颠倒几 次再 竖起 来。 可以 看到， 玻璃 管内的 液面 比原来的 低， 也就 是说， 水和 酒精混合后 总体积变 小了。 你对 这个 实验的 看法 是 :。 酒精一 l Il 5 业和， 图 10 13 水与 酒精混合的 实验这 个实验直观地 说明了分 子间 存在 着空隙。 而二 2 学在 活动 4 探究分 子间 的相互作用力 前面 的活动告诉我 们， 物体内的 分子 在不 停地 运动着， 分子 间存 在着 空除。 那么 ,为什么固体和 液体内 的分 子不 向四 处散 开， 还能 保持着 一定 的体 积呢 8 我们 用下 面几 个实验来 探究这 个问题。 A. 会收缩的 液腊 实验操作如 图 10 一 14 所示。 110 p pr ' , a : zz 加 (wy W (a) 在一 个铁丝圈 (b) 把铁丝圈 浸入 肥 ( ) 用手指轻 轻地 碰 (Cd) 被磁 一侧 的肥 电中 间松 松地 系皂 水中， 使它 上一 下棉线的 任何液 膜破 了， 棉线 一根 棉线面 附着一 层肥皂一 侧被 拉到 了另 一侧 液膜 图 10 14 会收缩的 肥皂膜 思考一 下， 这里 是谁 把湿 棉线 拉过 去的 ?",715,0.3855459358942989,low,ocr,"(a) 墨水 在 冷水 中 (b) 墨水 在 温水 中\n大 量 实验 表明 : 物质 中 分 子 的 运动 情况 跟 温度 有 关 ， 温 度 越 高 ， 分 子 的 无\n规则 运动 越剧 烈 。 物 理学 中 ， 将 大 量 分 子 的 无 规则 运动 ， 叫 做 分 子 的 热 运动 。\n109\n=== 第 19 页 ===\n而 壹 :\n芝 意\n活动 3 分 子 间 有 空 际 了 吗 ES\n如 图 10 一 13 所 示 ， 在 一 根 长 玻璃 管 中 注 入 一 半 水 ， 再 缓 缓 地 注 满 酒 精 ，\n用 塞 子 塞 住 开 口 端 ， 上 下 颠倒 几 次 再 竖 起 来 。 可 以 看 到 ， 玻 璃 管内 的 液 面 比\n原来 的 低 ， 也 就 是 说 ， 水 和 酒精 混合 后 总 体积 变 小 了 。 你 对 这 个 实验 的 看 法\n是 : 。\n酒精\n一\n>l» Il » 5 >\n* 业 和，\n图 10-13 水 与 酒精 混合 的 实验\n这 个 实验 直观 地 说 明了 分 子 间 存 在 着 空隙 。\n而 二\n2 学 在\n活动 4 探究 分 子 间 的 相互 作用 力 FE\n前 面 的 活动 告诉 我 们 ， 物 体内 的 分 子 在 不 停 地 运动 着 ， 分 子 间 存 在 着 空\n除 。 那 么 ,为 什么 固体 和 液体 内 的 分 子 不 向 四 处 散 开 ， 还 能 保持 着 一 定 的 体\n积 呢 8 我 们 用 下 面 几 个 实验 来 探究 这 个 问题 。\nA. 会 收缩 的 液 腊\n实验 操作 如 图 10 一 14 所 示 。\n110\n=== 第 20 页 ===\n| p — | > pr ' [=, ’ a : zz ]\n加 (wy W\n(a) 在 一 个 铁丝 圈 (b) 把 铁丝 圈 浸 入 肥 (¢) 用 手指 轻 轻 地 碰 (Cd) 被 磁 一 侧 的 肥 电\n中 间 松 松 地 系 皂 水 中 ， 使 它 上 一 下 棉线 的 任何 液 膜 破 了 ， 棉 线\n一 根 棉线 面 附着 一 层 肥皂 一 侧 被 拉 到 了 另 一 侧\n液 膜\n图 10-14 ”会 收缩 的 肥皂 膜\n思考 一 下 ， 这 里 是 谁 把 湿 棉 线 拉 过 去 的 ?",2.0,75.8955223880597,沪科技粤教版_八年级_义务教育教科书·物理八年级下册,14,2025-07-21T14:25:05.846Z,2.0,义务教育教科书·物理八年级下册,/Users/LeoQin/Documents/GitHub/PDFconvertor/training_data/初中/物理/沪科技粤教版-上海科学技术出版社、广东教育出版社/八年级/义务教育教科书·物理八年级下册.pdf,八年级,tesseract.js-parallel,unknown,0.812992125984252,0.6,1,75.8955223880597,,true,,true,true,,physics,下册,沪科技粤教版_八年级_义务教育教科书·物理八年级下册.json,物理,134,初中_物理_沪科技粤教版_八年级_义务教育教科书·物理八年级下册
沪科技粤教版_八年级_义务教育教科书·物理八年级下册_chunk_5,5,"b) 把铁丝圈 浸入 肥 ( ) 用手指轻 轻地 碰 (Cd) 被磁 一侧 的肥 电中 间松 松地 系皂 水中， 使它 上一 下棉线的 任何液 膜破 了， 棉线 一根 棉线面 附着一 层肥皂一 侧被 拉到 了另 一侧 液膜 图 10 14 会收缩的 肥皂膜 思考一 下， 这里 是谁 把湿 棉线 拉过 去的 ? B. 能吊 起钩 码的 铅柱 一取 两块 断面 磨平 、 干净 的铝 柱， 将它们紧 压后， 可以 在它 的下 面吊 起一 品钩 码 (图 10 15)。 3 通过这 两个 实验， 我们 认识到 :分子间 存在 着力。 C. 不听话的 活塞图 10 15 能吊 起钩 码的 锁柱 如图 10 一 16 所示， 先让 注射器 吸入适量的 水， 再用 橡神 皮套 皮套 将套 针管 的口子封 住。 你人 试着 用力 推活塞， 能政 把活 cv 仙人压 进去这 个实验告诉我 们 ; o 水的 体积很 难压缩， 这就 间接 E0 16 ARTLARk 说明了分 子间 同时 存在着 力。 研究表明 : 物质中 的分 子既 相互吸引， 又相互排斥。 分子 间的 距离在 一定 范围内 (小于 10 9 m) 以排斥为 主 ; 在这 个范围之 外 (大于 107"" m) 以吸引为 主 ; 若分 子间 的距离大 到一 定程度 (大于 10 "" m)， 分子 间的 相互作用会 变得 十分 微弱， 可以 认为没有相互作用。 六综 上所 述， 物质 是由 大量 分子 组成 的， 分子 间是 有间隙的， 分子 在不 1 停息地 做无 规则运动， 分子 间存在相互作用力。 这就 是分 子动 理论 (kinetic theory) 的初步知识。 N_ __ 111",730,0.3719260074626865,low,ocr,"b) 把 铁丝 圈 浸 入 肥 (¢) 用 手指 轻 轻 地 碰 (Cd) 被 磁 一 侧 的 肥 电\n中 间 松 松 地 系 皂 水 中 ， 使 它 上 一 下 棉线 的 任何 液 膜 破 了 ， 棉 线\n一 根 棉线 面 附着 一 层 肥皂 一 侧 被 拉 到 了 另 一 侧\n液 膜\n图 10-14 ”会 收缩 的 肥皂 膜\n思考 一 下 ， 这 里 是 谁 把 湿 棉 线 拉 过 去 的 ?\nB. 能 吊 起 钩 码 的 铅 柱 | 一 $\n取 两 块 断 面 磨 平 、 干 净 的 铝 柱 ， 将 它们 紧 压  | SS\n后 ， 可 以 在 它 的 下 面 吊 起 一 品 钩 码 (图 10-15)。  3\n通过 这 两 个 实验 ， 我 们 认识 到 :分子 间 存  §\n在 着 力 。\nC. 不 听话 的 活塞 图 10-15 ”能 吊 起 钩 码 的 锁 柱\n如 图 10 一 16 所 示 ， 先 让\n注射 器 吸入 适量 的 水 ， 再 用 橡 ” 神 皮 套\n皮 套 将 套 针 管 的 口子 封 住 。 你 人\n试 着 用 力 推 活塞 ， 能 政 把 活 ”cv LE 仙人\n压 进去 ”这 个 实验 告诉 我 们 ; o\n水 的 体积 很 难 压缩 ， 这 就 间接 E0-16 ARTLARk\n说 明了 分 子 间 同 时 存在 着 力 。\n| -\n研究 表明 : 物质 中 的 分 子 既 相互 吸引 ， 又 相互 排斥 。 分 子 间 的 距离 在 一 定\n范围 内 (小 于 10- 9 m) 以 排斥 为 主 ; 在 这 个 范围 之 外 (大 于 107"" m) 以 吸引 为\n主 ; 若 分 子 间 的 距离 大 到 一 定 程度 (大 于 10-"" m) ， 分 子 间 的 相互 作用 会 变 得\n十 分 微弱 ， 可 以 认为 没有 相互 作用 。\n六 综 上 所 述 ， 物 质 是 由 大 量 分 子 组 成 的 ， 分 子 间 是 有 间隙 的 ， 分 子 在 不 1\n| 停息 地 做 无 规则 运动 ， 分 子 间 存在 相互 作用 力 。 这 就 是 分 子 动 理论 (kinetic |\n| theory) 的 初步 知识 。 |\nN_ ”~ __\n111\n=== 第 21 页 ===",2.0,75.8955223880597,沪科技粤教版_八年级_义务教育教科书·物理八年级下册,15,2025-07-21T14:25:05.846Z,2.0,义务教育教科书·物理八年级下册,/Users/LeoQin/Documents/GitHub/PDFconvertor/training_data/初中/物理/沪科技粤教版-上海科学技术出版社、广东教育出版社/八年级/义务教育教科书·物理八年级下册.pdf,八年级,tesseract.js-parallel,unknown,0.7720306513409961,0.6,1,75.8955223880597,,true,,true,true,,physics,下册,沪科技粤教版_八年级_义务教育教科书·物理八年级下册.json,物理,134,初中_物理_沪科技粤教版_八年级_义务教育教科书·物理八年级下册
沪科技粤教版_八年级_义务教育教科书·物理八年级下册_chunk_6,6,"个分 子几乎周志个 、 都可 以自由运动， 可以 充满它 能够 达到的 整个空 vaO 局间 ( 图 10 一 19)。 所以 ,气体既 没有固定的 体积， pwserver 也没有固定的 形状。 图 10 19 气体的 分子 模型上 1. 本节 有四 个活动， 你参与了 其中 的哪些活动 ? 有什么体会 ? 2. 分子 一般 是看 不见 的， 你是 通过什么方法确认分 子是 运动的 9 3. 请用 自己的 语言表述分 子动 理论的 主要内 容。 除了 活动 3 的实验可 以说 明分 子间 有间隙外， 你还 能举 出哪些事例 ? 112 4. 如图 10 一 20 所示， 先在 量简 内盛 半简 水， 再把 蓝色 的硫酸铜 溶液小 心地注入量 简底 i 部。 由于 水的 密度比 硫酸铜 深液 的密度小， 两种 液体能 形成清晰的 分界面。 把它 放在 教室的 一角， 使它 不受 外界 的振动。 请你 猜测一 下， 由着 一段 时间 后， 将看 到什么现 尔 9 把你 的猜测 、 中国富观察结果和 分析 跟同学相互交流。 图 10 20 硫酸铜 溶液的 扩散实验 3 66 99 解剖原子分 子可 以再 分吗 分子 的发 现并 没有终止科学家 探究物质结构的 步伐。 很快， 人们 发现 还有 比分子 更小 的粒子， 称为 原子 (atom )。 大多 数分 子是 由多 个原子组 成的， 电做 多原子分 子。 例如 水。 (a) 水分 子。。 (b) 二氧化左 分子 分子 是由 一个 所原子和 两个 氢原 子组 成的， 二图 10 21 分子 模型 氧化碳 分子 是由 一个 碳原子和 西个 氧原子组 成",710,0.47902234682938893,medium-low,ocr,"个 分 子 几乎 周志 = ”个 、\n都 可 以 自由 运动 ， 可 以 充满 它 能 够 达到 的 整个 空 “vaO ”> 局\n间 ( 图 10 一 19) 。 所 以 ,气体 既 没有 固定 的 体积 ， pwserver\n也 没有 固定 的 形状 。 图 10-19 气体 的 分 子 模型\n上\n1. 本 节 有 四 个 活动 ， 你 参与 了 其 中 的 哪些 活动 ? 有 什么 体会 ?\n2. 分 子 一 般 是 看 不 见 的 ， 你 是 通过 什么 方法 确认 分 子 是 运动 的 9\n3. 请 用 自己 的 语言 表述 分 子 动 理论 的 主要 内 容 。 除 了 活动 3 的 实验 可 以 说\n明 分 子 间 有 间隙 外 ， 你 还 能 举 出 哪些 事例 ?\n112\n=== 第 22 页 ===\n4. 如 图 10 一 20 所 示 ， 先 在 量 简 内 盛 半 简\n水 ， 再 把 蓝 色 的 硫酸 铜 溶液 小 心地 注入 量 简 底 —i\n部 。 由 于 水 的 密度 比 硫酸 铜 深 液 的 密度 小 ， 两\n种 液体 能 形成 清晰 的 分 界面 。 把 它 放 在 教室 的 |\n一 角 ， 使 它 不 受 外 界 的 振动 。 请 你 猜测 一 下 ， 由 着\n一 段 时 间 后 ， 将 看 到 什么 现 尔 9 把 你 的 猜测 、 中 国富\n观察 结果 和 分 析 跟 同学 相互 交流 。 - -\n图 10-20 ”硫酸 铜 溶液 的 扩散 实验\n| 3 66 99\n解剖 ”原子\n分 子 可 以 再 分 吗 |\n分 子 的 发 现 并 没有 终止 科学 家 探究 物质\n结构 的 步伐 。 很 快 ， 人 们 发 现 还 有 比分 子 更 小\n的 粒子 ， 称 为 原子 (atom ) 。 大 多 数 分 子 是 由\n多 个 原子 组 成 的 ， 电 做 多 原子 分 子 。 例 如 水。 (a) 水 分 子 。。 (b) 二 氧化 左 分 子\n分 子 是 由 一 个 所 原子 和 两 个 氢 原 子 组 成 的 ， 二 图 10-21 分 子 模 型\n氧化 碳 分 子 是 由 一 个 碳 原子 和 西 个 氧 原子 组 成",2.0,75.8955223880597,沪科技粤教版_八年级_义务教育教科书·物理八年级下册,17,2025-07-21T14:25:05.846Z,2.0,义务教育教科书·物理八年级下册,/Users/LeoQin/Documents/GitHub/PDFconvertor/training_data/初中/物理/沪科技粤教版-上海科学技术出版社、广东教育出版社/八年级/义务教育教科书·物理八年级下册.pdf,八年级,tesseract.js-parallel,unknown,0.8085106382978723,0.5,1,75.8955223880597,,true,,true,true,,physics,下册,沪科技粤教版_八年级_义务教育教科书·物理八年级下册.json,物理,134,初中_物理_沪科技粤教版_八年级_义务教育教科书·物理八年级下册
沪科技粤教版_八年级_义务教育教科书·物理八年级下册_chunk_7,7,"子更 小的 粒子， 称为 原子 (atom )。 大多 数分 子是 由多 个原子组 成的， 电做 多原子分 子。 例如 水。 (a) 水分 子。。 (b) 二氧化左 分子 分子 是由 一个 所原子和 两个 氢原 子组 成的， 二图 10 21 分子 模型 氧化碳 分子 是由 一个 碳原子和 西个 氧原子组 成的 (图 10 一 21 )。 有些 分子 是由 单个原子组 成的， 叫做 单原子分 子。 铁 、 铜 、 金 、 铂等 大多 数金属， 它们 的分 子也 就是 原子 (图 10 一 22 )。 2 人人 Al j 8 人 2 全 2 2 4 人 We (a) 石墨底层上 的金 原子 (b) 铀原子图 10 22 电子显微镜下 的原子 113 把原子切 开科学家 发现 原子以 后的 很长 一段 时间里， 都认为原子是 物质的 最小 单元， 是字 宙之 砖。 那么， 原子 完间 能不 能再 分呢 ? 19 世纪 末， 科学 家用 真空管 进行放电实验时， 发现 管的 阴极能 发出 一种 身线 ( 图 10 一 23 )。1897 年， 英国 科学 家汤姆生 (J. Thomson，1856 一 1940 ) 进行了 认真的 实验研究， 确定 这种 射线是 由一 种带 负电的 微粒组 成的， 它们 是从 原子 内部 发出 的， 这种 微粒叫做电子 (electron )。 (a) 阴极射线经 过荧光屏， 形成 一条 (b) 阴极射线经 过磁铁会 发生 偏转美丽的 光带 图 10 23 阴极射线实验电子是 比分子 、 原子 更小 的物质粒子。 它的 质量 ms 9.11x 10 kg, 约等 于氢 原子 质量的 二了， 半径小 于 10 m。 电子 的发 现否定了 原子不 可再 分",752,0.4027569237147596,medium-low,ocr,"子 更 小\n的 粒子 ， 称 为 原子 (atom ) 。 大 多 数 分 子 是 由\n多 个 原子 组 成 的 ， 电 做 多 原子 分 子 。 例 如 水。 (a) 水 分 子 。。 (b) 二 氧化 左 分 子\n分 子 是 由 一 个 所 原子 和 两 个 氢 原 子 组 成 的 ， 二 图 10-21 分 子 模 型\n氧化 碳 分 子 是 由 一 个 碳 原子 和 西 个 氧 原子 组 成\n的 (图 10 一 21 ) 。 有 些 分 子 是 由 单个 原子 组 成 的 ， 叫 做 单 原子 分 子 。 铁 、 铜 、\n金 、 铂 等 大 多 数 金属 ， 它 们 的 分 子 也 就 是 原子 (图 10 一 22 ) 。\n2 人\n人 Al\nj 8 © RN 人 2 全 2 2%4\n人\nWe\n(a) 石墨 底层 上 的 金 原 子 (b) 铀 原子\n图 10-22 ”电子 显微镜 下 的 原子\n113\n=== 第 23 页 ===\n把 原子 “ 切 开 `\n科学 家 发 现 原子 以 后 的 很 长 一 段 时间 里 ， 都 认为 原子 是 物质 的 最 小 单元 ，\n是 “ 字 宙 之 砖 ”。 那 么 ， 原 子 完 间 能 不 能 再 分 呢 ?\n19 世 纪 末 ， 科 学 家 用 真空 管 进行 放电 实验 时 ， 发 现 管 的 阴极 能 发 出 一 种 身\n线 ( 图 10 一 23 ) 。1897 年 ， 英 国 科 学 家 汤姆 生 (J. Thomson，1856 一 1940 ) 进行\n了 认真 的 实验 研究 ， 确 定 这 种 射线 是 由 一 种 带 负电 的 微粒 组 成 的 ， 它 们 是 从 原\n子 内 部 发 出 的 ， 这 种 微粒 叫做 电子 (electron ) 。\n(a) 阴极 射线 经 过 荧光 屏 ， 形 成 一 条 (b) 阴极 射线 经 过 磁铁 会 发 生 偏转\n美丽 的 光 带\n图 10-23 ”阴极 射线 实验\n电子 是 比分 子 、 原 子 更 小 的 物质 粒子 。 它 的 质量 ms=9.11x 10-” kg, 约\n等 于 氢 原 子 质量 的 二 了， 半径 小 于 10“ m。 电 子 的 发 现 否定 了 原子 不 可 再 分",2.0,75.8955223880597,沪科技粤教版_八年级_义务教育教科书·物理八年级下册,18,2025-07-21T14:25:05.846Z,2.0,义务教育教科书·物理八年级下册,/Users/LeoQin/Documents/GitHub/PDFconvertor/training_data/初中/物理/沪科技粤教版-上海科学技术出版社、广东教育出版社/八年级/义务教育教科书·物理八年级下册.pdf,八年级,tesseract.js-parallel,unknown,0.7166666666666667,0.5,1,75.8955223880597,true,true,,true,true,,physics,下册,沪科技粤教版_八年级_义务教育教科书·物理八年级下册.json,物理,134,初中_物理_沪科技粤教版_八年级_义务教育教科书·物理八年级下册
沪科技粤教版_八年级_义务教育教科书·物理八年级下册_chunk_8,8,"。 (a) 阴极射线经 过荧光屏， 形成 一条 (b) 阴极射线经 过磁铁会 发生 偏转美丽的 光带 图 10 23 阴极射线实验电子是 比分子 、 原子 更小 的物质粒子。 它的 质量 ms 9.11x 10 kg, 约等 于氢 原子 质量的 二了， 半径小 于 10 m。 电子 的发 现否定了 原子不 可再 分的 神话， 使人 们对 物质结构有 了更 深入的 认识。 原子结构的 两种 模型原子内 部有 人带 负电的 电子， 整个 原子却 不对 外显示电 性， 并且 十分 稳定。 原子的 这种 特性启示人 们， 原子 内部 一定 还有 带正 电的 部分。 因此， 电子 的发 现， 使人 们认识到 原子也 是有 复杂结构的。 由于 原子 、 电子 都很 小， 在无 法用 仪器对 它们直接观察时， 只能 借助基 些实验， 利用 已有 的知识， 通过 想象 、 类比 等方法， 构建 出它们的 模型。 其中 最有 影响的 是由 汤姆生 和他 的学 生卢 瑟福 提出的 两种 原子结构模型。 114 二 1. 在生活中 常常接触到 力， 以前 你是 如何 认识 力的 9 学过 本节 后， 你对 力有 什么新 的认识 ? 2. 图 6 9(a)(b)(e) 分别 表示以 下三 种情况 :投球手 将静止的 棒球投 所出 去， 接球 手将 飞来 的棒球接 住， 击球 手将 迎面飞 来的 棒球击 出。 请分 析图 中棒球的 运动情况各 发生 怎样的 变化由 此可 以归纳得 出什么结论 ' 俩区 dte () 多 7 国人 B oQ 二全 所多 H 多隐 包和 'g 中本 1 1 开 (a) (b) (c ) 图 6 9 3. 在跳板跳水运动中 (图 6 10)， 运动员对 跳",741,0.332870982434587,low,ocr,"。\n(a) 阴极 射线 经 过 荧光 屏 ， 形 成 一 条 (b) 阴极 射线 经 过 磁铁 会 发 生 偏转\n美丽 的 光 带\n图 10-23 ”阴极 射线 实验\n电子 是 比分 子 、 原 子 更 小 的 物质 粒子 。 它 的 质量 ms=9.11x 10-” kg, 约\n等 于 氢 原 子 质量 的 二 了， 半径 小 于 10“ m。 电 子 的 发 现 否定 了 原子 不 可 再 分\n的 神话 ， 使 人 们 对 物质 结构 有 了 更 深入 的 认识 。\n原子 结构 的 两 种 模型\n原子 内 部 有 人 带 负电 的 电子 ， 整 个 原子 却 不 对 外 显示 电 性 ， 并 且 十 分 稳定 。\n原子 的 这 种 特性 启示 人 们 ， 原 子 内 部 一 定 还 有 带 正 电 的 部 分 。 因 此 ， 电 子 的 发\n现 ， 使 人 们 认识 到 原子 也 是 有 复杂 结构 的 。\n由 于 原子 、 电 子 都 很 小 ， 在 无 法 用 仪器 对 它们 直接 观察 时 ， 只 能 借助 基 些\n实验 ， 利 用 已 有 的 知识 ， 通 过 想象 、 类 比 等 方法 ， 构 建 出 它们 的 模型 。 其 中 最\n有 影响 的 是 由 汤姆 生 和 他 的 学 生 卢 瑟 福 提出 的 两 种 原子 结构 模型 。\n114\n=== 第 24 页 ===\n二\n1. 在 生活 中 常常 接触 到 力 ， 以 前 你 是 如 何 认 识 力 的 9 学 过 本 节 后 ， 你 对\n力 有 什么 新 的 认识 ?\n2. 图 6-9(a)(b)(e) 分 别 表示 以 下 三 种 情况 :投球 手 将 静止 的 棒球 投 所\n出 去 ， 接 球 手 将 飞 来 的 棒球 接 住 ， 击 球 手 将 迎面 飞 来 的 棒球 击 出 。 请 分 析 图 中\n棒球 的 运动 情况 各 发 生 怎样 的 变化 ”由 此 可 以 归纳 得 出 什么 结论\n\' 俩\n区 =dte () AN 多\n7 国人 ® \ \B\n§ = oQ AK 二 全\n所 ”=\n“多 H\n多 隐 包 和 {'g\n% 中 本 1 | 1 开\n(a) (b) (c )\n图 6-9\n3. 在 跳板 跳水 运动 中 (图 6 10) ， 运 动员 对 跳",2.0,75.8955223880597,沪科技粤教版_八年级_义务教育教科书·物理八年级下册,19,2025-07-21T14:25:05.846Z,2.0,义务教育教科书·物理八年级下册,/Users/LeoQin/Documents/GitHub/PDFconvertor/training_data/初中/物理/沪科技粤教版-上海科学技术出版社、广东教育出版社/八年级/义务教育教科书·物理八年级下册.pdf,八年级,tesseract.js-parallel,unknown,0.794392523364486,0.5,1,75.8955223880597,,true,,true,true,,physics,下册,沪科技粤教版_八年级_义务教育教科书·物理八年级下册.json,物理,134,初中_物理_沪科技粤教版_八年级_义务教育教科书·物理八年级下册
沪科技粤教版_八年级_义务教育教科书·物理八年级下册_chunk_9,9,"语言或 简图 来表示原子的 结构吗 ? 2. 两千 多年 前， 我国 的庄子说 过 : 一尺 之极， 日取 其半， 万世 不竭。 意思是 说， 一尺 长的 木棍， 每天 取它 的一 半， 永远 也取 不完。 你学 过物质的 微观 结构以 后， 对这 多话 有什么新 的认识 ?9 国 , 飞出 地球 人类 在深入认识原子内 部微观世界的 同时， 从未 停止过 对地 球之 外宏观和 宇观 物质世界的 探究。 茫茫宇宙 (universe )， 浩瀚 星空， 诱人 遐思 ! 宇宙到 底有 多大 ? 人们 能不 能飞 出地 球去 ? 古人富有想象的 宇宙图 早早 在远古时 代， 东 、 西方 的一 些思想家 通过对 日月 星辰的 观察和 想象， 曾经 构建出 自己心目中 的各 种宇宙图 景。 Rs 呈 3 果一 人 7 人 3 0 会一 过 7 AAA 三侈 2 罗混 泛 A 图 10 31 中国 古代 浑天 说图 10 32 古埃 及人 的宇宙观 ( 浑天 如鸡 子， 天体 圆如 弹丸， 地 (星星像 悬挂 的油灯吊 在上 空 ) 如鸡 子中 黄， 孤居于内 ) 118 托勒 密精 心构建地 心说 后来， 天象 观察的 深入和 数学的 应用 推动了 天文学的 研究。 公元 150 年， 十希腊天 文学家 托勤 密 (C . Piolemaeus， 约 90 一 168 ) 集当时天 文学之 大成， 提出 以地 球为 中心 的宇宙结构学 说 (图 10 一 33 )， 简称 地心 说。 他认为， 地球 位于 宇宙的 中心， 月球、 水星 、 金星 、 太阳 及其 他行星都 绕着 地球 旋转 ; 恒星 都镶嵌在 最外 边的 天球 上。",724,0.3516754407261291,low,ocr,"语言 或 简 图 来 表示 原子 的 结构 吗 ?\n2. 两 千 多 年 前 ， 我 国 的 庄子 说 过 :“ 一 尺 之 极 ， 日 取 其 半 ， 万 世 不 竭 。”\n意思 是 说 ， 一 尺 长 的 木 棍 ， 每 天 取 它 的 一 半 ， 永 远 也 取 不 完 。 你 学 过 物质 的 微\n观 结构 以 后 ， 对 这 多 话 有 什么 新 的 认识 ?9\n国 , 飞 出 地 球\n人 类 在 深入 认识 原子 内 部 微观 世界 的 同时 ， 从 未 停止 过 对 地 球 之 外 宏观 和\n宇 观 物质 世界 的 探究 。\n茫茫 宇宙 (universe ) ， 浩 瀚 星空 ， 诱 人 遐思 ! 宇宙 到 底 有 多 大 ? 人 们 能\n不 能 飞 出 地 球 去 ?\n古人 富有 想象 的 宇宙 图 早\n早 在 远古 时 代 ， 东 、 西 方 的 一 些 思想 家 通过 对 日 月 星辰 的 观察 和 想象 ， 曾\n经 构建 出 自己 心目 中 的 各 种 宇宙 图 景 。\nRs\n呈 - 3 |\n果 |\n一 人 > 7 人 3 0\n会 一 “过 AM\n7 AU\n< AAA 三 侈 2 罗 混 泛 %% A\n图 10-31 中 国 古 代 浑 天 说 图 10-32 古 埃 及 人 的 宇宙 观\n( 浑 天 如 鸡 子 ， 天 体 圆 如 弹丸 ， 地 (星星 像 悬 挂 的 油灯 吊 在 上 空 )\n如 鸡 子 中 黄 ， 孤 居于 内 …… )\n118\n=== 第 29 页 ===\n托 勒 密 精 心 构建 地 心 说\n后 来 ， 天 象 观察 的 深入 和 数学 的 应 用 推动 了 天 文学 的 研究 。 公 元 150 年 ，\n十 希腊 天 文学 家 托 勤 密 (C . Piolemaeus， 约 90 一 168 ) 集 当时 天 文学 之 大 成 ， 提\n出 以 地 球 为 中 心 的 宇宙 结构 学 说 (图 10 一 33 ) ， 简 称 “ 地 心 说 ”。 他 认为 ， 地\n球 位 于 宇宙 的 中 心 ， 月球、 水 星 、 金 星 、 太 阳 及 其 他 行星 都 绕 着 地 球 旋转 ; 恒\n星 都 镶嵌 在 最 外 边 的 天 球 上 。",2.0,75.8955223880597,沪科技粤教版_八年级_义务教育教科书·物理八年级下册,24,2025-07-21T14:25:05.846Z,2.0,义务教育教科书·物理八年级下册,/Users/LeoQin/Documents/GitHub/PDFconvertor/training_data/初中/物理/沪科技粤教版-上海科学技术出版社、广东教育出版社/八年级/义务教育教科书·物理八年级下册.pdf,八年级,tesseract.js-parallel,unknown,0.786692759295499,0.5,1,75.8955223880597,,true,,true,true,,chemistry,下册,沪科技粤教版_八年级_义务教育教科书·物理八年级下册.json,物理,134,初中_物理_沪科技粤教版_八年级_义务教育教科书·物理八年级下册
沪科技粤教版_八年级_义务教育教科书·物理八年级下册_chunk_10,10,. Piolemaeus， 约 90 一 168 ) 集当时天 文学之 大成， 提出 以地 球为 中心 的宇宙结构学 说 (图 10 一 33 )， 简称 地心 说。 他认为， 地球 位于 宇宙的 中心， 月球、 水星 、 金星 、 太阳 及其 他行星都 绕着 地球 旋转 ; 恒星 都镶嵌在 最外 边的 天球 上。 托勒 密的 地心 说能 解释日 食 、 月食 等许多天 文现象， 并且 符合当时人 们普遍认同的 地球 不动 的观念， 因此 很容易被 人们 接受。 后来 又被 当时的 教会所 利用， 成为 禁铀 人们 思想的 柳锁， 一直流行 了一 千多 年， 严重地阻碍了 科学前 进的 脚步。 恒星天 gp ;。 观察是 研究天 体运动最 基 . ;本的 方法， 意大 利诗人卡 里马赫和 ; 曾教导哥 白尼 说， 天文学家 R 有本 二 1 ; 两样法 宝 : 数学和 观察。 :。 根据对 天体位置 及运动的 观 ; 察记 录， 天文学家 就可 以运用数 :学工具构筑一 个宇宙模型地 心 ; 说和 日心 说就 是两 种典型 ;的模型。 图 10 33 托勒 密的 地心 说宇宙图 多本 2 本站 的球面上 运动 ) 本哥 白尼 吹响 了科学革命的 号许 波兰天 文学家 如白 尼 (N.Copernicus， 1473 一 143 ) 通过长 期的 观察和 研究， 提出了 太阳中 心说 宇宙模型， 即日 心说 ( 图 10 一 34)。 他认为， 太阳 是宇宙的 中心， 地球 和其 他行星都 绕着 太阳旋转， 月球 是地 球的 一颗 卫星， 它绕 着地 球旋 转。 119 psSNN 百是 7 A _swrva 人 RAR 哥白 尼的 日心 说有 着非常重要的 意,742,0.34445136314922753,low,ocr,. Piolemaeus， 约 90 一 168 ) 集 当时 天 文学 之 大 成 ， 提\n出 以 地 球 为 中 心 的 宇宙 结构 学 说 (图 10 一 33 ) ， 简 称 “ 地 心 说 ”。 他 认为 ， 地\n球 位 于 宇宙 的 中 心 ， 月球、 水 星 、 金 星 、 太 阳 及 其 他 行星 都 绕 着 地 球 旋转 ; 恒\n星 都 镶嵌 在 最 外 边 的 天 球 上 。\n托 勒 密 的 “地 心 说 ”能 解释 日 食 、 月 食 等 许多 天 文 现象 ， 并 且 符合 当时 人\n们 普遍 认同 的 地 球 不 动 的 观念 ， 因 此 很 容易 被 人 们 接受 。 后 来 又 被 当时 的 教会\n所 利用 ， 成 为 禁 铀 人 们 思想 的 柳 锁 ， 一 直流 行 了 一 千 多 年 ， 严 重地 阻碍 了 科学\n前 进 的 脚步 。\n恒星 天 gp\n; 。 观察 是 研究 天 体 运动 最 基 |\n=. ;本 的 方法 ， 意 大 利 诗人 卡 里 马赫\n和 ; 曾 教导 哥 白 尼 说 ， 天 文学 家 R 有 |\n本 二 1 ; 两样 法 宝 : 数学 和 观察 。\n: 。 根据 对 天 体位 置 及 运动 的 观\n; 察 记 录 ， 天 文学 家 就 可 以 运用 数\n:学 工具 构筑 一 个 宇宙 模型 “地 心\n; 说 ”和 “日 心 说 ”就 是 两 种 典型\n;的 模型。\n图 10-33 ” 托 勒 密 的 “地 心 说 ”宇宙 图 多 本 2\n本 站\n的 球面 上 运动 )\n本  EE\n哥 白 尼 吹 响 了 科学 革命 的 号 许\n波兰 天 文学 家 如 白 尼 (N.Copernicus， 1473 一 1$43 ) 通过 长 期 的 观察 和 研究 ，\n提出 了 太阳 中 心 说 宇宙 模型 ， 即 “日 心 说 ”( 图 10 一 34) 。 他 认为 ， 太 阳 是 宇宙 的\n中 心 ， 地 球 和 其 他 行星 都 绕 着 太阳 旋转 ， 月 球 是 地 球 的 一 颗 卫 星 ， 它 绕 着 地 球 旋\n转 。\n119\n=== 第 30 页 ===\npsSNN 百 是\n7 A £ _swrva 人\nAII RAR 哥 白 尼 的 “日 心 说 ”有 着 非常 重要 的 意,2.0,75.8955223880597,沪科技粤教版_八年级_义务教育教科书·物理八年级下册,25,2025-07-21T14:25:05.846Z,2.0,义务教育教科书·物理八年级下册,/Users/LeoQin/Documents/GitHub/PDFconvertor/training_data/初中/物理/沪科技粤教版-上海科学技术出版社、广东教育出版社/八年级/义务教育教科书·物理八年级下册.pdf,八年级,tesseract.js-parallel,unknown,0.7663551401869159,0.5,1,75.8955223880597,,true,,true,,,physics,下册,沪科技粤教版_八年级_义务教育教科书·物理八年级下册.json,物理,134,初中_物理_沪科技粤教版_八年级_义务教育教科书·物理八年级下册
沪科技粤教版_八年级_义务教育教科书·物理八年级下册_chunk_11,11,.7 km s， 这个 速度叫做第 三宇宙速度 (vs)， 也中 图 10 38 宇宙速度做 交逸 速度。 司我 评价与 作业 me 长期 以来， 流传 着一 个美丽的 故事， 一天， 牛顿 在树 下沉思， 突然 看见 一个 苹果从 树上 落下， 于是， 他就 发现 了万 有引力定律， 你知道这 个故事吗 ? 你从 这个 故事中 得到 了哪些启示 ? 122 有 )， 1. 请你 去图 书馆或 上网 查找关于托 勒密 地心 说和 哥和 白尼 日心 说的 资料。 2. 收集几 个类 似革 果落 地的 科学发 现的 故事， 写一 篇相关的 科学 1 1 报告。 1 3. 收集我 国神舟飞船成 功发 射的 有关 资料， 召开 一次 科学讨 1 论会。 1 1_ 国 B _1 B 10.5 宇宙深 处从 太阳系 到银河系 如图 10 一 40 所示， 我们 生活的 地球， 只是 太阳系 这个 大家 族中 的一 员。 地球 离太 阳约 1.5 x 10 km。 太阳 的直径是 地球 的 109 倍， 质量 是地 球的 33 万倍， 体积是 地球 的 130 万倍。 太阳 系的 八大行星中 离太阳最 远的 是海王星， 两者 相距 约 4.496 x 10 km。 在晴朗少 云的 夜晚， 仰望 天室， 会看 到一 条白 东茫 的光 带横 卧在 天空中， 人们 称之 为银河。 这是 由三 千多 亿颗 恒星形成的 巨大星系， 天文学上 称之 为银河系 (Galaxy )。 太阳 只是 银河系 中普通的 一员。 图 10 39 太阳及 其八大行星太阳所 地球甸 Ce 水时 木星土星天 王性 _ 以上 人 Se 5。 本下 ;,714,0.3654342584779284,low,ocr,.7 km/s， 这 个 速度 叫做\n第 三 宇宙 速度 (vs) ， 也 中 图 10-38 宇宙 速度\n做 交 逸 速度 。\n司 我 评价 与 作业 me\n长 期 以 来 ， 流 传 着 一 个 美丽 的 故事 ， 一 天 ， 牛 顿 在 树 下 沉思 ， 突 然 看 见\n一 个 苹果 从 树 上 落下 ， 于 是 ， 他 就 发 现 了 万 有 引力 定律 ， 你 知道 这 个 故事 吗 ?\n你 从 这 个 故事 中 得 到 了 哪些 启示 ?\n122\n=== 第 33 页 ===\n-有 )---------，\n1. 请 你 去 图 书馆 或 上 网 查找 关于 托 勒 密 地 心 说 和 哥 和 白 尼 日 心 说 的\n| 资料 。 |\n| 2. 收集 几 个 类 似 “ 革 果 落 地 ”的 科学 发 现 的 故事 ， 写 一 篇 相关 的 科学 1\n1 报告 。 1\n| 3. 收集 我 国 “神舟 ”飞船 成 功 发 射 的 有 关 资 料 ， 召 开 一 次 科学 讨 1\n| 论 会 。 1\n1_ 国 B _1\nB 10.5 宇宙 深 处\n从 太阳 系 到 银河 系\n如 图 10 一 40 所 示 ， 我 们 生活 的 地 球 ， 只 是 太阳 系 这 个 大 家 族 中 的 一 员 。 地\n球 离 太 阳 约 1.5 x 10° km。 太 阳 的 直径 是 地 球 的 109 倍 ， 质 量 是 地 球 的 33 万 倍 ，\n体积 是 地 球 的 130 万 倍 。 太 阳 系 的 八大 行星 中 离 太阳 最 远 的 是 海王 星 ， 两 者 相\n距 约 4.496 x 10° km。\n在 晴朗 少 云 的 夜晚 ， 仰 望 天 室 ， 会 看 到 一 条 白 东 茫 的 光 带 横 卧 在 天 空中 ，\n人 们 称 之 为 银河 。 这 是 由 三 千 多 亿 颗 恒星 形成 的 巨大 星系 ， 天 文学 上 称 之 为\n“银河 系 (Galaxy )”。 太 阳 只 是 银河 系 中 普通 的 一 员 。\n图 10-39 太阳 及 其 八大 行星\n太阳\n所 ”地球 甸 Ce &\n水 时 木星 土星 天 王 性  _ 以\n=== 第 34 页 ===\n上 人\nSe ER 5 。 本\n= 下 ’ ; DR =,2.0,75.8955223880597,沪科技粤教版_八年级_义务教育教科书·物理八年级下册,29,2025-07-21T14:25:05.846Z,2.0,义务教育教科书·物理八年级下册,/Users/LeoQin/Documents/GitHub/PDFconvertor/training_data/初中/物理/沪科技粤教版-上海科学技术出版社、广东教育出版社/八年级/义务教育教科书·物理八年级下册.pdf,八年级,tesseract.js-parallel,unknown,0.7573385518590998,0.5,1,75.8955223880597,true,,,true,true,,physics,下册,沪科技粤教版_八年级_义务教育教科书·物理八年级下册.json,物理,134,初中_物理_沪科技粤教版_八年级_义务教育教科书·物理八年级下册
沪科技粤教版_八年级_义务教育教科书·物理八年级下册_chunk_12,12,"是长 度阶 梯的 一部 分， 补上 其余部分， 并把 原子 、 分子 、 人的 身高 、 珠穆 朗玛 峰的 高度 、 地球 直径 、 月地 距离等 相关的 典型尺度标记在 线过。 你还 有其 他表示长 度阶梯的 办法 吗 ? 可观测宇宙 137x 10 Ly. 10xl0ly 107""m 核了 1orsm 图 10 45 2. 采用访问或 从互联网 上收集资料等 方式， 了解 我国航天 事业的 发展 情况。 由此， 你有 哪些感想可 以和 大家 交流 ? 3. 我国 已开展了 探月 计划嫦娥工程， 请从 互联网 上查询有 关信 息， 了解 我国 实施探 月计划的 大致 内容 和意义。 1 h) 1 1 围绕人 类认识宇宙的 历程， 广泛 收集材料， 帮助 社区出 一期 黑板报 或宣传栏， 宣传 科普知识。 1 和 126 后 1T 本套 教科书 经 2003 年初审通过以 来， 得到 了实验区 学生 和教师的 热情关怀和 支持。 编写组 始终与 实验区 的老师保持着 密切的 联系和 互动， 多次 召开关于教科书 的研讨会 和征求意见会， 并深入实验区 进行回访和 调研， 这些 都为 修订教科书 黄定 了基础。 为了 做好 这次 的修订工作， 我们 调整充实了 编写队伍， 按照 教育部 正式颁发的 《 义务 教育物理课程标准 ( 2011 年版 ) 》 的要 求， 在保持本 套教科书 特色的 基础上， 充分 吸收 实验区 教与 学的 意见和 经验， 力求 使本 书更 加切合教学实际， 利教 便学。 本教科书 编写组 人员 如下 主编 , 束怖 如何 润伟 一主 编 : 评生 蕊陈 验谢 坚本山主编母 小四 本相册前 主编: 杨四 估 As 3",732,0.45585236804432544,medium-low,ocr,"是 长 度 阶 梯 的 一 部 分 ， 补 上 其 余部 分 ， 并 把 原子 、 分 子 、 人\n的 身高 、 珠 穆 朗 玛 峰 的 高 度 、 地 球 直径 、 月 地 距离 等 相关 的 典型 尺度 标记 在 线\n过 。 你 还 有 其 他 表示 长 度 阶梯 的 办 法 吗 ?\n可 观测 宇宙 137x 10° Ly.\n~ 10xl0ly\n107""m\n核 了 1orsm\n图 10-45\n2. 采用 访问 或 从 互联 网 上 收集 资料 等 方式 ， 了 解 我 国航 天 事业 的 发 展 情\n况 。 由 此 ， 你 有 哪些 感想 可 以 和 大 家 交流 ?\n3. 我 国 已 开展 了 探 月 计划 “嫦娥 工程 ”， 请 从 互联 网 上 查询 有 关 信 息 ， 了\n解 我 国 实施 探 月 计划 的 大 致 内 容 和 意义 。\nED\n1 h) 1\n1 围绕 人 类 认识 宇宙 的 历程 ， 广 泛 收集 材料 ， 帮 助 社区 出 一 期 黑板 报 或 |\n| 宣传 栏 ， 宣 传 科普 知识 。 1\n和\n126\n=== 第 38 页 ===\n后 1T\n本 套 教科 书 经 2003 年 初审 通过 以 来 ， 得 到 了 实验 区 学 生 和 教师 的 热情 关怀 和 支持 。\n编写 组 始终 与 实验 区 的 老师 保持 着 密切 的 联系 和 互动 ， 多 次 召开 关于 教科 书 的 研讨 会 和\n征求 意见 会 ， 并 深入 实验 区 进行 回访 和 调研 ， 这 些 都 为 修订 教科 书 黄 定 了 基础 。\n为 了 做 好 这 次 的 修订 工作 ， 我 们 调整 充实 了 编写 队伍 ， 按 照 教育 部 正式 颁发 的 《 义\n务 教育 物理 课程 标准 ( 2011 年 版 ) 》 的 要 求 ， 在 保持 本 套 教科 书 特色 的 基础 上 ， 充 分 吸\n收 实验 区 教 与 学 的 意见 和 经 验 ， 力 求 使 本 书 更 加 切合 教学 实际 ， 利 教 便 学 。\n本 教科 书 编写 组 人 员 如 下\n主编 , 束 怖 如 何 润 伟\n一 主 编 : 评 生 蕊 陈 验 谢 坚\n本山 主编 母 小 四 本 &\n相册 前 主编: 杨 四 估 “ < As 3",2.0,75.8955223880597,沪科技粤教版_八年级_义务教育教科书·物理八年级下册,33,2025-07-21T14:25:05.846Z,2.0,义务教育教科书·物理八年级下册,/Users/LeoQin/Documents/GitHub/PDFconvertor/training_data/初中/物理/沪科技粤教版-上海科学技术出版社、广东教育出版社/八年级/义务教育教科书·物理八年级下册.pdf,八年级,tesseract.js-parallel,unknown,0.822550831792976,0.5,1,75.8955223880597,,true,,true,true,,physics,下册,沪科技粤教版_八年级_义务教育教科书·物理八年级下册.json,物理,134,初中_物理_沪科技粤教版_八年级_义务教育教科书·物理八年级下册
沪科技粤教版_八年级_义务教育教科书·物理八年级下册_chunk_13,13,"作用点 在哪里 ? Am 我们 知道， 物体 的各 部分 都要 受到重力的 作用， 但在 处理 重力问题时， 通常 可以 把这 些力 看成 是作用在 某一 点上， 这一 点叫做物体的 重心 (center o o of gravity )。 例如， 一把 质量分 布均匀的 直尺， 其地 前正 在指头上 重心就 在尺 中央 位置 的 O 处， 当手指支 在点 0 的正 下方 时， 尺就 能平稳地 静止在 指头上 (图 6 一 28)。 质量 分布 均匀的 物体， 其重心就 是它 的几何中 心。 有在 实际生产 、 生活 中 ,知道物体的 重心位 置有 很重 Wi 要的 意义。 从重心引出的 锁垂 线， 如果 通过支点或 在物 体底部的 支承面 内， 物体 就不 会倒 下。 意大 利的 比萨斜 天塔 ( 图 6 一 29 )， 相传 因伽利略在 塔上 做过 落体实验而 名扬 加四 海， 斜塔 之所 以不 倾倒， 就是 因为其 铝重 线在 塔基 的支 7 承面 内。 一在 工程技术上， 增大 物体底部的 支承面积， 降低 重心 位置， 都可 以增加物体的 稳定性。 图 6 29 比萨斜 塔二 1. 一位 同学的 质量是 48 kg， 他受到的 重力是 多大 ? 2. 下列 物体中， 物重 约为 10 N 的可 能是 ( ), A. 一头 牛 B. 一个 鸡蛋 C. 一只 鸡 D. 一本 物理教科书 3. 四位 同学分 别画 出放 在斜面上 的均 质小 球所 受重力的 示意图 ( 图 6 一 30)， 其中 正确的 是 (。 )。 22 .和 _2 _A A. B. C. D. 图 6 30 17 4. 桥头上 竖立着 如图 6 一 31 所示 的标志牌 (t 表示 吨 )， 它表 示这 座桥 允许 通过的 车的 最大 重力是 N,",775,0.41134836770212535,medium-low,ocr,"作用 点 在 哪里 ? Am\n我 们 知道 ， 物 体 的 各 部 分 都 要 受到 重力 的 作\n用 ， 但 在 处 理 重力 问题 时 ， 通 常 可 以 把 这 些 力 看 成 是 FA\n作用 在 某 一 点 上 ， 这 一 点 叫做 物体 的 重心 (center  o o\nof gravity ) 。 例 如 ， 一 把 质量 分 布 均匀 的 直 尺 ， 其 地 前 正 在 指头 上\n重心 就 在 尺 中 央 位 置 的 O 处 ， 当 手指 支 在 点 0 的\n正 下 方 时 ， 尺 就 能 平稳 地 静止 在 指头 上 (图 6 一 28) 。 质 量\n分 布 均匀 的 物体 ， 其 重心 就 是 它 的 几何 中 心 。 有\n在 实际 生产 、 生 活 中 ,知道 物体 的 重心 位 置 有 很 重 Wi\n要 的 意义 。 从 重心 引出 的 锁 垂 线 ， 如 果 通过 支点 或 在 物 JR\n体 底部 的 支承 面 内 ， 物 体 就 不 会 倒 下 。 意 大 利 的 比萨 斜 天\n塔 ( 图 6 一 29 ) ， 相 传 因 伽利略 在 塔 上 做 过 落体 实验 而 名 扬 加\n四 海 ， 斜 塔 之 所 以 不 倾倒 ， 就 是 因为 其 铝 重 线 在 塔 基 的 支 7\n承 面 内 。 一\n在 工程 技术 上 ， 增 大 物体 底部 的 支承 面积 ， 降 低 重\n心 位 置 ， 都 可 以 增加 物体 的 稳定 性 。\n图 6-29 ”比萨 斜 塔\n二\n1. 一 位 同学 的 质量 是 48 kg， 他 受到 的 重力 是 多 大 ?\n2. 下 列 物体 中 ， 物 重 约 为 10 N 的 可 能 是 ( ),\nA. 一 头 牛 B. 一 个 鸡蛋\nC. 一 只 鸡 D. 一 本 物理 教科 书\n3. 四 位 同学 分 别 画 出 放 在 斜面 上 的 均 质 小 球 所 受 重力 的 示意 图 ( 图 6 一\n30) ， 其 中 正确 的 是 ( 。 )。\n22] .和 _2] _A\nA. B. C. D.\n图 6-30\n17\n=== 第 51 页 ===\n4. 桥头 上 竖立 着 如 图 6 一 31 所 示 的 标志 牌 (t 表 示 吨 ) ， 它 表\n示 这 座 桥 允 许 通过 的 车 的 最 大 重力 是 N,",2.0,75.8955223880597,沪科技粤教版_八年级_义务教育教科书·物理八年级下册,42,2025-07-21T14:25:05.846Z,2.0,义务教育教科书·物理八年级下册,/Users/LeoQin/Documents/GitHub/PDFconvertor/training_data/初中/物理/沪科技粤教版-上海科学技术出版社、广东教育出版社/八年级/义务教育教科书·物理八年级下册.pdf,八年级,tesseract.js-parallel,unknown,0.7550274223034735,0.6,1,75.8955223880597,true,true,,true,true,,physics,下册,沪科技粤教版_八年级_义务教育教科书·物理八年级下册.json,物理,134,初中_物理_沪科技粤教版_八年级_义务教育教科书·物理八年级下册
沪科技粤教版_八年级_义务教育教科书·物理八年级下册_chunk_14,14,"liding friction force ) 探究滑动摩擦力 人在 冰面 上滑行比 在水 泥地 上容易， 在地 板上 推动大 森箱 滑行比 推动小 木块 困难， 这些 都与 滑动摩擦力 的大 小有 关。 怎样 测量滑动摩擦力 的大 小呢 ? 和 8 活动 1 测量水 平运动物体所 受的 滑动摩擦力 ss 如图 6 一 33 所示， 使木 块在 弹秽 测力 计拉力的 作用下， 沿水 平桌面匀速滑动。 研究 表明， 弹竹 测力 计拉力的 大小 就等 于滑动摩擦力 的大 小。 木据 弹簧测 力计 人 v 证一 yrey Abe 机 F, F (a) (b) 图 6 33 测量滑动摩擦力 请你 按上 面的 实验原理选择仪器， 测量 滑动摩擦力。 (1) 将木 块置 于水 平桌面上， 用弹 策测 力计 拉动木 块匀速滑动。 (2) 在木 块匀速运动的 过程 中， 观察 并记录弹 催测 力计 的示 数。 (3) 重复测量几 次， 你测量到 的滑动摩擦力 是 N. 与同学交流各 自测量的 结果。 那么， 滑动 摩擦力 的大 小跟 哪些 因素有 关呢 ? 19 r 活动 2 探究滑动摩擦力 的大 小跟 哪些 因素 有关 请你 将手掌压 在桌面上， 边压 边向 前推， 比较 在压力大 和压力小 时， 手掌 感受到的 阻力。 再将 手掌分 别放 在光滑的 桌面上 和粗糙的 木板上， 感受 两种 情况下 手掌受到的 阻力。 由此， 你猜想滑动摩擦力 的大 小跟 哪些 因素 有关 ? 根据生活中 的摩擦现象， 有同学认为 : 滑动摩擦力 的大 小跟 两个 物体相 互挤 压的 程度有 关， 也有 同学认为， 它跟 接触 面的 粗糙程度有 关。 你认为他 们的 猜想有 道理吗 ?",739,0.4205994275557414,medium-low,ocr,"liding friction\nforce ) °\n探究 滑动 摩擦 力\n人 在 冰 面 上 滑行 比 在 水 泥 地 上 容易 ， 在 地 板 上 推动 大 森 箱 滑行 比 推动 小 木\n块 困难 ， 这 些 都 与 滑动 摩擦 力 的 大 小 有 关 。 怎 样 测量 滑动 摩擦 力 的 大 小 呢 ?\nSS |\n和 %8\n活动 1 测量 水 平 运动 物体 所 受 的 滑动 摩擦 力 ss\n如 图 6 一 33 所 示 ， 使 木 块 在 弹 秽 测 力 计 拉力 的 作用 下 ， 沿 水 平 桌面 匀速 滑动 。 研\n究 表明 ， 弹 竹 测 力 计 拉力 的 大 小 就 等 于 滑动 摩擦 力 的 大 小 。\n木 据 弹簧 测 力 计\n人 —— % v\n证 一 =yrey Abe\n机\nF, F\n(a) (b)\n图 6-33 测量 滑动 摩擦 力\n请 你 按 上 面 的 实验 原理 选择 仪器 ， 测 量 滑动 摩擦 力 。\n(1) 将 木 块 置 于 水 平 桌面 上 ， 用 弹 策 测 力 计 拉动 木 块 匀速 滑动 。\n(2) 在 木 块 匀速 运动 的 过 程 中 ， 观 察 并 记录 弹 催 测 力 计 的 示 数 。\n(3) 重复 测量 几 次 ， 你 测量 到 的 滑动 摩擦 力 是 N.\n与 同学 交流 各 自 测量 的 结果 。\n那么 ， 滑 动 摩擦 力 的 大 小 跟 哪 些 因素 有 关 呢 ?\n19\n=== 第 53 页 ===\nr < XO\n活动 2 探究 滑动 摩擦 力 的 大 小 跟 哪 些 因 素 有 关 »\n请 你 将 手掌 压 在 桌面 上 ， 边 压 边 向 前 推 ， 比 较 在 压力 大 和 压力 小 时 ， 手 掌 感\n受到 的 阻力 。 再 将 手掌 分 别 放 在 光滑 的 桌面 上 和 粗糙 的 木板 上 ， 感 受 两 种 情况 下\n手掌 受到 的 阻力 。 由 此 ， 你 猜想 滑动 摩擦 力 的 大 小 跟 哪 些 因 素 有 关 ?\n根据 生活 中 的 摩擦 现象 ， 有 同学 认为 : 滑动 摩擦 力 的 大 小 跟 两 个 物体 相\n互 挤 压 的 程度 有 关 ， 也 有 同学 认为 ， 它 跟 接 触 面 的 粗糙 程度 有 关 。 你 认为 他 们\n的 猜想 有 道理 吗 ?",2.0,75.8955223880597,沪科技粤教版_八年级_义务教育教科书·物理八年级下册,44,2025-07-21T14:25:05.846Z,2.0,义务教育教科书·物理八年级下册,/Users/LeoQin/Documents/GitHub/PDFconvertor/training_data/初中/物理/沪科技粤教版-上海科学技术出版社、广东教育出版社/八年级/义务教育教科书·物理八年级下册.pdf,八年级,tesseract.js-parallel,unknown,0.8263254113345521,0.5,1,75.8955223880597,,true,,true,true,,physics,下册,沪科技粤教版_八年级_义务教育教科书·物理八年级下册.json,物理,134,初中_物理_沪科技粤教版_八年级_义务教育教科书·物理八年级下册
沪科技粤教版_八年级_义务教育教科书·物理八年级下册_chunk_15,15,上， 感受 两种 情况下 手掌受到的 阻力。 由此， 你猜想滑动摩擦力 的大 小跟 哪些 因素 有关 ? 根据生活中 的摩擦现象， 有同学认为 : 滑动摩擦力 的大 小跟 两个 物体相 互挤 压的 程度有 关， 也有 同学认为， 它跟 接触 面的 粗糙程度有 关。 你认为他 们的 猜想有 道理吗 ? Q ITit4) 由于 我们 猜想影响滑动摩擦力 大小 的因素有 两个， 所以 可以 分两 步来 进行 研究 : 先保持接触面 的粗糙程度不 变， 研究 滑动 摩擦力 的大 小跟 压力 大小 的关系， 再保持压力不 变， 研究 滑动摩擦力 的大 小跟 接触面 粗糙程度的 关系， 最后， 把研究的 结果综合起 来。 Q Bi1E 请根据计划的 思路， 利用 如图 6 一 34 所示 的器 材设 计实 验， 拟订 实验 步了 又， 对上 述猜 想进 行实验研究。 弹簧测 力计 木块 夸码 7 EE 和木板图 6 34 实验央 材将 你的 实验结果与 同学讨论交流后， 完成 下列 填空。 滑动摩擦力 的大 小跟 物体 间接触面 的粗糙程度以 及压力的 大小 有关。 在压 力一 定的 情况下， 接触 面越， 滑动 摩擦力 越 ; 在接触面 粗糙 程度 本压力越 大， 滑动 摩擦力 越 o 20 想一 想实验时， 怎样 保持接触面 的担 糙程度不 变而 改变压力的 大小 9 又如 何保持压力的 大小 不变 而改变接触面 的粗糙程度 ? 滚动摩擦一 个物体在 另一 个物体钨 上滚动时 所产生的 摩擦， 叫做 滚动摩擦 (rolling friction)。 实验证 明， 在相同压力的 情况下， 滚动 摩擦要 比滑动摩擦小 得多。 在机 器的 转动轴 上大 都 3,735,0.4352218762579396,medium-low,ocr,上 ， 感 受 两 种 情况 下\n手掌 受到 的 阻力 。 由 此 ， 你 猜想 滑动 摩擦 力 的 大 小 跟 哪 些 因 素 有 关 ?\n根据 生活 中 的 摩擦 现象 ， 有 同学 认为 : 滑动 摩擦 力 的 大 小 跟 两 个 物体 相\n互 挤 压 的 程度 有 关 ， 也 有 同学 认为 ， 它 跟 接 触 面 的 粗糙 程度 有 关 。 你 认为 他 们\n的 猜想 有 道理 吗 ?\nQ #ITit4)\n由 于 我 们 猜想 影响 滑动 摩擦 力 大 小 的 因素 有 两 个 ， 所 以 可 以 分 两 步 来 进\n行 研 究 : 先 保持 接触 面 的 粗糙 程度 不 变 ， 研 究 滑 动 摩擦 力 的 大 小 跟 压 力 大 小 的\n关系 ， 再 保持 压力 不 变 ， 研 究 滑动 摩擦 力 的 大 小 跟 接触 面 粗糙 程度 的 关系 ， 最\n后 ， 把 研究 的 结果 综合 起 来 。\nQ Bi1E SEIFHE\n请 根据 计划 的 思路 ， 利 用 如 图 6 一 34 所 示 的 器 材 设 计 实 验 ， 拟 订 实 验 步\n了 又， 对 上 述 猜 想 进 行 实验 研究 。\n弹簧 测 力 计\n木 块 夸 码 7\nEE— 和 = 木板\n图 6-34 ”实验 央 材\n将 你 的 实验 结果 与 同学 讨论 交流 后 ， 完 成 下 列 填 空 。\n滑动 摩擦 力 的 大 小 跟 物 体 间 接触 面 的 粗糙 程度 以 及 压力 的 大 小 有 关 。 在 压\n力 一 定 的 情况 下 ， 接 触 面 越 ， 滑 动 摩擦 力 越 ; 在 接触 面 粗 糙 程 度\n本 压力 越 大 ， 滑 动 摩擦 力 越 o\n20\n=== 第 54 页 ===\n想 一 想\n实验 时 ， 怎 样 保持 接触 面 的 担 糙 程度 不 变 而 改变 压力 的 大 小 9 又\n如 何 保持 压力 的 大 小 不 变 而 改变 接触 面 的 粗糙 程度 ?\n滚动 摩擦\n一 个 物体 在 另 一 个 物体 钨 -\n上 滚动 时 所 产生 的 摩擦 ， 叫 做\n滚动 摩擦 (rolling friction) 。 >\n实验 证 明 ， 在 相同 压力\n的 情况 下 ， 滚 动 摩擦 要 比 滑动\n摩擦 小 得 多 。\n在 机 器 的 转动 轴 上 大 都 3,2.0,75.8955223880597,沪科技粤教版_八年级_义务教育教科书·物理八年级下册,45,2025-07-21T14:25:05.846Z,2.0,义务教育教科书·物理八年级下册,/Users/LeoQin/Documents/GitHub/PDFconvertor/training_data/初中/物理/沪科技粤教版-上海科学技术出版社、广东教育出版社/八年级/义务教育教科书·物理八年级下册.pdf,八年级,tesseract.js-parallel,unknown,0.8558394160583942,0.6,1,75.8955223880597,,true,,true,true,,unknown,下册,沪科技粤教版_八年级_义务教育教科书·物理八年级下册.json,物理,134,初中_物理_沪科技粤教版_八年级_义务教育教科书·物理八年级下册
沪科技粤教版_八年级_义务教育教科书·物理八年级下册_chunk_16,16,大小 9 又如 何保持压力的 大小 不变 而改变接触面 的粗糙程度 ? 滚动摩擦一 个物体在 另一 个物体钨 上滚动时 所产生的 摩擦， 叫做 滚动摩擦 (rolling friction)。 实验证 明， 在相同压力的 情况下， 滚动 摩擦要 比滑动摩擦小 得多。 在机 器的 转动轴 上大 都 3 安装有 滚动轴承。 轴承 的内 园人 套在 转轴上， 外园 固定 在轴承座 上， 两圈 之间 有许多光滑的 钢珠或 钢柱 (图 6 35 )。 机器 运转时， 轴带 着内 轿转 动， 钢珠 或钢 柱在 两转 之间 滚动， 摩控 就明显减 小。 滚动 轴承的 摩擦 1 1 2h 5 0 一大 约是 滑动轴承摩擦的 一。 增大 摩擦与 减小 摩擦的 方法摩 近与 人们 的生活 、 生产 密切相关， 人们 时时 处处 都离 不开 它。 摩氛 有时 是有 益的， 不可 缺少的， 有时 是有 害的， 会给 人增加麻烦。 人走路 、 骑车 、 担笔 等都 要靠 摩控。 如果 摩擦太 小， 人行走时 就容易滑 倒， 传送 皮带 上的 产品也 运送不 出去， 这时 就要 设法增 大摩 氛。 在机 器内 部有 许多转动和 滑动的 部件， 摩擦 不但 会使 机器 发热， 而且 还会 使机 器磨损。 在这 些情况下， 摩控 是有 害的， 应该 设法减 小摩擦。 21 在如 图 6 一 36 所示 各现象中， 哪些 是为 了增 大摩擦 ? 哪些是 为了 减小 摩 e 条车 橡皮个 了二 六 7 'g 人 (a) 自行车 的简 车装置中 有一 块橡皮 (b ) 在小 提琴的 号弦 上控 些松香 aa 的过 产一 本二 e : 加国 Go,715,0.32229651013670224,low,ocr,大 小 9 又\n如 何 保持 压力 的 大 小 不 变 而 改变 接触 面 的 粗糙 程度 ?\n滚动 摩擦\n一 个 物体 在 另 一 个 物体 钨 -\n上 滚动 时 所 产生 的 摩擦 ， 叫 做\n滚动 摩擦 (rolling friction) 。 >\n实验 证 明 ， 在 相同 压力\n的 情况 下 ， 滚 动 摩擦 要 比 滑动\n摩擦 小 得 多 。\n在 机 器 的 转动 轴 上 大 都 3\n安装 有 滚动 轴承 。 轴 承 的 内 园 人\n套 在 转轴 上 ， 外 园 固 定 在 轴承 座 上 ， 两 圈 之 间 有 许多 光滑 的\n钢珠 或 钢 柱 (图 6-- 35 )。 机 器 运转 时 ， 轴 带 着 内 轿 转 动 ， 钢 珠\n或 钢 柱 在 两 转 之 间 滚 动 ， 摩 控 就 明显 减 小 。 滚 动 轴承 的 摩擦\n1 1\n2h BLE 5 0 一\n大 约 是 滑动 轴承 摩擦 的 = 一。\n增 大 摩擦 与 减 小 摩擦 的 方法\n摩 近 与 人 们 的 生活 、 生 产 密切 相关 ， 人 们 时 时 处 处 都 离 不 开 它 。 摩 氛 有 时\n是 有 益 的 ， 不 可 缺少 的 ， 有 时 是 有 害 的 ， 会 给 人 增加 麻烦 。\n人 走路 、 骑 车 、 担 笔 等 都 要 靠 摩 控 。 如 果 摩擦 太 小 ， 人 行走 时 就 容易 滑\n倒 ， 传 送 皮 带 上 的 产品 也 运送 不 出 去 ， 这 时 就 要 设法 增 大 摩 氛 。\n在 机 器 内 部 有 许多 转动 和 滑动 的 部 件 ， 摩 擦 不 但 会 使 机 器 发 热 ， 而 且 还 会\n使 机 器 磨损 。 在 这 些 情况 下 ， 摩 控 是 有 害 的 ， 应 该 设法 减 小 摩擦。\n21\n=== 第 55 页 ===\n在 如 图 6 一 36 所 示 各 现象 中 ， 哪 些 是 为 了 增 大 摩擦 ? 哪些 是 为 了 减 小 摩\n#e\n条 车 橡皮\n个\n了 二\n< {\n六 7| 'g\n[人\nES\n(a) 自行 车 的 简 车 装置 中 有 一 块 橡皮 (b ) 在 小 提琴 的 号 弦 上 控 些 松香\naa\n的” 过 =\n产 一\nGE 本\n二 e@:\nSS\n加 国 Go ->,2.0,75.8955223880597,沪科技粤教版_八年级_义务教育教科书·物理八年级下册,46,2025-07-21T14:25:05.846Z,2.0,义务教育教科书·物理八年级下册,/Users/LeoQin/Documents/GitHub/PDFconvertor/training_data/初中/物理/沪科技粤教版-上海科学技术出版社、广东教育出版社/八年级/义务教育教科书·物理八年级下册.pdf,八年级,tesseract.js-parallel,unknown,0.8284600389863548,0.5,1,75.8955223880597,,true,,true,true,,unknown,下册,沪科技粤教版_八年级_义务教育教科书·物理八年级下册.json,物理,134,初中_物理_沪科技粤教版_八年级_义务教育教科书·物理八年级下册
沪科技粤教版_八年级_义务教育教科书·物理八年级下册_chunk_17,17,安全性 能。 古上 1. 通过实验探究， 我们 知道滑动摩擦力 的大 小跟 接触 面的 粗料 程度 以及 压力的 大小 有关。 那么， 怎样 通过实验探究滑动摩擦力 的大 小跟 两物体接触的 面积大 小的 关系呢 ? 请简要写 出你 的实验方案。 2. 指出下 列各 种情况分 别属于哪 种摩擦 ? (1) 用钢笔写字时， 笔尖 跟纸 之癌 的摩擦。 ( ) (2) 用加 珠笔 写字 时， 笔头 的珠子跟 纸之 间的 摩擦。 ( ) (3) 滑雪时， 滑雪 板跟 雪地 之间 的摩擦。 ( ) 3. 自行车 上哪些部 位要 增大 摩擦? 哪些部 位要 减小 摩擦 8 它们各 是用 什么 方法来 增大 或减 小摩擦的 ? 4 拔河比赛中， 运动员常常穿 上比较新 的球鞋， 而且 不希望地 面上 有很 多的 沙子或 地面 太平滑， 和否则难以取胜， 这是 为什么 ? 5. 同一水 平桌面上 放有 质量相等的 长方 体木 块和 铁块 各一 块， 另有 量程合适的 弹策 测力 计一 个。 请设计一 个实验， 探究 桌面对 木块 和铁 块的 摩擦力 是否 一样 大。 课外活动 )， 展开想象的 翅膀， 以 《假如没有摩擦)》 为题， 写一 篇科普短文， 并在， 1 班上 交流。 1 1_ _1 23 一本 es 探究杠杆的 平衡条 件在 生活 、 生产 中， 人们 常常用 播棒 手物 、 用起 重机 吊物 等， 这其 中有 什么奥秘让 我们 从跷 跷板 开始 进行探究。 探究跷 跷板 中的 道理小 时候， 我们 都玩 过跷 跷板。 观察 如图 6 一 37 所示 的情景后， 讨论 一下， 大人 和小 朋友分 别坐 在跷 跷板 的两 侧， 怎样 才能使 跷跷 板保持水 平呢 ?,743,0.4784159332341849,medium-low,ocr,安全 性 能 。\n古 上\n1. 通过 实验 探究 ， 我 们 知道 滑动 摩擦 力 的 大 小 跟 接 触 面 的 粗 料 程 度 以 及\n压力 的 大 小 有 关 。 那 么 ， 怎 样 通过 实验 探究 滑动 摩擦 力 的 大 小 跟 两 物体 接触 的\n面积 大 小 的 关系 呢 ? 请 简要 写 出 你 的 实验 方案 。\n2. 指出 下 列 各 种 情况 分 别 属于 哪 种 摩擦 ?\n(1) 用 钢笔 写字 时 ， 笔 尖 跟 纸 之 癌 的 摩擦 。 ( )\n(2) 用 加 珠 笔 写 字 时 ， 笔 头 的 珠子 跟 纸 之 间 的 摩擦 。 ( )\n(3) 滑雪 时 ， 滑 雪 板 跟 雪 地 之 间 的 摩擦。 ( )\n3. 自行 车 上 哪些 部 位 要 增 大 摩擦? 哪些 部 位 要 减 小 摩擦 8 它们 各 是 用 什\n么 方法 来 增 大 或 减 小 摩擦 的 ?\n4 拔河 比赛 中 ， 运 动员 常常 穿 上 比较 新 的 球鞋 ， 而 且 不 希望 地 面 上 有 很\n多 的 沙子 或 地 面 太平 滑 ， 和 否则 难以 取胜 ， 这 是 为 什么 ?\n5. 同一 水 平 桌面 上 放 有 质量 相等 的 长 方 体 木 块 和 铁 块 各 一 块 ， 另 有 量程\n合适 的 弹 策 测 力 计 一 个 。 请 设计 一 个 实验 ， 探 究 桌面 对 木 块 和 铁 块 的 摩擦 力 是\n否 一 样 大 。\n课外 活动 )---------\n， 展开 想象 的 翅膀， 以 《假如 没有 摩擦)》 为 题 ， 写 一 篇 科普 短文 ， 并 在 ，\n1 班 上 交流 。 1\n1_ _1\n23\n=== 第 57 页 ===\nAAA 一\n本 es 探究 杠杆 的 平衡 条 件\n在 生活 、 生 产 中 ， 人 们 常常 用 播 棒 手 物 、 用 起 重 机 吊 物 等 ， 这 其 中 有 什么\n奥秘 ”让 我 们 从 跷 跷 板 开 始 进行 探究 。\n探究 跷 跷 板 中 的 道理\n小 时 候 ， 我 们 都 玩 过 跷 跷 板 。 观 察 如 图 6 一 37 所 示 的 情景 后 ， 讨 论 一 下 ，\n大 人 和 小 朋友 分 别 坐 在 跷 跷 板 的 两 侧 ， 怎 样 才能 使 跷 跷 板 保持 水 平 呢 ?,2.0,75.8955223880597,沪科技粤教版_八年级_义务教育教科书·物理八年级下册,48,2025-07-21T14:25:05.847Z,2.0,义务教育教科书·物理八年级下册,/Users/LeoQin/Documents/GitHub/PDFconvertor/training_data/初中/物理/沪科技粤教版-上海科学技术出版社、广东教育出版社/八年级/义务教育教科书·物理八年级下册.pdf,八年级,tesseract.js-parallel,unknown,0.8460111317254174,0.5,1,75.8955223880597,,true,,true,true,,physics,下册,沪科技粤教版_八年级_义务教育教科书·物理八年级下册.json,物理,134,初中_物理_沪科技粤教版_八年级_义务教育教科书·物理八年级下册
沪科技粤教版_八年级_义务教育教科书·物理八年级下册_chunk_18,18,物 、 用起 重机 吊物 等， 这其 中有 什么奥秘让 我们 从跷 跷板 开始 进行探究。 探究跷 跷板 中的 道理小 时候， 我们 都玩 过跷 跷板。 观察 如图 6 一 37 所示 的情景后， 讨论 一下， 大人 和小 朋友分 别坐 在跷 跷板 的两 侧， 怎样 才能使 跷跷 板保持水 平呢 ? 人我 的想法是 : cm p A 8 人 Se Ri 人 、 可图 6 37 怎样才能使 跷跷 板保持水 平一 一一 一一 一一 一一 一一 3 岂一 人为 了便于探究跷 跷板 怎样才能保持水 平下 状态， 需要 对它 简化进行实验研究。 如图 6 一 38 所示， 用带 有等 分刻度的 均质 木尺 代替吕 忆三 跷板， 用钩 码代替人。 a 物理学 中， 把能 绕某 一固定点 转动的 硬 al He ( 直棱 或曲 棒 )， 叫做 杠杆 (lever)。 跷中 板是 一种 杠杆。 图 6 38 模拟跷 跷板 实验 24 责任编辑陈 慧敏 金波艳 陈鹏 美术编辑赵 军义务教育教科书 物理 八年 级下 册华东地 区初中物理教材编写组 编著上 海科 学技术出 版社 出版 广东教育出 版社 (上海 市闵行区 号景 路 159 卉 A 座 9F 10F 邮政编码 201101) 新华 书店发 行安徽芜湖新 华印 务有 限责 任公司印刷开本 787x 1092 1 16 印张 8.25 字数 136 000 2013 年 1 月第 1 版 2022 年 1 月第 28 次印刷 978 7 5478 1454 3 G 312 : 8.52 元如 发现 印装 质量问题或 对内 容有 意见建议， 请与 本社 联系电话 : 021 64848025， 邮箱 : jc sstp.cn,742,0.34223624319281964,low,ocr,物 、 用 起 重 机 吊 物 等 ， 这 其 中 有 什么\n奥秘 ”让 我 们 从 跷 跷 板 开 始 进行 探究 。\n探究 跷 跷 板 中 的 道理\n小 时 候 ， 我 们 都 玩 过 跷 跷 板 。 观 察 如 图 6 一 37 所 示 的 情景 后 ， 讨 论 一 下 ，\n大 人 和 小 朋友 分 别 坐 在 跷 跷 板 的 两 侧 ， 怎 样 才能 使 跷 跷 板 保持 水 平 呢 ?\n”人 ”%\n£ | 我 的 想法 是 : |\ncm p\nA =8 人\nSe Ri | |\nSS 人 、 | |\n< 可 | |\n| |\n| |\n| |\n图 6-37 ”怎样 才能 使 跷 跷 板 保持 水 平 一 一 一 一 一 一 一 一 一 一 一\n[3 岂 一 人\n为 了 便于 探究 跷 跷 板 怎样 才能 保持 水 平 下\n状态 ， 需 要 对 它 简化 进行 实验 研究 。 如 图 6 一\n38 所 示 ， 用 带 有 等 分 刻度 的 均 质 木 尺 代替 吕 忆 三\n跷 板 ， 用 钩 码 代替 人 。 a\n物理 学 中 ， 把 能 绕 某 一 固定 点 转动 的 硬 al\nHe ( 直 棱 或 曲 棒 ) ， 叫 做 杠杆 (lever) 。 跷 中\n板 是 一 种 杠杆 。\n图 6-38 ”模拟 跷 跷 板 实验\n24\n=== 第 58 页 ===\n责任 编辑 陈 慧 敏 ”金波 艳 陈 鹏\n美术 编辑 赵 军\n义务 教育 教科 书\n物 理\n八 年 级 下 册\n华东 地 区 初中 物理 教材 编写 组 ”编著\n上 海 科 学 技术 出 版 社 出 版\n广东 教育 出 版 社\n(上 海 市 闵行 区 号 景 路 159 卉 A 座 9F-10F 邮政 编码 201101)\n新 华 书店 发 行\n安徽 芜湖 新 华 印 务 有 限 责 任 公司 印刷\n开本 787x 1092 1/16 印张 8.25 字数 136 000\n2013 年 1 月 第 1 版 ”2022 年 1 月 第 28 次 印刷\nISBN 978—7-5478—1454-3/G - 312\n定价 : 8.52 元\n如 发 现 印 装 质量 问题 或 对 内 容 有 意见 建议 ， 请 与 本 社 联系\n电话 : 021--64848025， 邮 箱 : jc@sstp.cn,2.0,75.8955223880597,沪科技粤教版_八年级_义务教育教科书·物理八年级下册,49,2025-07-21T14:25:05.847Z,2.0,义务教育教科书·物理八年级下册,/Users/LeoQin/Documents/GitHub/PDFconvertor/training_data/初中/物理/沪科技粤教版-上海科学技术出版社、广东教育出版社/八年级/义务教育教科书·物理八年级下册.pdf,八年级,tesseract.js-parallel,unknown,0.710820895522388,0.5,1,75.8955223880597,,true,,true,true,,physics,下册,沪科技粤教版_八年级_义务教育教科书·物理八年级下册.json,物理,134,初中_物理_沪科技粤教版_八年级_义务教育教科书·物理八年级下册
沪科技粤教版_八年级_义务教育教科书·物理八年级下册_chunk_19,19,"处于 静止状态， 叫图 6_40 村村 做杠杆平衡 (balance )。 请运用上 述概念， 分析 实验 中的 数据， 用文字和 公式归纳结论。 25 人人 、 动力 x ( ) 阻力 x( ) 忆人 ( ) 即 Fyx ( ) F,x ( ) 或二 一一 一一 忆 0 N 上式 表明， 杠杆 平衡时， 杠杆 的动力乘 动力臂 等于 阻力乘 阻力臂， 即杠 杆的 动力臂 是阻力臂 的几 倍， 杠杆 的动力书 就是 阻力丈 的几 分之 一。 这就 是杠杆的 平衡条 件。 例题假如图 6 一 37 中的 大人 重 750N， 小女孩重 2530N。 当大 人坐 在与 跷跷 板的 转轴距离为 0.5 m 处， 小女孩应 该坐 在哪里才能使 跷跷 板水 平平衡 ? 已知， 阻力书 750N， 阻力 臂瑟 一 0.5m， 动力 书一 250 N。 求 : 动力臂 疡的 大小。 解 : 根据杠杆平衡条 件书 三已 记， 得 L ""Lrp, TO0N sm 15m 已 250N 答 : 小女孩应 该坐 在离 转轴 1.5 m 处。 讨论 : 1. 根据杠杆平衡条 件， 比较 动力 代和 阻力臂 的长 得， 怎样的 杠杆省 力 ? 怎样 的枉 杆费力 ? 怎样的 杠杆既 不省 力又 不费力 ? 2. 比较图 6 一 41 中三 种剪刀的 动力臂 、 阻力 臂长短有 什么不 同请 说明 其中 的道理。 (a) 铁皮剪刀 (b) 理发剪刀 (ce ) 普通前 刀图 6 41 三种 剪刀 26 杠杆的 作用而 二活动 2 认识生活中 的杠杆 Eee 生活和 生产中 有许多不 同形式 的杠杆。 请画 出图 6 一 42 中各 种器 具的 支点和 力篆。 画力 展时 要注意， 它应 该是 支点 到力 的作用线 的距离。",760,0.39932409644087247,low,ocr,"处 于 静止 状态 ， 叫 图 6_40 村 村\n做 杠杆 平衡 (balance ) 。\n请 运用 上 述 概念 ， 分 析 实 验 中 的 数据 ， 用 文字 和 公式 归纳 结论 。\n25\n=== 第 60 页 ===\n[人 人 、\n动力 x ( ) = 阻力 x( )\n| 忆 人 ( ) |\n即 Fyx ( ) =F,x ( ) 或 “二 = 一 一 一 一\n” 忆 0\nN - --——\n上 式 表明 ， 杠 杆 平衡 时 ， 杠 杆 的 动力 乘 动力 臂 等 于 阻力 乘 阻力 臂 ， 即 杠\n杆 的 动力 臂 是 阻力 臂 的 几 倍 ， 杠 杆 的 动力 书 就 是 阻力 丈 的 几 分 之 一 。 这 就\n是 杠杆 的 平衡 条 件 。\n例题 ”假如 图 6 一 37 中 的 大 人 重 750N， 小 女孩 重 2530N。 当 大 人 坐 在 与 跷\n跷 板 的 转轴 距离 为 0.5 m 处 ， 小 女孩 应 该 坐 在 哪里 才能 使 跷 跷 板 水 平平 衡 ?\n已 知 ， 阻力 书 =750N， 阻 力 臂 瑟 一 0.5m， 动 力 书 一 250 N。\n求 : 动力 臂 疡 的 大 小 。\n解 : 根据 杠杆 平衡 条 件 书 三 = 已 记 ， 得\nL=""Lrp,=TO0N §sm=15m\n已 250N\n答 : 小 女孩 应 该 坐 在 离 转轴 1.5 m 处 。\n讨论 :\n1. 根据 杠杆 平衡 条 件 ， 比 较 动 力 代 和 阻力 臂 的 长 得， 怎样 的 杠杆 省 力 ? 怎\n样 的 枉 杆 费力 ? 怎样 的 杠杆 既 不 省 力 又 不 费力 ?\n2. 比较 图 6 一 41 中 三 种 剪刀 的 动力 臂 、 阻 力 臂 长短 有 什么 不 同 ” 请 说 明 其\n中 的 道理 。\n(a) 铁皮 剪刀 (b) 理发 剪刀 (ce ) 普通 前 刀\n图 6-41 三 种 剪刀\n26\n=== 第 61 页 ===\n杠杆 的 作用\n而 二\n|\n活动 2 认识 生活 中 的 杠杆 Eee\n生活 和 生产 中 有 许多 不 同形 式 的 杠杆 。\n请 画 出 图 6 一 42 中 各 种 器 具 的 支点 和 力 篆 。 画 力 展 时 要 注意 ， 它 应 该 是 支\n点 到 力 的 作用 线 的 距离 。",2.0,75.8955223880597,沪科技粤教版_八年级_义务教育教科书·物理八年级下册,51,2025-07-21T14:25:05.847Z,2.0,义务教育教科书·物理八年级下册,/Users/LeoQin/Documents/GitHub/PDFconvertor/training_data/初中/物理/沪科技粤教版-上海科学技术出版社、广东教育出版社/八年级/义务教育教科书·物理八年级下册.pdf,八年级,tesseract.js-parallel,unknown,0.7177121771217713,0.6,1,75.8955223880597,true,,,true,true,,unknown,下册,沪科技粤教版_八年级_义务教育教科书·物理八年级下册.json,物理,134,初中_物理_沪科技粤教版_八年级_义务教育教科书·物理八年级下册
沪科技粤教版_八年级_义务教育教科书·物理八年级下册_chunk_20,20,土时 抬起 独轮 车需要用 的力 瑟是 多少 ?9 二 Z ) 4 一位 体重约 为 500 N 的同学在 做仿 人 、 2 卧撑， 如图 6 一 48 所示， 点 4 为重心。 请计算地 面对 他双手的 作用力。 03m s 图 6 47 Fy : _ F 3 h 1.0 0.7 L _ 图 6 48 i 5. 图 6 一 49 是拉杆式 旅行 箱的 受力 示意图。 若箱 重 100 N， 动力 劈是 阻力臂 的 4 倍， 则拉 箱子 时， 坚直 向上 的拉力书 N。 图 6 49 29 人证 外活动 ) 制作一 个小 小垃圾桶 1 找一 个用 过的 饮料杯， 以及 硬纸板 、 铁丝 等材料， 模仿 家用 脚踏 垃圾 1 桶， 用杠杆原理给 饮料杯 加盖子， 使它 变成 一个 小小 垃圾桶。 做好 后在 班， 上展览一 下， 看看 哪位 同学的 作品最 精美 、 最灵活。 : 探究滑轮的 作用在 建筑工地上， 我们 有时 创会 看到 工人借助滑轮把 物料绥 组地 提起来 (图 6 一 50 )。 这些 滑轮的 作用是 什么呢 ? 图 6 50 用滑轮提 物人 (a) (b) 动滑轮和 定滑 轮 3 2 活动 1 用滑轮把 钧码 提起 来 Eee (1) 观察滑轮， 说出 它的 结构。 30 (2) 参照图 6 一 50， 用滑轮 、 细线 、 铁架台等 设计两 种实验方案， 要求 利用 滑轮把 钩码 提起 来， 并在 方框 中画 出实验装置的 示意图。 人 1 1 2 三图 6 51 实验器 材 1 从活动 1 可知， 使用 滑轮工作时， 根据 滑轮 的轴 的位 置是 否移动， 可将 滑,706,0.3022906735953739,low,ocr,土 时 抬 起 独 轮 车 需要 用 的 力 瑟 是 多 少 ?9 二 Z |)\n4 一 位 体重 约 为 500 N 的 同学 在 做 仿 JE 人 、 2 |\n卧 撑 ， 如 图 6 一 48 所 示 ， 点 4 为 重心 。 请\n计算 地 面 对 他 双手 的 作用 力 。 03m s\n图 6-47\nFy :\n_ | F\n¢ 3 h- 1.0 — 0.7 L AR\n_-\n图 6-48\n—i\n5. 图 6 一 49 是 拉杆 式 旅 行 箱 的 受 力 示意\n图 。 若 箱 重 100 N， 动 力 劈 是 阻力 臂 的 4 倍 ，\n则 拉 箱 子 时 ， 坚 直 向 上 的 拉力 书 = N。 图 6-49\n29\n=== 第 64 页 ===\n--------- 人 证 外 活动 )---------\n制作 一 个 小 小 垃圾 桶\n1 找 一 个 用 过 的 饮料 杯 ， 以 及 硬 纸板 、 铁 丝 等 材料 ， 模 仿 家 用 脚 踏 垃圾 1\n| 桶 ， 用 杠杆 原理 给 饮料 杯 加 盖子 ， 使 它 变 成 一 个 小 小 垃圾 桶 。 做 好 后 在 班 |，\n| 上 展览 一 下 ， 看 看 哪 位 同学 的 作品 最 精美 、 最 灵活 。\n: EXR 探究 滑轮 的 作用\n在 建筑 工地 上 ， 我 们 有 时 创\n会 看 到 工人 借助 滑轮 把 物料 绥 |\n组 地 提起 来 (图 6 一 50 ) 。 这 些\n滑轮 的 作用 是 什么 呢 ?\n图 6-50 用 滑轮 提 物 - 人\n(a) (b)\n动 滑轮 和 定 滑 轮\n3\n2\n活动 1 用 滑轮 把 钧 码 提 起 来 Eee\n(1) 观察 滑轮 ， 说 出 它 的 结构 。\n30\n=== 第 65 页 ===\n(2) 参照 图 6 一 50， 用 滑轮 、 细 线 、 铁 架台 等 设计 两 种 实验 方案 ， 要 求 利\n用 滑轮 把 钩 码 提 起 来 ， 并 在 方 框 中 画 出 实验 装置 的 示意 图 。\n[人\n1\n1 | |\n| |\n| |\n| |\n| |\n| |\n| |\n| |\n2 | |\n三\n| |\n图 6-51 实验 器 材 1/\n从 活动 1 可 知 ， 使 用 滑轮 工作 时 ， 根 据 滑 轮 的 轴 的 位 置 是 否 移动 ， 可 将 滑,2.0,75.8955223880597,沪科技粤教版_八年级_义务教育教科书·物理八年级下册,54,2025-07-21T14:25:05.847Z,2.0,义务教育教科书·物理八年级下册,/Users/LeoQin/Documents/GitHub/PDFconvertor/training_data/初中/物理/沪科技粤教版-上海科学技术出版社、广东教育出版社/八年级/义务教育教科书·物理八年级下册.pdf,八年级,tesseract.js-parallel,unknown,0.7268993839835729,0.5,1,75.8955223880597,,true,,true,true,,unknown,下册,沪科技粤教版_八年级_义务教育教科书·物理八年级下册.json,物理,134,初中_物理_沪科技粤教版_八年级_义务教育教科书·物理八年级下册
沪科技粤教版_八年级_义务教育教科书·物理八年级下册_chunk_21,21,"台等 设计两 种实验方案， 要求 利用 滑轮把 钩码 提起 来， 并在 方框 中画 出实验装置的 示意图。 人 1 1 2 三图 6 51 实验器 材 1 从活动 1 可知， 使用 滑轮工作时， 根据 滑轮 的轴 的位 置是 否移动， 可将 滑轮 分成 动滑轮和 定滑轮两 类。 定滑轮的 轴固 定不 动， 动滑轮的 轴与 重物 一起 移动。 探究两 类滑轮的 作用在 活动 1 的两 种实验方案中， 分别 用定 滑轮和 动滑轮提起质量相等的 钩码， 拉力 的大 小是 否相同 ? 滑轮的 轴的 位置， 运动与 否， 可能 会影 月是 woeie 邮轮提起质量相 0 Y 和的 钩码， 所用 的力 了样 吗 ? 二组 na 才呈。 国，， 四为 提起动 衣 2 al 图 6 52 不同的 猜想 31 3G) 过 X4 活动 2 两类 滑轮的 比较 Eee A. 使用 定滑轮有 什么好 处先 用弹 筑测 力计 直接 测出 每一 个钧 码的 重力， 再按 图 6 53 所示 用弹 货测 力计 测量拉力， 改变 钧码 的数量或 拉力的 方向， 比较 每次 拉力和 钩码 重力的 大小 关系。 实验 中， 钩码 的重力不 变时， 沿不 同方向 的拉力大 小相同吗 ? 用 E 二二 ec 各 y z 二 6 3 W 中 Q, 人 ? am 此 (a) (b) 矿图 6 53 探完 定滑轮的 作用从 实验中 可以 得出 结论， 5 使用 定滑轮不， 但可 以改变拉力的 B. 使用 动滑轮有 什么好 处按 图 6 一 54 所示 的方法， 通过 动滑轮来 提起多 办",682,0.36767789992523464,low,ocr,"台 等 设计 两 种 实验 方案 ， 要 求 利\n用 滑轮 把 钩 码 提 起 来 ， 并 在 方 框 中 画 出 实验 装置 的 示意 图 。\n[人\n1\n1 | |\n| |\n| |\n| |\n| |\n| |\n| |\n| |\n2 | |\n三\n| |\n图 6-51 实验 器 材 1/\n从 活动 1 可 知 ， 使 用 滑轮 工作 时 ， 根 据 滑 轮 的 轴 的 位 置 是 否 移动 ， 可 将 滑\n轮 分 成 动 滑轮 和 定 滑轮 两 类 。 定 滑轮 的 轴 固 定 不 动 ， 动 滑轮 的 轴 与 重 物 一 起 移\n动 。\n探究 两 类 滑轮 的 作用\n在 活动 1 的 两 种 实验 方案 中 ， 分 别 用 定 滑轮 和 动 滑轮 提起 质量 相等 的 钩\n码 ， 拉 力 的 大 小 是 否 相同 ?\n滑轮 的 轴 的 位 置 ，\n运动 与 否 ， 可 能 会 影\n月 是 © @ woeie\n邮轮 提起 质量 相 - 0 Y 和\n的 钩 码 ， 所 用 的 力 了\n样 吗 ? 二 组 na 才 呈 |\n。 ” 国 ，， 四 为 提起 动 衣\n2 al\n图 6-52 ”不同 的 猜想\n31\n=== 第 66 页 ===\n3G)\n过 X4\n活动 2 两 类 滑轮 的 比较 Eee\nA. 使 用 定 滑轮 有 什么 好 处\n先 用 弹 筑 测 力 计 直 接 测 出 每 一 个 钧 码 的 重力 ， 再 按 图 6 -53 所 示 用 弹 货 测\n力 计 测量 拉力 ， 改 变 钧 码 的 数量 或 拉力 的 方向 ， 比 较 每 次 拉力 和 钩 码 重力 的 大\n小 关系 。 实 验 中 ， 钩 码 的 重力 不 变 时 ， 沿 不 同方 向 的 拉力 大 小 相同 吗 ?\n用 E  —\n-二 RE 二 ec 各\n/ y z\n二 SS\n|\n6&3 W 中 Q,\n人 ? & <\n& &\n\am € 此\n(a) (b) 矿\n图 6-53” 探 完 定 滑轮 的 作用 “\n从 实验 中 可 以 得 出 结论 ， | 5\n使 用 定 滑轮 不 ， 但 可 以 改变 拉力 的\nB. 使 用 动 滑轮 有 什么 好 处\n按 图 6 一 54 所 示 的 方法 ， 通 过 动 滑轮 来 提起 多 办",2.0,75.8955223880597,沪科技粤教版_八年级_义务教育教科书·物理八年级下册,55,2025-07-21T14:25:05.847Z,2.0,义务教育教科书·物理八年级下册,/Users/LeoQin/Documents/GitHub/PDFconvertor/training_data/初中/物理/沪科技粤教版-上海科学技术出版社、广东教育出版社/八年级/义务教育教科书·物理八年级下册.pdf,八年级,tesseract.js-parallel,unknown,0.7974947807933194,0.5,1,75.8955223880597,,true,,true,true,,physics,下册,沪科技粤教版_八年级_义务教育教科书·物理八年级下册.json,物理,134,初中_物理_沪科技粤教版_八年级_义务教育教科书·物理八年级下册
沪科技粤教版_八年级_义务教育教科书·物理八年级下册_chunk_22,22,"RE 二 ec 各 y z 二 6 3 W 中 Q, 人 ? am 此 (a) (b) 矿图 6 53 探完 定滑轮的 作用从 实验中 可以 得出 结论， 5 使用 定滑轮不， 但可 以改变拉力的 B. 使用 动滑轮有 什么好 处按 图 6 一 54 所示 的方法， 通过 动滑轮来 提起多 办码， 读出 弹货 测力 计的 示数 瑚， 并与 钧码 的重力 G 总相 比较， 可以 得出 什么结论 ? 3 使用 动滑轮可 以， 但不 改变 o 图 6 54 探究动 滑轮的 作用 32 6 2) 8 活动 3 使用 滑轮的 理论分 析 m 滑轮属于杠杆类 机械， 上述 实验 得出 的两 个结论， 可以 用杠杆平衡原理来 进一步论证。 (1) 使用 定滑 轮时， 相当 于一 个等 尼杠 杆 ( 图 6 一 553)， 定滑轮的 轴是 杠杆的 支点， 动力 臂和 阻力臂 都等 于定 滑轮 的半径。 拉力下 与物 重 G 的关系是 : o 当绳 子沿 着倾斜方向通过定 滑轮 拉重 物时 (图 6 一 56)， 还是 一个 等臂 杠杆 吗 ?9 请画 出两 个力 臂。 n : ; 人下 J i ; w E6 55 定滑轮与 杠杆图 6 56 和斜 拉重 物的 分析 (2) 使用 动滑轮时， 同样 可找 出跟 它相 当的 杠杆。 如图 6 一 57 所示， 点 0 为杠杆的 支 F 点， 滑轮 的轴 A 为阻力的 作用点。 提升 重物 吵。 A 时， 如果 两边 绳子平行， 动力 臂为 阻力臂 的 Jr 两信。 当动 滑轮平衡时， 拉力 有与 物重 C 的关系是 : vv oo。 图 6 57 对动 滑轮作用的 分析 滑轮组",715,0.34836044776119396,low,ocr,"RE 二 ec 各\n/ y z\n二 SS\n|\n6&3 W 中 Q,\n人 ? & <\n& &\n\am € 此\n(a) (b) 矿\n图 6-53” 探 完 定 滑轮 的 作用 “\n从 实验 中 可 以 得 出 结论 ， | 5\n使 用 定 滑轮 不 ， 但 可 以 改变 拉力 的\nB. 使 用 动 滑轮 有 什么 好 处\n按 图 6 一 54 所 示 的 方法 ， 通 过 动 滑轮 来 提起 多 办\n码 ， 读 出 弹 货 测 力 计 的 示 数 瑚 ， 并 与 钧 码 的 重力 G 总\n相 比较 ， 可 以 得 出 什么 结论 ? \ 3 <\n使 用 动 滑轮 可 以 ， 但 不 改变\no 图 6-54 探究 动 滑轮 的 作用\n32\n=== 第 67 页 ===\n6\n2) %8\n活动 3 使 用 滑轮 的 理论 分 析 m—\n滑轮 属于 杠杆 类 机 械 ， 上 述 实 验 得 出 的 两 个 结论 ， 可 以 用 杠杆 平衡 原理\n来 进一步 论证 。\n(1) 使 用 定 滑 轮 时 ， 相 当 于 一 个 等 尼 杠 杆 ( 图 6 一 553) ， 定 滑轮 的 轴 是 杠杆\n的 支点 ， 动 力 臂 和 阻力 臂 都 等 于 定 滑 轮 的 半径 。\n拉力 下 与 物 重 G 的 关系 是 : o\n当 绳 子 沿 着 倾斜 方向 通过 定 滑 轮 拉 重 物 时 (图 6 一 56) ， 还 是 一 个 等 臂 杠\n杆 吗 ?9 请 画 出 两 个 力 臂 。\nn : ;\n人\n下 J i\n; w | |\nE6-55 定 滑轮 与 杠杆 图 6-56 ”和 斜 拉 重 物 的 分 析\n(2) 使 用 动 滑轮 时 ， 同 样 可 找 出 跟 它 相\n当 的 杠杆 。 如 图 6 一 57 所 示 ， 点 0 为 杠杆 的 支  | F\n点 ， 滑 轮 的 轴 A 为 阻力 的 作用 点 。 提 升 重 物 吵 。 “A\n时 ， 如 果 两 边 绳子 平行 ， 动 力 臂 为 阻力 臂 的 Jr/\n两 信 。 |\n当 动 滑轮 平衡 时 ， 拉 力 有 与 物 重 C 的 关系\n是 : vv oo。 图 6-57 ”对 动 滑轮 作用 的 分 析\n滑轮 组",2.0,75.8955223880597,沪科技粤教版_八年级_义务教育教科书·物理八年级下册,56,2025-07-21T14:25:05.847Z,2.0,义务教育教科书·物理八年级下册,/Users/LeoQin/Documents/GitHub/PDFconvertor/training_data/初中/物理/沪科技粤教版-上海科学技术出版社、广东教育出版社/八年级/义务教育教科书·物理八年级下册.pdf,八年级,tesseract.js-parallel,unknown,0.7459349593495935,0.5,1,75.8955223880597,,true,,true,true,,physics,下册,沪科技粤教版_八年级_义务教育教科书·物理八年级下册.json,物理,134,初中_物理_沪科技粤教版_八年级_义务教育教科书·物理八年级下册
沪科技粤教版_八年级_义务教育教科书·物理八年级下册_chunk_23,23,"加于 alae 有 2 厅二 了 zd g p2 2 fi . i 和 0 负放 了 4 (X 活 (a) (b) 图 7 1 运动和 静止的 游戏比较图 7 一 1(a) (b)， 请帮 这个 小女孩找 一找，_ 号和 _ 号小 孩运动了 ,而号 和 _ 号小 孩保 持不 动。 你判断的 根据是 什么 9 38 co 六态 必上 面的 游戏中， 1 号和 2 号小 孩运 动了， 因为 区一 他们 相对于 大树 的位 置都 发生 了改变 ;3 号和 4 号小 孩都 保持不 动， 因为 她们 相对于 大树 的位 置没 过站 有改变。 图 7 2 青山 、 白云 、 瀑布 由此 可见， 要判断一 个物体是 否在 运动， 先要 选一 个物体作 和参照， 这个 物体叫做参照物 (reference object)。 如果 一个 物体相对于 参照物 的位 置在 改变， 就可 以说 这个 物体是 运动的 ; 如果这 个物体相对于 参照物 的位 置没有改变， 就可 以说 它是 静止的。 如果 以地 面为 参照物 , 那么 : GD) 图 7 2 中的 青山是 的 , 停留在 山几 之上 的白云也 是的 ; 而瀑布则 是的。 (2) 著名诗句暮色蔡 茫看 劲松 , 乱云 飞渡 仍从 容 , 名中 飞渡 的乱 云 "" 相对于 地面 是的。 运动和 静止是 相对的 坐在 奔驰列车里 的乘客， 若选 车厢 为参 昭物， 他是 静止的， 若选 地面 为参照物， 他却 是运动的。 高山 、 森林 、 房屋 等物体， 若选 地面 为参照物， 它们 都是 静止的， 若选 太阳为 参照物， 这些 物体又 都是 运动的。 由此 可见， 一个 物体是 运动还 是静止， 取决 于所 选的 参照物。 参照 物不",748,0.3652731515601389,low,ocr,"加 — 于 ] ] alae —— \ 有 |\n2 厅 二 了\nzd* g p2\n2 fi . i\n和 0\n| 负 放 了 4 (X 活 »\n(a) (b)\n图 7-1 运动 和 静止 的 游戏\n比较 图 7 一 1(a) (b)， 请 帮 这 个 小 女孩 找 一 找 ，_ 号 和 _ 号 小 孩 运动\n了 ,而 号 和 _ 号 小 孩 保 持 不 动 。 你 判断 的 根据 是 什么 9\n38\n=== 第 74 页 ===\nco\n六 态\n必 / 上 面 的 游戏 中 ， 1 号 和 2 号 小 孩 运 动 了 ， 因 为\nJI 区 一 他 们 相对 于 大 树 的 位 置 都 发 生 了 改变 ;3 号 和 4 号\nED 小 孩 都 保持 不 动 ， 因 为 她 们 相对 于 大 树 的 位 置 没\n过 站 有 改变 。\n图 7-2 青山 、 白 云 、 瀑 布 由 此 可 见 ， 要 判断 一 个 物体 是 否 在 运动 ， 先\n要 选 一 个 物体 作 和 参照， 这 个 物体 叫做 参照 物 (reference object) 。 如 果 一 个 物体\n相对 于 参照 物 的 位 置 在 改变 ， 就 可 以 说 这 个 物体 是 运动 的 ; 如果 这 个 物体 相对 于\n参照 物 的 位 置 没有 改变 ， 就 可 以 说 它 是 静止 的 。\né\n如 果 以 地 面 为 参照 物 , 那么 :\nGD) 图 7-2 中 的 青山 是 的 , 停留 在 山 几 之 上 的 白云 也 是\n的 ; 而 瀑布 则 是 的 。\n(2) 著名 诗句 “暮色 蔡 茫 看 劲松 , 乱 云 飞 渡 仍 从 容 ”, 名 中 “ 飞\n渡 * 的 “ 乱 云 "" 相对 于 地 面 是 的 。\n运动 和 静止 是 相对 的\n坐 在 奔驰 列车 里 的 乘客 ， 若 选 车 厢 为 参 昭 物 ， 他 是 静止 的 ， 若 选 地 面 为\n参照 物 ， 他 却 是 运动 的 。 高 山 、 森 林 、 房 屋 等 物体 ， 若 选 地 面 为 参照 物 ， 它 们\n都 是 静止 的 ， 若 选 太阳 为 参照 物 ， 这 些 物体 又 都 是 运动 的 。\n由 此 可 见 ， 一 个 物体 是 运动 还 是 静止 ， 取 决 于 所 选 的 参照 物 。 参 照 物 不",2.0,75.8955223880597,沪科技粤教版_八年级_义务教育教科书·物理八年级下册,61,2025-07-21T14:25:05.847Z,2.0,义务教育教科书·物理八年级下册,/Users/LeoQin/Documents/GitHub/PDFconvertor/training_data/初中/物理/沪科技粤教版-上海科学技术出版社、广东教育出版社/八年级/义务教育教科书·物理八年级下册.pdf,八年级,tesseract.js-parallel,unknown,0.77882797731569,0.5,1,75.8955223880597,true,,,true,,,physics,下册,沪科技粤教版_八年级_义务教育教科书·物理八年级下册.json,物理,134,初中_物理_沪科技粤教版_八年级_义务教育教科书·物理八年级下册
沪科技粤教版_八年级_义务教育教科书·物理八年级下册_chunk_24,24,"观众与 人判 比较 快慢 的方法一 (b) 样吗 ? 为什么 ? 图 7 13， 谁游 得快 在活动 1 中， 观众 与裁判判断运动员 游泳快慢所 用的 方法是 不同 的。 观众 看谁 游在 前面， 是用 相同时 间比 路程 的方法 ; 裁判看 谁先 到达 终点， 是用 相同路 程比 时间 的方法。 如果 两个 运动物体通过的 路程 和所 用的 时间 都不 相同， 怎样 比较它们运动的 快慢呢 ? 只要 将路 程和 时间 相除， 算出 它们在 单位时 间内 通过的 路程， 就可 以比较它们运动的 快慢了。 请你 比较图 7 一 14 中汽车和 飞机运动的 快慢。 大要 元 8 saaas as Re (a) 汽车在 120 s 内行驶 3 600 m (b) 飞机在 2 s 内飞行 1000 m 图 7 14 汽车 、 飞机 运动快慢比较 43 这里 比较物体运动快慢所 用的 方法类 似于 上述 观众 所用 的方法， 即单位时 间比 路程。 根据 这样 比较物体运动快慢的 方法， 可以 引进一 个重要的 物理量 一一 速度。 速度及 其计算公式物理学 中， 把物体通过的 路程 与通过这 段路 程所 用时 间的 比， 叫做 速度 (velocity )。 ) EE ( ) 若用 字母表示速度，s 表示 路程， 表示 时间， 则上 面的 公式可 写成 ll ) 1 一 ) 速度的 单位是 由长 度单位和 时间 单位组 合而 成的。 在国际单位制 中， 速度 的单位是 米秒， 读作 米每 秒， 符号 是 m s 或 ms。 例如 ,汽车在 1s 内通过 10 m， 速度 就记 作 10 my1s ; 飞机在 1 s 内飞 ER",722,0.3675629704445399,low,ocr,"观众 与 人\n判 比 较 快 慢 的 方法 一 (b)\n样 吗 ? 为 什么 ? 图 7-13 ， 谁 游 得 快\n在 活动 1 中 ， 观 众 与 裁判 判断 运动 员 游泳 快慢 所 用 的 方法 是 不 同 的 。 观 众\n看 谁 游 在 前 面 ， 是 用 “相同 时 间 比 路 程 ”的 方法 ; 裁判 看 谁 先 到 达 终点 ， 是 用\n“相同 路 程 比 时 间 ” 的 方法 。\n如 果 两 个 运动 物体 通过 的 路 程 和 所 用 的 时 间 都 不 相同 ， 怎 样 比较 它们 运动\n的 快慢 呢 ? 只 要 将 路 程 和 时 间 相 除 ， 算 出 它们 在 单位 时 间 内 通过 的 路 程 ， 就 可\n以 比较 它们 运动 的 快慢 了 。\n请 你 比较 图 7 一 14 中 汽车 和 飞机 运动 的 快慢 。\n大\n要 元 8 »\n- — <-\nsaaas -\nas SS\nRe\n(a) 汽车 在 120 s 内 行驶 3 600 m (b) 飞机 在 2 s 内 飞行 1000 m\n图 7-14 汽车 、 飞 机 运动 快慢 比较\n43\n=== 第 79 页 ===\n这 里 比较 物体 运动 快慢 所 用 的 方法 类 似 于 上 述 观 众 所 用 的 方法 ， 即 “单位\n时 间 比 路 程 ” 。 根 据 这 样 比较 物体 运动 快慢 的 方法 ， 可 以 引进 一 个 重要 的 物理\n量 一 一 速度 。\n速度 及 其 计算 公式\n物理 学 中 ， 把 物体 通过 的 路 程 与 通过 这 段 路 程 所 用 时 间 的 比 ， 叫 做 速\n度 (velocity ) 。 )\nEE=——\n( )\n若 用 字母 表示 速度 ，s 表 示 路 程 ，+ 表 示 时 间 ， 则 上 面 的 公式 可 写成\nll )\n1 一\n)\n速度 的 单位 是 由 长 度 单位 和 时 间 单位 组 合 而 成 的 。 在 国际 单位 制 中 ， 速 度\n的 单位 是 米 / 秒 ， 读 作 “ 米 每 秒 ” ， 符 号 是 m/s 或 ms  。 例 如 ,汽车 在 1s 内\n通过 10 m， 速 度 就 记 作 “10 my1s” ; 飞机 在 1 s 内 飞 ER",2.0,75.8955223880597,沪科技粤教版_八年级_义务教育教科书·物理八年级下册,66,2025-07-21T14:25:05.847Z,2.0,义务教育教科书·物理八年级下册,/Users/LeoQin/Documents/GitHub/PDFconvertor/training_data/初中/物理/沪科技粤教版-上海科学技术出版社、广东教育出版社/八年级/义务教育教科书·物理八年级下册.pdf,八年级,tesseract.js-parallel,unknown,0.7673076923076924,0.5,1,75.8955223880597,,,,true,true,,physics,下册,沪科技粤教版_八年级_义务教育教科书·物理八年级下册.json,物理,134,初中_物理_沪科技粤教版_八年级_义务教育教科书·物理八年级下册
沪科技粤教版_八年级_义务教育教科书·物理八年级下册_chunk_25,25,o )3 Wi am 二过度表 一二 A B (a) (b) 图 7 22 48 5. 2010 年 5 月底， 创造 世界 过江 隧道 之最 的 2 南京长 江隧 道建 记通 车。 坐在 匀这 行驶汽车上 的 AN 一位 乘客， 为估 测隧道的 长度， 在进 、 出隧道品 如 L 人时， 分别 看了 一下 手表， 如图 7 23 (a)(b) 所 Nloi oo 示。 如果 汽车通过隧道时 的速度是 20 ms， 那和 车昌 这和 隧道长 约为 km。 请查阅南京长 江隧道本 本实际长 度， 判断 该乘客的 估测 是否 正确。 国 7_29 6. 人快 步行走时的 速度大 约是 2 m s， 汽车 在一 般道路上 的行驶速度大 约是 10 m s。 人要 安全横 穿 16 m 宽的 道路， 并且 要求 预留 10 s 的安全时 间， 至少 要离 行驶过 来的 汽车多 远， 才能 保证安全请 与同学一 起查阅有 关交 通规则， 并讨论横 穿道路的 安全问题。 本 ) 1 找一 只小 昆豆 ( 如蚂蚁 )， 放在 坐标纸 上， 观察 并记录昆虫的 运动轨 ! 迹。 请设计一 个实验进行探 完， 粗略 测量 这种 昆虫的 运动速度。 要提醒你 的是 : 不要 伤害昆 由， 还要 注意自己的 安全。 探究物体不 受力 时怎样运动两 千多 年前， 古希腊思想家 、 哲学 家亚 里士 多德 (Aristotle， 前 384 一前 322 ) 断言要 使一 个静止的 物体运动起 来， 就必须对 它用 力， 用力 使物 体运动起 来后 停止用 力， 物体 归于静止。 于是， 他声称 : 运动者 氏被 扒动。 当推 一个 物体的 力不 再推 它时， 原来 运动的 物体便 归于静止。,746,0.35542863075924713,low,ocr,o {)3 Wi > am >|\n二\n过度 表 一 CO 二\nA B\n(a) (b)\n图 7-22\n48\n=== 第 85 页 ===\n5. 2010 年 5 月 底 ， 创 造 世 界 过 江 隧 道 之 最 的 2\n南京 长 江 隧 道 建 记 通 车 。 坐 在 匀 这 行驶 汽车 上 的 RN AN\n一 位 乘客 ， 为 估 测 隧道 的 长 度 ， 在 进 、 出 隧道 品 如 L 人\n时 ， 分 别 看 了 一 下 手表 ， 如 图 7-23 (a)(b) 所 Nloi oo\n示 。 如 果 汽车 通过 隧道 时 的 速度 是 20 ms， 那 和 车 昌 这 和\n隧道 长 约 为 km。 请 查阅 南京 长 江 隧道 本 本\n实际 长 度 ， 判 断 该 乘客 的 估 测 是 否 正确 。 国 7_29\n6. 人 快 步行 走时 的 速度 大 约 是 2 m/s， 汽 车 在\n一 般 道路 上 的 行驶 速度 大 约 是 10 m/s。 人 要 安全 横 穿 16 m 宽 的 道路 ， 并 且 要 求\n预 留 10 s 的 安全 时 间 ， 至 少 要 离 行驶 过 来 的 汽车 多 远 ， 才 能 保证 安全\n请 与 同学 一 起 查阅 有 关 交 通 规则 ， 并 讨论 横 穿 道路 的 安全 问题 。\n本 ) ---------\n1 找 一 只 小 昆 豆 ( 如 蚂蚁 ) ， 放 在 坐标 纸 上 ， 观 察 并 记录 昆虫 的 运动 轨 !\n| 迹 。 请 设计 一 个 实验 进行 探 完 ， 粗 略 测 量 这 种 昆虫 的 运动 速度 。 要 提醒 你 |\n| 的 是 : 不 要 伤害 昆 由 ， 还 要 注意 自己 的 安全 。\n探究 物体 不 受 力 时 怎样 运动\n两 千 多 年 前 ， 古 希腊 思想 家 、 哲 学 家 亚 里 士 多 德 (Aristotle， 前 384 一\n前 322 ) 断言 要 使 一 个 静止 的 物体 运动 起 来 ， 就 必须 对 它 用 力 ， 用 力 使 物\n体 运动 起 来 后 停止 用 力 ， 物 体 归于 静止 。 于 是 ， 他 声称 : “运动 者 氏 被 扒\n动 。”“ 当 推 一 个 物体 的 力 不 再 推 它 时 ， 原 来 运动 的 物体 便 归于 静止 。,2.0,75.8955223880597,沪科技粤教版_八年级_义务教育教科书·物理八年级下册,72,2025-07-21T14:25:05.847Z,2.0,义务教育教科书·物理八年级下册,/Users/LeoQin/Documents/GitHub/PDFconvertor/training_data/初中/物理/沪科技粤教版-上海科学技术出版社、广东教育出版社/八年级/义务教育教科书·物理八年级下册.pdf,八年级,tesseract.js-parallel,unknown,0.7546468401486989,0.6,1,75.8955223880597,,true,,true,,,physics,下册,沪科技粤教版_八年级_义务教育教科书·物理八年级下册.json,物理,134,初中_物理_沪科技粤教版_八年级_义务教育教科书·物理八年级下册
沪科技粤教版_八年级_义务教育教科书·物理八年级下册_chunk_26,26,"亚里 士多 德 (Aristotle， 前 384 一前 322 ) 断言要 使一 个静止的 物体运动起 来， 就必须对 它用 力， 用力 使物 体运动起 来后 停止用 力， 物体 归于静止。 于是， 他声称 : 运动者 氏被 扒动。 当推 一个 物体的 力不 再推 它时， 原来 运动的 物体便 归于静止。 探究运动和 力的 关系关于运动和 力的 关系， 你同意亚 里士 多德 的观点吗 物体 的运动一 定需要 49 力来 维持吗 ? Kg We s frmns 有时 需要用 pi 人不 推不 动， 如骑 自有 时不 需要用 力。 人 ss wull 明运动不 一定 Nala wy ; No 图 7 24 不同 观点的 争论究竟哪 一位 同学的 说法 对呢 ? 这需要用 实验来 验证。 2 式白 活动 1 探究运动和 力的 关系 ee 在地 球上， 完全 不受 力的 物体是 没有的。 但是， 可以 设法使 一个 运动着 的物体， 在运动方向上 受到的 力逐 步减 小 ,考察它 的运动情况， 再进一步推 想它 不受 力时 的运动情况。 种币 17 计划根据上 述思 路， 同学 们经 过讨论交流， 制订 了计划。 实验 装置 如图 7 一 25 所示， 分别 将小 车放 在斜面的 同一高 度， 让其 自行滑 下， 并沿 着粗糙程度不 同的 水平 表面和 运动， 观察小 车在 不同 表面上 运动的 距离。 (1) 如图 7 一 25(a) 所示， 让小 车从 针面 某一 高度 处运动到 用人 毛巾铺 雪的 水平 木板 上， 观测 它 eeEEEEEEEE 运动的 距离。 (a) 水平 木板上 铺毛 由 (2) 如图 7 25 (b) 所示， 让小 车从 斜面同一高 度处 运动到 用",749,0.3676247112264763,low,ocr,"亚 里 士 多 德 (Aristotle， 前 384 一\n前 322 ) 断言 要 使 一 个 静止 的 物体 运动 起 来 ， 就 必须 对 它 用 力 ， 用 力 使 物\n体 运动 起 来 后 停止 用 力 ， 物 体 归于 静止 。 于 是 ， 他 声称 : “运动 者 氏 被 扒\n动 。”“ 当 推 一 个 物体 的 力 不 再 推 它 时 ， 原 来 运动 的 物体 便 归于 静止 。\n探究 运动 和 力 的 关系\n关于 运动 和 力 的 关系 ， 你 同意 亚 里 士 多 德 的 观点 吗 ” 物 体 的 运动 一 定 需要\n49\n=== 第 86 页 ===\n力 来 维持 吗 ?\nKg\nWe IT\n@ s frmns = 有 时 需要 用 pi§ 人\n“不 推 不 动 ”， 如 骑 自 有 时 不 需要 用 力 。 | CA 人\nss wull | 明 运动 不 一 定\nNala wy ; No\n图 7-24 ”不 同 观点 的 争论\n究竟 哪 一 位 同学 的 说 法 对 呢 ? 这 需要 用 实验 来 验证 。\n<\n2 式 白\n活动 1 探究 运动 和 力 的 关系 ee\n在 地 球 上 ， 完 全 不 受 力 的 物体 是 没有 的 。 但 是 ， 可 以 设法 使 一 个 运动 着\n的 物体 ， 在 运动 方向 上 受到 的 力 逐 步 减 小 ,考察 它 的 运动 情况 ， 再 进一步 推 想\n它 不 受 力 时 的 运动 情况 。\n种 币 17 计划\n根据 上 述 思 路 ， 同 学 们 经 过 讨论 交流 ， 制 订 了 计划 。 实 验 装 置 如 图 7 一 25 所 示 ，\n分 别 将 小 车 放 在 斜面 的 同一 高 度 ， 让 其 自行 滑 下 ， 并 沿 着 粗糙 程度 不 同 的 水 平 表面\n和 运动， 观察 小 车 在 不 同 表面 上 运动 的 距离 。\n(1) 如 图 7 一 25(a) 所 示 ， 让\n小 车 从 针 面 某 一 高 度 处 运动 到 用 人\n毛巾 铺 雪 的 水 平 木 板 上 ， 观 测 它 “eeEEEEEEEE\n运动 的 距离 。 (a) 水 平 木板 上 铺 毛 由\n(2) 如 图 7--25 (b) 所 示 ， 让\n小 车 从 斜面 同一 高 度 处 运动 到 用",2.0,75.8955223880597,沪科技粤教版_八年级_义务教育教科书·物理八年级下册,73,2025-07-21T14:25:05.847Z,2.0,义务教育教科书·物理八年级下册,/Users/LeoQin/Documents/GitHub/PDFconvertor/training_data/初中/物理/沪科技粤教版-上海科学技术出版社、广东教育出版社/八年级/义务教育教科书·物理八年级下册.pdf,八年级,tesseract.js-parallel,unknown,0.7720588235294118,0.6,1,75.8955223880597,,true,,true,true,,physics,下册,沪科技粤教版_八年级_义务教育教科书·物理八年级下册.json,物理,134,初中_物理_沪科技粤教版_八年级_义务教育教科书·物理八年级下册
沪科技粤教版_八年级_义务教育教科书·物理八年级下册_chunk_27,27,"察小 车在 不同 表面上 运动的 距离。 (1) 如图 7 一 25(a) 所示， 让小 车从 针面 某一 高度 处运动到 用人 毛巾铺 雪的 水平 木板 上， 观测 它 eeEEEEEEEE 运动的 距离。 (a) 水平 木板上 铺毛 由 (2) 如图 7 25 (b) 所示， 让小 车从 斜面同一高 度处 运动到 用所 术铺 焊的 水平 术煌 上， 观测它 二一 运动的 距离。 (b ) 水平 木板上 铺纸 板小 车从 斜面同一高 度处 运动到 用人 玻璃板 铺垫的 水平 木板上， 观测 (Ce) 水平 木板上 销玻 玉它 运动 的距离。 图 7 25 小车 在不 同水 平面上 的运动 50 GKEIEHE 根据上 述步 骤进 行实验， 把小 车在 水平 轨道上 运动时 受到的 摩擦力 情况和 运动距离车 入下 表中。 _ 小车 受到摩擦力 的大 小小 车运动的 距离 ( 选填 大 "" 较小 或最 小 "") ( 选境 短 "" 较长 或很 长 "") 分析 比较 上述 实验结果之 后， 四 2 光水 平面越 光滑， 小车 受到的 靡 ;。。 实际上， 完全 没有摩 控是 做不 到的。 擦力 越， 小车 的这 度减 小这 里， 设起 完全没有摩 是一 种理 起化 的得 越，、，、，， 小车 运动的 距离就 和人 越假如水 平面对 小车 完 ee， 是科学准 理的 一种 重要方 全没有摩擦， 小车 将站 上面 进行科学探究的 思路， 同 17 世纪 意大 利著名物理学 家伽利略的 研究相似。 伽利 略在 实验的 基础上， 经过 推理后 认为 : 物体的 运动并 不需要力 来维 持。 运动 的物体会 停下 来， 是因为它 受到 了摩擦阻力。",729,0.41030170886243733,medium-low,ocr,"察 小 车 在 不 同 表面 上 运动 的 距离 。\n(1) 如 图 7 一 25(a) 所 示 ， 让\n小 车 从 针 面 某 一 高 度 处 运动 到 用 人\n毛巾 铺 雪 的 水 平 木 板 上 ， 观 测 它 “eeEEEEEEEE\n运动 的 距离 。 (a) 水 平 木板 上 铺 毛 由\n(2) 如 图 7--25 (b) 所 示 ， 让\n小 车 从 斜面 同一 高 度 处 运动 到 用\n所 术 铺 焊 的 水 平 术 煌 上， 观测 它 “二 一\n运动 的 距离 。 (b ) 水 平 木板 上 铺 纸 板\n小 车 从 斜面 同一 高 度 处 运动 到 用 | 人\n玻璃 板 铺垫 的 水 平 木板 上 ， 观 测 (Ce) 水 平 木板 上 销 玻 玉\n它 运 动 的 距离 。 图 7-25 “小 车 在 不 同 水 平面 上 的 运动\n50\n=== 第 87 页 ===\nQIHTER GKEIEHE\n根据 上 述 步 骤 进 行 实验 ， 把 小 车 在 水 平 轨道 上 运动 时 受到 的 摩擦 力 情况\n和 运动 距离 车 入 下 表 中 。\n—_- 小 车 受到 摩擦 力 的 大 小 小 车 运动 的 距离\n( 选 填 “大 ""“ 较 小 ”或 “最 小 "") | ( 选 境 “ 短 ""“ 较 长 ”或 “很 长 "")\n分 析 比 较 上 述 实验 结果 之 后 ，\n四 2 光\n水 平面 越 光滑 ， 小 车 受到 的 靡 “; 。 。 实际 上 ， 完 全 没有 摩 控 是 做 不 到 的 。\n擦 力 越 ， 小 车 的 这 度 减 小 “# 这 里 ， 设 起 完全 没有 摩 是 一 种 理 起 化 的\n得 越 “，、，、，， 小 车 运动 的 距离 就 和 人\n越 “假如 水 平面 对 小 车 完 ee ， 是 科学 准 理 的 一 种 重要 方\n全 没有 摩擦 ， 小 车 将 站\n上 面 进行 科学 探究 的 思路 ， 同 17 世 纪 意 大 利 著名 物理 学 家 伽利略 的 研究\n相似 。 伽 利 略 在 实验 的 基础 上 ， 经 过 推理 后 认为 : 物体 的 运动 并 不 需要 力 来 维\n持 。 运 动 的 物体 会 停 下 来 ， 是 因为 它 受 到 了 摩擦 阻力 。",2.0,75.8955223880597,沪科技粤教版_八年级_义务教育教科书·物理八年级下册,74,2025-07-21T14:25:05.847Z,2.0,义务教育教科书·物理八年级下册,/Users/LeoQin/Documents/GitHub/PDFconvertor/training_data/初中/物理/沪科技粤教版-上海科学技术出版社、广东教育出版社/八年级/义务教育教科书·物理八年级下册.pdf,八年级,tesseract.js-parallel,unknown,0.8110687022900763,0.6,1,75.8955223880597,,true,,true,,,physics,下册,沪科技粤教版_八年级_义务教育教科书·物理八年级下册.json,物理,134,初中_物理_沪科技粤教版_八年级_义务教育教科书·物理八年级下册
沪科技粤教版_八年级_义务教育教科书·物理八年级下册_chunk_28,28,ee， 是科学准 理的 一种 重要方 全没有摩擦， 小车 将站 上面 进行科学探究的 思路， 同 17 世纪 意大 利著名物理学 家伽利略的 研究相似。 伽利 略在 实验的 基础上， 经过 推理后 认为 : 物体的 运动并 不需要力 来维 持。 运动 的物体会 停下 来， 是因为它 受到 了摩擦阻力。 后来， 英国科学家 牛顿总 结了 前人 的研究成 果， 进一 步推理 、 概括 出下 面的 结论 : 一切 物体 在没有受到外 力作用 的时 候， 总保持匀速直线运动状态或 静止状态。 这就 是著名的 牛顿第 一定律 (Newton's first law of motion )。 牛顿 是在 他写 的 《自然哲学的 数学原理 》( 图 7 一 (和 26) 一书 中首先发 表这 一定律的。 2 全牛顿第 一定律表明， 力不 是维持物体运 2 动的 原因。 一切 物体如 果不 受外 力， 都能 保持 匀速 直线 运动 状态 或静止状态不 变， 这彻 底和 否定了 亚里 士多 德以 来流传了 两千 多年 的错误观点。 图 7 26 《自然哲学的 数学原理 》 51 牛顿第 一定律指出， 不受 力时， 原来 静止的 物体将 保持静止， 原来 运动的 物体将 保持匀速直线运动状态不 变。 物理学中， 把物体保持静止或 匀速直线运 动状态的 性质 叫做 惯性 (inertia )。 因此， 和牛顿第 一定律又 叫做惯性定律。 而二 2) 坟和 活动 2 做两 个惯性小 实验 In A. 在玻璃杯 上放 一张 塑料 片， 塑料 片上放 一枚 硬币， 然后 用手指把 塑料片 迅速 弹出去 (图 7 一 27)。 塑料 片被 弹出去 时， 硬币 也会 一起 飞出 去吗 ? 为什么 9,746,0.47344532285938723,medium-low,ocr,ee ， 是 科学 准 理 的 一 种 重要 方\n全 没有 摩擦 ， 小 车 将 站\n上 面 进行 科学 探究 的 思路 ， 同 17 世 纪 意 大 利 著名 物理 学 家 伽利略 的 研究\n相似 。 伽 利 略 在 实验 的 基础 上 ， 经 过 推理 后 认为 : 物体 的 运动 并 不 需要 力 来 维\n持 。 运 动 的 物体 会 停 下 来 ， 是 因为 它 受 到 了 摩擦 阻力 。\n后 来 ， 英国 科学 家 牛顿 总 结 了 前 人 的 研究 成 果 ， 进 一 步 推理 、 概 括 出 下\n面 的 结论 : 一 切 物 体 在 没有 受到 外 力作 用 的 时 候 ， 总 保持 匀速 直线 运动 状态\n或 静止 状态 。 这 就 是 著名 的 牛顿 第 一 定律 (Newton's first law of motion ) 。 牛\n顿 是 在 他 写 的 《自然 哲学 的 数学 原理 》( 图 7 一 (和\n26) 一 书 中 首先 发 表 这 一 定律 的 。 < 2 全\n牛顿 第 一 定律 表明 ， 力 不 是 维持 物体 运 2\n动 的 原因 。 一 切 物体 如 果 不 受 外 力 ， 都 能 保\n持 匀 速 直 线 运 动 状 态 或 静止 状态 不 变 ， 这 彻 AS\n底 和 否定 了 亚 里 士 多 德 以 来 流传 了 两 千 多 年 的\n错误 观点 。 图 7-26 《自然 哲学 的 数学 原理 》\n51\n=== 第 88 页 ===\n牛顿 第 一 定律 指出 ， 不 受 力 时 ， 原 来 静止 的 物体 将 保持 静止 ， 原 来 运动 的\n物体 将 保持 匀速 直线 运动 状态 不 变 。 物 理学 中 ， 把 物体 保持 静止 或 匀速 直线 运\n动 状态 的 性 质 叫 做 惯性 (inertia ) 。 因 此 ， 和 牛顿 第 一 定律 又 叫做 惯性 定律 。\n而 二\n2) 坟 和\n活动 2 做 两 个 惯性 小 实验 In\nA. 在 玻璃 杯 上 放 一 张 塑 料 片 ， 塑 料 片上 放 一 枚 硬币 ， 然 后 用 手指 把 塑料 片 迅\n速 弹出 去 (图 7 一 27) 。 塑 料 片 被 弹出 去 时 ， 硬 币 也 会 一 起 飞 出 去 吗 ? 为 什么 9,2.0,75.8955223880597,沪科技粤教版_八年级_义务教育教科书·物理八年级下册,75,2025-07-21T14:25:05.847Z,2.0,义务教育教科书·物理八年级下册,/Users/LeoQin/Documents/GitHub/PDFconvertor/training_data/初中/物理/沪科技粤教版-上海科学技术出版社、广东教育出版社/八年级/义务教育教科书·物理八年级下册.pdf,八年级,tesseract.js-parallel,unknown,0.8129496402877698,0.6,1,75.8955223880597,true,true,,true,true,,physics,下册,沪科技粤教版_八年级_义务教育教科书·物理八年级下册.json,物理,134,初中_物理_沪科技粤教版_八年级_义务教育教科书·物理八年级下册
沪科技粤教版_八年级_义务教育教科书·物理八年级下册_chunk_29,29,"其用， 5 E 2，， SS 一二 这和 芭二 四 1. 爱因 斯坦 说 : 伽利 略的 发现 以及 他所 应用 的科学推理方法是 人类 思想史上最 伟大的 成就 之一， 而且 标志着 物理学 的真正开端。 学完 本节 后， 你对 理想实验这 种研究方法有 什么体会 ? 2. 如图 7 一 34 所示， 跳水 运动员 跳离 二跳板后， 在空中仍 能向 上运动， 是因为好 5 3. 锤头 松了， 把狂 柄的 一端 在物体 vt 上撞击几 下， 就能 使狂 头紧 紧地 套在 锤上 (图 7 35)。 这是 利用的 一个 _ 实例。 撞击 时， 锤柄 突然停止运动， 一起 个向 下运动的 锤头 由于， 仍然 _ y 4. 你能 解释下 面的 现象吗 ? 图 7 34 图 7 35 (1) 跳远运动员 在起 跳前， 为什么要 助跑 ? (2) 发射 卫星时， 为什么要 顺着 地球 自转的 方向发 射运载火箭 ? 你还 能举 出哪些事例说 明惯性与 我们 日常生活 的紧密联系呢 ? 5. 把一 各硬 币放 在桌面上， 用一 把薄 塑料 尺由 着桌面迅速击 打底 部的 硬币 (图 7 一 36)， 观察 硬币 0 的运动情况， 并说 明其 中的 道理。 :多 6. 坐在 小汽车前 排的 司机和 乘客都 应系 上安全带， 这主要是 为了 减轻下 列哪 一种 情况出 现时对 人 ee 网带 来的 危害 ? (。 ) jo A. 车速 太快 B. 车速 太慢 y. C. 紧急刹车 D. 突然起 动 7. 下列警示语 中， 跟惯性无 关的 是 ( )。 图 7 36 A. 汽车后 窗上 贴的 保持车 距 "" B. 公路旁 的雨天路 滑， 减速 慢行 标志外 C. 交通规则上 的行车时 系好 安全带 """,753,0.39338875164811976,low,ocr,"其 用 ， 5 E 2 ， ， NS SS\n一 二 这 和 芭 二\n=== 第 92 页 ===\n四\n1. 爱 因 斯 坦 说 :“ 伽 利 略 的 发 现 以 及 他 所 应 用 的 科学 推理 方法 是 人 类 思想\n史上 最 伟大 的 成 就 之 一 ， 而 且 标志 着 物理 学 的 真正 开端 。” 学 完 本 节 后 ， 你 对\n“理想 实验 ”这 种 研究 方法 有 什么 体会 ?\n2. 如 图 7 一 34 所 示 ， 跳 水 运动 员 跳 离 二\n跳板 后 ， 在 空中 仍 能 向 上 运动 ， 是 因为 好 5\n3. 锤 头 松 了 ， 把 狂 柄 的 一 端 在 物体 vt\n上 撞击 几 下 ， 就 能 使 狂 头 紧 紧 地 套 在 锤\n上 (图 7-35) 。 这 是 利用 的 一 个 _\n实例 。 撞 击 时 ， 锤 柄 突然 停止 运动 ， 一 起 个\n向 下 运动 的 锤 头 由 于 ， 仍 然 _ AAS\n——y |\n4. 你 能 解释 下 面 的 现象 吗 ? 图 7-34 图 7-35\n(1) 跳远 运动 员 在 起 跳 前 ， 为 什么 要\n助跑 ?\n(2) 发 射 卫星 时 ， 为 什么 要 顺 着 地 球 自转 的 方向 发 射 运载 火箭 ?\n你 还 能 举 出 哪些 事例 说 明 惯性 与 我 们 日 常生 活 的 紧密 联系 呢 ?\n5. 把 一 各 硬 币 放 在 桌面 上 ， 用 一 把 薄 塑 料 尺 由\n着 桌面 迅速 击 打 底 部 的 硬币 (图 7 一 36) ， 观 察 硬币 0\n的 运动 情况 ， 并 说 明 其 中 的 道理 。 :多\n6. 坐 在 小 汽车 前 排 的 司机 和 乘客 都 应 系 上 安全\n带 ， 这 主要 是 为 了 减轻 下 列 哪 一 种 情况 出 现时 对 人 ee 网\n带 来 的 危害 ? ( 。 ) jo\nA. 车 速 太 快 B. 车 速 太 慢 y.\nC. 紧急 刹车 D. 突然 起 动 £\n7. 下列 警示 语 中 ， 跟 惯性 无 关 的 是 (  ) 。 图 7-36\nA. 汽车 后 窗 上 贴 的 “保持 车 距 ""\nB. 公路 旁 的 “雨天 路 滑 ， 减 速 慢 行 ”标志 外\nC. 交通 规则 上 的 “行车 时 系 好 安全 带 """,2.0,75.8955223880597,沪科技粤教版_八年级_义务教育教科书·物理八年级下册,79,2025-07-21T14:25:05.847Z,2.0,义务教育教科书·物理八年级下册,/Users/LeoQin/Documents/GitHub/PDFconvertor/training_data/初中/物理/沪科技粤教版-上海科学技术出版社、广东教育出版社/八年级/义务教育教科书·物理八年级下册.pdf,八年级,tesseract.js-parallel,unknown,0.7850467289719626,0.6,1,75.8955223880597,,true,,true,true,,physics,下册,沪科技粤教版_八年级_义务教育教科书·物理八年级下册.json,物理,134,初中_物理_沪科技粤教版_八年级_义务教育教科书·物理八年级下册
沪科技粤教版_八年级_义务教育教科书·物理八年级下册_chunk_30,30,"动状态不 变的 器本 二例子很 多。 例如， 雨泣 将要 落到 地面 时是 匀速下 落的， 此时 重力和 空气阻力相互平衡 ; 在平 直公 路上 行驶的 汽车要 保持匀速运动， 就必须国生在 全全 天村 使发 动机的 牵引力 与阻力 (地面 、 空气 对它 的阻力 ) 相互平衡 (图 7 一 40)。 在图 6 一 33 测量 水平 运动物体所 受的 滑动摩擦力 的实验时， 曾指出拉力与 摩擦力 的大 小相等， 现在 我们 知道拉力与 摩擦力 就是 一对 平衡力。 非平 衡力 和物体运动状态的 变化汪汪我 们已 经知道， 物体 不受 力或 受平衡力作用 时， 总保持静止或 做匀速直线运动。 那么 ,物体受到的 外力 不满 足平衡的 条件 时， 它将 怎样运动呢 ? 9363 2) 这活动 3 观察物体受 非平衡力作用 时怎样运动 A. 如图 7 一 41 所示， 小车 停放在 光消 水平 桌面上， 当在 旨中 放一 个硅 码时， 小车 在绳子拉力作用下， 将由 静止变 为， 并且 其运动的 速度越 来越。。 B 如图 7 一 42 所示， 让一 个小 球从 斜面图 7 41 小车 运动状态的 变化上 某一 高度 处滚 到纸板铺垫的 水平面上， 在摩擦力 的作用下， 小球 的运动状态将 怎 SR 样变化 ? C. 将一 小球 沿斜 上方 抛到 空中， 观察 图 7 42 小球 运动状态的 变化其 运动情况。 由于 受到重力的 作用， 小球 在空中的 运动路 径 ( 图 7 一 43) 是怎样的 ? 全一 和它 的运动状态是 否改 变 ? se Ye 图 7 43， 抛体 运动状态的 改变 58 活动 3 中的 事例表明， 物体 受非 平衡力作用 时， 其运动状态是 变化的。 有",750,0.41665177140612725,medium-low,ocr,"动 状态 不 变 的 器 本 二\n例子 很 多 。 例 如 ， 雨 泣 将 要 落 到 地 面 时 是 匀速\n下 落 的 ， 此 时 重力 和 空气 阻力 相互 平衡 ; 在 平 SS\n直 公 路 上 行驶 的 汽车 要 保持 匀速 运动 ， 就 必须 国生 在 全 全 天 村\n使 发 动机 的 牵引 力 与 阻力 (地面 、 空 气 对 它 的 阻力 ) 相互 平衡 (图 7 一 40) 。 在\n图 6 一 33 测 量 水 平 运动 物体 所 受 的 滑动 摩擦 力 的 实验 时 ， 曾 指出 拉力 与 摩擦 力\n的 大 小 相等 ， 现 在 我 们 知道 拉力 与 摩擦 力 就 是 一 对 平衡 力 。\n非 平 衡 力 和 物体 运动 状态 的 变化 汪汪\n我 们 已 经 知道 ， 物 体 不 受 力 或 受 平衡 力作 用 时 ， 总 保持 静止 或 做 匀速 直线\n运动 。 那 么 ,物体 受到 的 外 力 不 满 足 平衡 的 条 件 时 ， 它 将 怎样 运动 呢 ?\n9363\n2) 这\n活动 3 观察 物体 受 非 平衡 力作 用 时 怎样 运动 ES\nA. 如 图 7 一 41 所 示 ， 小 车 停放 在 光 消\n水 平 桌面 上 ， 当 在 旨 中 放 一 个 硅 码 时 ， 小 车\n在 绳子 拉力 作用 下 ， 将 由 静止 变 为 ，\n并 且 其 运动 的 速度 越 来 越 。  。\nB 如 图 7 一 42 所 示 ， 让 一 个 小 球 从 斜面 图 7-41 小 车 运动 状态 的 变化\n上 某 一 高 度 处 滚 到 纸板 铺垫 的 水 平面 上 ，\n在 摩擦 力 的 作用 下 ， 小 球 的 运动 状态 将 怎 ”SR\n样 变化 ?\nC. 将 一 小 球 沿 斜 上 方 抛 到 空中 ， 观 察 图 7-42 小 球 运动 状态 的 变化\n其 运动 情况 。 由 于 受到 重力 的 作用 ， 小 球\n在 空中 的 运动 路 径 ( 图 7 一 43) 是 怎样 的 ? 全 一 和-\n它 的 运动 状态 是 否 改 变 ? se Ye\n图 7-43， 抛 体 运动 状态 的 改变\n58\n=== 第 96 页 ===\n活动 3 中 的 事例 表明 ， 物 体 受 非 平衡 力作 用 时 ， 其 运动 状态 是 变化 的 。 有",2.0,75.8955223880597,沪科技粤教版_八年级_义务教育教科书·物理八年级下册,82,2025-07-21T14:25:05.847Z,2.0,义务教育教科书·物理八年级下册,/Users/LeoQin/Documents/GitHub/PDFconvertor/training_data/初中/物理/沪科技粤教版-上海科学技术出版社、广东教育出版社/八年级/义务教育教科书·物理八年级下册.pdf,八年级,tesseract.js-parallel,unknown,0.8421052631578947,0.5,1,75.8955223880597,,true,,true,true,,physics,下册,沪科技粤教版_八年级_义务教育教科书·物理八年级下册.json,物理,134,初中_物理_沪科技粤教版_八年级_义务教育教科书·物理八年级下册
沪科技粤教版_八年级_义务教育教科书·物理八年级下册_chunk_31,31,的变化其 运动情况。 由于 受到重力的 作用， 小球 在空中的 运动路 径 ( 图 7 一 43) 是怎样的 ? 全一 和它 的运动状态是 否改 变 ? se Ye 图 7 43， 抛体 运动状态的 改变 58 活动 3 中的 事例表明， 物体 受非 平衡力作用 时， 其运动状态是 变化的。 有的 由静 变动， 有的 由动 变静， 有的 由慢 变快， 有的 由快 变慢， 还有 的改变运动方向做 曲线运动。 你能 否再 举一 些事例说 明物 体受 非平衡力作用 时运动状态发 生了 变化 ? 3 1. 讨论下 面的 问题， 并发 表你 的观点。 (1) 匀速行驶的 汽车， 关闭 发动机后 在水 平公路 上减速行驶。 有人 说， 这时 汽车在 水平方向 上是 不受 力的。 他的 说法 对吗 9 为什么 9 (2) 神舟系列飞船降落到 地面前， 为什么要 打开一 个巨大的 降落伞 9 2. 重为 3 N 的苹果静止在 水平 桌面 上， 图 7 一 44 中能 正确表示蔷 果受 力的 图是 ( )。 3N 3N 3N 3N 3N 3N A. B. C. D. 图 7 44 3. 电灯通过电线挂 在天 花板 上， 与电灯受到的 重力相互平衡的 力是 (。 )。 A. 电灯对 电线的 拉力 B. 电线对 电灯的 拉力 C. 电线对 天花 板的 拉力 D. 天花 板对 电线的 拉力 4. 一物体受 拉力作用以 0.1 m s 的速度在 水平 桌面上 做匀速直线运动， 此时 它受 到的 摩擦力 是 10 N， 若速度增加到 0.5 ms 后， 物体 仍在 水平 桌面 上做 多速 直线运动， 则此 时它 受到 的水 平拉力大 小是 多少 ?9 受到的 摩擦力 多大 ? 为什 么 ?9 (不计 空气胃 力 ),756,0.4946840386303774,medium-low,ocr,的 变化\n其 运动 情况 。 由 于 受到 重力 的 作用 ， 小 球\n在 空中 的 运动 路 径 ( 图 7 一 43) 是 怎样 的 ? 全 一 和-\n它 的 运动 状态 是 否 改 变 ? se Ye\n图 7-43， 抛 体 运动 状态 的 改变\n58\n=== 第 96 页 ===\n活动 3 中 的 事例 表明 ， 物 体 受 非 平衡 力作 用 时 ， 其 运动 状态 是 变化 的 。 有\n的 由 静 变动 ， 有 的 由 动 变 静 ， 有 的 由 慢 变 快 ， 有 的 由 快 变 慢 ， 还 有 的 改变 运动\n方向 做 曲线 运动 。\n你 能 否 再 举 一 些 事例 说 明 物 体 受 非 平衡 力作 用 时 运动 状态 发 生 了 变化 ?\n3\n1. 讨论 下 面 的 问题 ， 并 发 表 你 的 观点 。\n(1) 匀速 行驶 的 汽车 ， 关 闭 发 动机 后 在 水 平公 路 上 减速 行驶 。 有 人 说 ，\n这 时 汽车 在 水 平方 向 上 是 不 受 力 的 。 他 的 说 法 对 吗 9 为 什么 9\n(2) “神舟 ”系列 飞船 降落 到 地 面前 ， 为 什么 要 打开 一 个 巨大 的 降落 伞 9\n2. 重 为 3 N 的 苹果 静止 在 水 平 桌 面 上 ， 图 7 一 44 中 能 正确 表示 蔷 果 受 力 的\n图 是 (  ) 。\n3N 3N 3N\n3N 3N\n3N\nA. B. C. D.\n图 7-44\n3. 电灯 通过 电线 挂 在 天 花 板 上 ， 与 电灯 受到 的 重力 相互 平衡 的 力 是 ( 。 ) 。\nA. 电灯 对 电线 的 拉力 B. 电线 对 电灯 的 拉力\nC. 电线 对 天 花 板 的 拉力 D. 天 花 板 对 电线 的 拉力\n4. 一 物体 受 拉力 作用 以 0.1 m/s 的 速度 在 水 平 桌面 上 做 匀速 直线 运动 ， 此\n时 它 受 到 的 摩擦 力 是 10 N， 若 速度 增加 到 0.5 ms 后 ， 物 体 仍 在 水 平 桌 面 上 做 多\n速 直线 运动 ， 则 此 时 它 受 到 的 水 平 拉力 大 小 是 多 少 ?9 受到 的 摩擦 力 多 大 ? 为 什\n么 ?9 (不 计 空气 胃 力 ),2.0,75.8955223880597,沪科技粤教版_八年级_义务教育教科书·物理八年级下册,83,2025-07-21T14:25:05.847Z,2.0,义务教育教科书·物理八年级下册,/Users/LeoQin/Documents/GitHub/PDFconvertor/training_data/初中/物理/沪科技粤教版-上海科学技术出版社、广东教育出版社/八年级/义务教育教科书·物理八年级下册.pdf,八年级,tesseract.js-parallel,unknown,0.7743119266055046,0.6,1,75.8955223880597,,,,true,true,,physics,下册,沪科技粤教版_八年级_义务教育教科书·物理八年级下册.json,物理,134,初中_物理_沪科技粤教版_八年级_义务教育教科书·物理八年级下册
沪科技粤教版_八年级_义务教育教科书·物理八年级下册_chunk_32,32,物体受 拉力作用以 0.1 m s 的速度在 水平 桌面上 做匀速直线运动， 此时 它受 到的 摩擦力 是 10 N， 若速度增加到 0.5 ms 后， 物体 仍在 水平 桌面 上做 多速 直线运动， 则此 时它 受到 的水 平拉力大 小是 多少 ?9 受到的 摩擦力 多大 ? 为什 么 ?9 (不计 空气胃 力 ) 5. 如图 7 一 45 所示， 小车 在斜面上 由静止开始加 速下 滑， 是由 于它 受到力 的作 用， 在水 平面上 运动一 段距离后 停下 来， 是由 于它 受到力 的作用。 归纳 起来， 说明 力的 作用可 以改变物体的 . 图 7 45 59 6. 关于力 、 运动 和力 的关系， 下列 说法 正确的 是 ( )。 A. 受力 物体一 定不 是施 力物 体 B. 相互不 接触的 物体之 间， 一定 没有力 的作用 C. 物体受到力 的作用， 和运动状态一 定会 改变 D. 物体的 运动状态改变， 一定 是受到了 力的 作用你 能说 说作出上 述选 择的 理由吗 ? 一课外活动一 战重心 1 利用二 力平 衡知 识， 可以 很方便地 1 找出 薄板状 物体的 重心位 置。 实验方法如 下 : 1， 取一 块形 状不 规则的 薄硬 纸板， 用 1 1 细线 把它 悬挂 起来， 并在 纸板上 沿悬 线 1 1 方向画 一直线图 7 一 46(a)。 再在 纸 1 板上 这一 条直线以 外的 另一 位置 用细 线 4 把它 蛙起 来， 并沿 细线 方向再 画一 直 (a) 1 ) 线图 7 一 46(b )。 纸板 上所 画的 两条 图 7 46 确定薄板重心 1 1 直线的 交点 O， 就是 纸板的 重心。 1,726,0.4848525530243518,medium-low,ocr,物体 受 拉力 作用 以 0.1 m/s 的 速度 在 水 平 桌面 上 做 匀速 直线 运动 ， 此\n时 它 受 到 的 摩擦 力 是 10 N， 若 速度 增加 到 0.5 ms 后 ， 物 体 仍 在 水 平 桌 面 上 做 多\n速 直线 运动 ， 则 此 时 它 受 到 的 水 平 拉力 大 小 是 多 少 ?9 受到 的 摩擦 力 多 大 ? 为 什\n么 ?9 (不 计 空气 胃 力 )\n5. 如 图 7 一 45 所 示 ， 小 车 在 斜面 上 由 静止\n开始 加 速 下 滑 ， 是 由 于 它 受到 力 的 作\n用 ， 在 水 平面 上 运动 一 段 距离 后 停 下 来 ， 是\n由 于 它 受到 力 的 作用 。 归 纳 起 来 ， 说\n明 力 的 作用 可 以 改变 物体 的 . 图 7-45\n59\n=== 第 97 页 ===\n6. 关于 力 、 运 动 和 力 的 关系 ， 下 列 说 法 正确 的 是 (  ) 。\nA. 受 力 物体 一 定 不 是 施 力 物 体\nB. 相互 不 接触 的 物体 之 间 ， 一 定 没有 力 的 作用\nC. 物体 受到 力 的 作用 ， 和 运动 状态 一 定 会 改变\nD. 物体 的 运动 状态 改变 ， 一 定 是 受到 了 力 的 作用\n你 能 说 说 作出 上 述 选 择 的 理由 吗 ?\n一 课外 活动 -一\n战 重心\n1 利用 二 力 平 衡 知 识 ， 可 以 很 方便 地 1\n| 找 出 薄板 状 物体 的 重心 位 置 。\n| 实验 方法 如 下 :\n1 ， 取 一 块 形 状 不 规则 的 薄 硬 纸板 ， 用 1\n1 细 线 把 它 悬 挂 起 来 ， 并 在 纸板 上 沿 悬 线 1\n1 方向 画 一 直线 [图 7 一 46(a)] 。 再 在 纸 1\n板 上 这 一 条 直线 以 外 的 另 一 位 置 用 细 线 4\n| 把 它 蛙 起 来 ， 并 沿 细 线 方向 再 画 一 直 (a) 1\n) 线 [ 图 7 一 46(b ) ] 。 纸 板 上 所 画 的 两 条 图 7-46 “确定 薄板 重心 1\n1 直线 的 交点 O， 就 是 纸板 的 重心 。 1,2.0,75.8955223880597,沪科技粤教版_八年级_义务教育教科书·物理八年级下册,84,2025-07-21T14:25:05.847Z,2.0,义务教育教科书·物理八年级下册,/Users/LeoQin/Documents/GitHub/PDFconvertor/training_data/初中/物理/沪科技粤教版-上海科学技术出版社、广东教育出版社/八年级/义务教育教科书·物理八年级下册.pdf,八年级,tesseract.js-parallel,unknown,0.796078431372549,0.5,1,75.8955223880597,,true,,true,true,,physics,下册,沪科技粤教版_八年级_义务教育教科书·物理八年级下册.json,物理,134,初中_物理_沪科技粤教版_八年级_义务教育教科书·物理八年级下册
沪科技粤教版_八年级_义务教育教科书·物理八年级下册_chunk_33,33,"发生 形变。 探究压力的 作用效果在 生活和 生产中， 人们 有时 希望物体在 压力的 作用下 能发 生较 大的 形变， 有时 又希望形变小 一些。 上述 大型 载重卡车安装了 许多车 轮， 就不 易压 坏路 面 ;图钉的 一端 做得 很从， 就容易能 和物体。 那么， 压力 的作用效果到 底跟 哪些 因素有 关 ? 和活动 1 探究压力的 作用效果一 根据上 述事例， 有的 同学猜想， 压力 的作用效果跟 压力 的大 小有 关， 也有 的同学猜想， 跟受 力面积的 大小 有关。 你认为他 们的 猜想有 道理吗 ? Q ITELESHITiT4 为了 用实验验证这 些猜 ,age 想， 设计 实验 的思路是 : 先保 2 持受 力面积不 变， 改变 压力 大 ; 网 : 小， 观察 压力作用效果， 再保 物理学 中用 实验研究三 个量 (压力等 压力大 小不 变。 改变 受力 面 ; 作用效果 、 压力 大小 、 受力 面积 ) 之间 的积 大小， 观察 压力 作用效果 : 关系时， 常用 的方法是 : 先使 一个 量 ( 压 : 图 8 二 3 是可 供实验选用的 力 ) 保持不 变， 研究 其余 两个 量 (效果 、 器村， 同学 们提出了 三种 组合 方面积 ) 的关系 ; 再使 另一 个量 (面积 ) 保案， 可供 选反 ; 持不 变， 研究 其余 两个 量 ( 效果、 压 (1) 小方 昌模 型， 太类 力 ) 的关系 ; 最后 即可 得到 三个 量之 间的 关系。 这种 方法叫做控制变量法。 63 (2) 小方 桌模型 、 砖块 、 海绵 块。 (3) 海绵块 、 钩码 、 细线 、 弹筑 测力 计。 你的 方案是 什么 ? 请相互交流。 了 GE 小方 桌模型细 沙砖 块",755,0.41076726594301216,medium-low,ocr,"发 生 形变 。\n探究 压力 的 作用 效果 |\n在 生活 和 生产 中 ， 人 们 有 时 希望 物体 在 压力 的 作用 下 能 发 生 较 大 的 形变 ，\n有 时 又 希望 形变 小 一 些 。 上 述 大 型 载重 卡车 安装 了 许多 车 轮 ， 就 不 易 压 坏 路\n面 ;图钉 的 一 端 做 得 很 从， 就 容易 能 和 物体。 那么 ， 压 力 的 作用 效果 到 底 跟 哪\n些 因素 有 关 ?\n和\n活动 1 ”探究 压力 的 作用 效果 一\n根据 上 述 事例 ， 有 的 同学 猜想 ， 压 力 的 作用 效果 跟 压 力 的 大 小 有 关 ， 也\n有 的 同学 猜想 ， 跟 受 力 面积 的 大 小 有 关 。 你 认为 他 们 的 猜想 有 道理 吗 ?\nQ ’ITELESHITiT4/\n为 了 用 实验 验证 这 些 猜 ,age —\n想 ， 设 计 实 验 的 思路 是 : 先 保 2\n持 受 力 面积 不 变 ， 改 变 压 力 大 ; 网 :\n小 ， 观 察 压力 作用 效果 ， 再 保 物理 学 中 用 实验 研究 三 个 量 (压力\n等 压力 大 小 不 变 。 改 变 受 力 面 ; 作用 效果 、 压 力 大 小 、 受 力 面 积 ) 之 间 的\n积 大 小 ， 观 察 压 力 作用 效果 : 关系 时 ， 常 用 的 方法 是 : 先 使 一 个 量 ( 压 :\n图 8 二 3 是 可 供 实验 选用 的 | 力 ) 保持 不 变 ， 研 究 其 余 两 个 量 (效果 、\n器 村 ， 同 学 们 提出 了 三 种 组 合 方 面积 ) 的 关系 ; 再 使 另 一 个 量 (面积 ) 保\n案 ， 可 供 选 反 ; 持 不 变 ， 研 究 其 余 两 个 量 ( 效果、 压 |\n(1) 小 方 昌 模 型 ， 太 类 | 力 ) 的 关系 ; 最 后 即 可 得 到 三 个 量 之 间 的 |\n- ” ”关系 。 这 种 方法 叫做 控制 变量 法 。\n63\n=== 第 101 页 ===\n(2) 小 方 桌 模型 、 砖 块 、 海 绵 块 。\n(3) 海绵 块 、 钩 码 、 细 线 、 弹 筑 测 力 计 。\n你 的 方案 是 什么 ? 请 相互 交流 。\n了\nFT GE\n小 方 桌 模型 细 沙 砖 块",2.0,75.8955223880597,沪科技粤教版_八年级_义务教育教科书·物理八年级下册,87,2025-07-21T14:25:05.847Z,2.0,义务教育教科书·物理八年级下册,/Users/LeoQin/Documents/GitHub/PDFconvertor/training_data/初中/物理/沪科技粤教版-上海科学技术出版社、广东教育出版社/八年级/义务教育教科书·物理八年级下册.pdf,八年级,tesseract.js-parallel,unknown,0.8190298507462687,0.5,1,75.8955223880597,true,true,,true,true,,physics,下册,沪科技粤教版_八年级_义务教育教科书·物理八年级下册.json,物理,134,初中_物理_沪科技粤教版_八年级_义务教育教科书·物理八年级下册
沪科技粤教版_八年级_义务教育教科书·物理八年级下册_chunk_34,34,"aa 部产生压强， 对容器侧 壁也 会硬 ss 产生压强。 图 8 一 15 中的 实验直 4 观地 显示出 液体压强的 这个 特日 :人点。 有那么， 液体内部 是否 有压 人强 ? 液体压强的 大小 与什么因 (a) () 素有 关呢 ? 图 8 15 液体对 容器的 底部和 侧壁 都产生压强为 了进一步揭示液体压强的 特点， 需要 用压强计 对液体压强进行研究。 如图 8 一 16 (a ) 所示 为一 个简易 U 形压强计。 在 U 形玻璃管内盛 了有 颜色的 水 ,玻璃管 的两 端开 口， 其中 一端 用橡皮管 连接一 个开 有小 孔的 金属会， 金属盒 上蒙 有一 层橡皮膜。 未对 橡皮膜 加压 时，U 形管 两侧 的水 面在 同一高 度上。 用力 压橡皮膜 时， 跟盒 相连的 一侧 管中 气体 压强 变大 ,水面 就下 降， 另一 侧水 面上 升。 加在 橡皮膜 上的 压强越 大，U 形管 两侧 水面 的高 度差 就越 大图 8 一 16(b)。 ak ahb E H : 上 A E : a (a) (b) 图 8 16 简易 U 形压强计 把压强计 的金属盒 放入 水中 时， 根据 U 形管 两侧 水面 的高 度差 就可 以知道橡皮膜 受到 水的 压强的 大小 了。 71 Var 2) X8 活动 2 探究液体内 部的 压强请 利用 U 形压强计， 研究 图 8 一 17 中两 种 、 液体内 部压强的 大小 跟哪 些因素有 关。 一 (1) 将压强计 的金属使 依次 放入 水中 的国人人 不同 深度处 (如 5 cm、10 cm )， 研究 流体 于 E Sm 强跟 深度有 什么关系。 Sa s (2) 保持金属使 在水 中的 深度不 变 ( 如",744,0.4639236658434445,medium-low,ocr,"aa\n部 产生 压强 ， 对 容器 侧 壁 也 会 | 硬 ss\n产生 压强 。 图 8 一 15 中 的 实验 直 | 4\n观 地 显示 出 液体 压强 的 这 个 特 日 :人\n点 。 | 有 »\n那么 ， 液 体内 部 是 否 有 压 人 &\n强 ? 液体 压强 的 大 小 与 什么 因 (a) ()\n素 有 关 呢 ? 图 8-15 “液体 对 容器 的 底部 和 侧 壁 都 产生 压强\n为 了 进一步 揭示 液体 压强\n的 特点 ， 需 要 用 压强 计 对 液体 压强 进行 研究 。\n如 图 8 一 16 (a ) 所 示 为 一 个 简易 U 形 压强 计 。 在 U 形 玻璃 管内 盛 了 有 颜色 的\n水 ,玻璃 管 的 两 端 开 口 ， 其 中 一 端 用 橡皮 管 连接 一 个 开 有 小 孔 的 金属 会， 金属\n盒 上 蒙 有 一 层 橡皮 膜 。 未 对 橡皮 膜 加 压 时 ，U 形 管 两 侧 的 水 面 在 同一 高 度 上 。\n用 力 压 橡皮 膜 时 ， 跟 盒 相连 的 一 侧 管 中 气 体 压 强 变 大 ,水 面 就 下 降 ， 另 一 侧\n水 面 上 升 。 加 在 橡皮 膜 上 的 压强 越 大 ，U 形 管 两 侧 水 面 的 高 度 差 就 越 大 [ 图 8 一\n16(b)]。\nak ahb\nE H\n: 上\nA E :\n— ° a\n(a) (b)\n图 8-16 ”简易 U 形 压强 计\n把 压强 计 的 金属 盒 放 入 水 中 时 ， 根 据 U 形 管 两 侧 水 面 的 高 度 差 就 可 以 知道\n橡皮 膜 受 到 水 的 压强 的 大 小 了 。\n71\n=== 第 110 页 ===\nVar\n2) X8\n活动 2 探究 液体 内 部 的 压强\n请 利用 U 形 压强 计 ， 研 究 图 8 一 17 中 两 种 = 、\n液体 内 部 压强 的 大 小 跟 哪 些 因素 有 关 。 一\n(1) 将 压强 计 的 金属 使 依 次 放 入 水 中 的 国人 人\n不 同 深度 处 (如 5 cm、10 cm ) ， 研 究 流 体 于  [E Sm\n强 跟 深度 有 什么 关系 。 Sa «s\n(2) 保持 金属 使 在 水 中 的 深度 不 变 ( 如 — -",2.0,75.8955223880597,沪科技粤教版_八年级_义务教育教科书·物理八年级下册,95,2025-07-21T14:25:05.847Z,2.0,义务教育教科书·物理八年级下册,/Users/LeoQin/Documents/GitHub/PDFconvertor/training_data/初中/物理/沪科技粤教版-上海科学技术出版社、广东教育出版社/八年级/义务教育教科书·物理八年级下册.pdf,八年级,tesseract.js-parallel,unknown,0.7703984819734345,0.5,1,75.8955223880597,,true,,true,true,,unknown,下册,沪科技粤教版_八年级_义务教育教科书·物理八年级下册.json,物理,134,初中_物理_沪科技粤教版_八年级_义务教育教科书·物理八年级下册
沪科技粤教版_八年级_义务教育教科书·物理八年级下册_chunk_35,35,强计， 研究 图 8 一 17 中两 种 、 液体内 部压强的 大小 跟哪 些因素有 关。 一 (1) 将压强计 的金属使 依次 放入 水中 的国人人 不同 深度处 (如 5 cm、10 cm )， 研究 流体 于 E Sm 强跟 深度有 什么关系。 Sa s (2) 保持金属使 在水 中的 深度不 变 ( 如 5 cm )， 转动 金属 盒的 方向， 观察 U 形管 两例 图 8_17 不同液体水 面的 高度 差的 变化情况。 (3) 将金属盒 分别 放入 清水和 盐水中 的同一深度处， 观察 U 形管 两侧 水面 的高 度差， 判断 液体的 压强跟 液体密度有 什么关系。 将以 上实验结果与 同学交流后， 可以 得出 结论， 液体内 部各 个方向都 有， 并且 在同一深度各 个方向的 压强 ; 液体内 部的 压强跟 有关， 深度 增加， 压强 ; 不同 液体内 部的 压强跟 液体的 有关， 在同一深度， 密度 越大， 压强。 液体内 部压强的 特点在 工程技术上 有许 多应 用。 例如， 水对 堤坝下 部的 压强比 上部 鼎。 一大， 因此， 在设计堤坝时， 提坝 下部 应当 比 2 上部 更为 厚实 (图 8 一 18 )。 这样 既能 保证堤坝坚固， 又节省了 材料。 Ea e co 玻璃管 、 如图 8 一 19 所示， 上端 开口 、 底部 互相连通的 容器， 物理学上 叫做连通器。 若连通器 内装 入同 种液体， 当液体静止时， 各容器中 的液 面总 保持相 平。 茶过 、 过路 涵洞 、 锅炉 水位 器 、 船闸 等都 属于连通器， 连通 器在 日常生活 和工农业 生人 产中 的应 用非常广泛。 图 8 19 连通顺 72 0 _ _ 路面 寺村,743,0.34307189757924156,low,ocr,强 计 ， 研 究 图 8 一 17 中 两 种 = 、\n液体 内 部 压强 的 大 小 跟 哪 些 因素 有 关 。 一\n(1) 将 压强 计 的 金属 使 依 次 放 入 水 中 的 国人 人\n不 同 深度 处 (如 5 cm、10 cm ) ， 研 究 流 体 于  [E Sm\n强 跟 深度 有 什么 关系 。 Sa «s\n(2) 保持 金属 使 在 水 中 的 深度 不 变 ( 如 — -\n5 cm ) ， 转 动 金 属 盒 的 方向 ， 观 察 U 形 管 两 例 图 8_17 不同 液体\n水 面 的 高 度 差 的 变化 情况 。\n(3) 将 金属 盒 分 别 放 入 清水 和 盐水 中 的 同一 深度 处 ， 观 察 U 形 管 两 侧 水 面\n的 高 度 差 ， 判 断 液体 的 压强 跟 液体 密度 有 什么 关系 。\n将 以 上 实验 结果 与 同学 交流 后 ， 可 以 得 出 结论 ，\n液体 内 部 各 个 方向 都 有 ， 并 且 在 同一 深度 各 个 方向 的 压强\n; 液体 内 部 的 压强 跟 有 关 ， 深 度 增 加 ， 压 强 ; 不 同\n液体 内 部 的 压强 跟 液体 的 有关， 在 同一 深度 ， 密 度 越 大 ， 压 强 。\n液体 内 部 压强 的 特点 在 工程 技术 上 有 许 RE\n多 应 用 。 例 如 ， 水 对 堤坝 下 部 的 压强 比 上 部 鼎 。 TECN 一\n大 ， 因 此 ， 在 设计 堤坝 时 ， 提 坝 下 部 应 当 比 NS 2\n上 部 更 为 厚实 (图 8 一 18 ) 。 这 样 既 能 保证 堤坝 =\n坚固 ， 又 节省 了 材料 。 Ea\ne\nco\n玻璃 管 、\n如 图 8 一 19 所 示 ， 上 端 开口 、 底 部 互相 连通 的 容器 ， 物\n理学 上 叫做 连通 器 。 若 连通 器 内 装 入 同 种 液体 ， 当 液体 静止\n时 ， 各 容器 中 的 液 面 总 保持 相 平 。 茶 过 、 过 路 涵洞 、 锅 炉 水\n位 器 、 船 闸 等 都 属于 连通 器 ， 连 通 器 在 日 常生 活 和 工农 业 生 人\n产 中 的 应 用 非常 广泛 。\n图 8-19 连通 顺\n72\n=== 第 111 页 ===\n0-—_-\n_— ZS 路 面 寺村 |,2.0,75.8955223880597,沪科技粤教版_八年级_义务教育教科书·物理八年级下册,96,2025-07-21T14:25:05.847Z,2.0,义务教育教科书·物理八年级下册,/Users/LeoQin/Documents/GitHub/PDFconvertor/training_data/初中/物理/沪科技粤教版-上海科学技术出版社、广东教育出版社/八年级/义务教育教科书·物理八年级下册.pdf,八年级,tesseract.js-parallel,unknown,0.8030018761726079,0.5,1,75.8955223880597,true,true,,true,,,chemistry,下册,沪科技粤教版_八年级_义务教育教科书·物理八年级下册.json,物理,134,初中_物理_沪科技粤教版_八年级_义务教育教科书·物理八年级下册
沪科技粤教版_八年级_义务教育教科书·物理八年级下册_chunk_36,36,上游 流进 闸室 (b) 闸室 中水 面与 上游 相平时， 上游 闸门打开， 船驶 和人 闸室 二国 二员 F 一一 一性 re E . : L T (c) 关闭阀门 4 和上 游闸门， 打开 (d) 闸室 中水 面与 下游 相平时， 下阀门 3B， 水从 闸室 流向下 游游 闸门打开， 船驶 往下 游图 8 22 船只从 于游 驶往 下游 时间 门的 开闭 情况三 峡船 闸于 1994 年 4 月 17 日破土动工， 历时 9 年建成， 第一 级闹 室的 人字 闻门 每扇 宽 20.2 m、 高 38.5 m、 厚 3 m， 有两 个篮球场 那么大， 质量 超过 850 t， 是名 副其 实的 天下 第一 门。 三峡 船疗 上 、 下游 水位 落差和 分级 数都 居当 今世界 之最， 也是 目前世界上 技术最 复杂的 船闸。 它可 以通过万 吨船 队， 设计 单向 年通过能 力达 5 x 10 t。 可 al 司我 评价与 作业 1. 在令 人惊奇的 实验中， 帕斯 卡为 什么仅 用几 杯水 就能 把水 桶撑 破 ? 2. 潜水员 进行 深水作业时， 为什么必须穿 上特制的 潜水服 ? 洪水员 穿上 潜水服 潜水时， 为什么还 要限制潜水的 深度 ? 3. 某小 组同学用 水 、 盐水 、 两种 不同形状 的容器和 指针式 压强 计验证液体内 部压强的 特点。 压强 计的 指针顺 时针 偏转的 角度越 大， 表示 压强 越大。 他们 的研 74 Jr 3 本 3 活动 1 研究力 的作用效果请 仔细观察图 6 一 2 和图 6 一 3 中的 各个 事例， 结合 自己的 经验 研究一 下， 力作用 在物体上 会产生怎样的 效果 ?9 Q _ Z5 Y W 二一 人民 2 p y 4 本,755,0.35515471181327407,low,ocr,上 游 流 进 闸 室 (b) 闸 室 中 水 面 与 上 游 相 平时 ，\n上 游 闸门 打开 ， 船 驶 和 人 闸 室\n二 国 — -二 | 员 |F—\n一 一 一 性 LT re— E . : L T\n(c) 关闭 阀门 4 和 上 游 闸门， 打开 (d) 闸 室 中 水 面 与 下 游 相 平时 ， 下\n阀门 3B， 水 从 闸 室 流向 下 游 游 闸门 打开 ， 船 驶 往 下 游\n图 8-22 船只 从 于 游 驶 往 下 游 时 间 门 的 开 闭 情况\n三 峡 船 闸 于 1994 年 4 月 17 日 破土 动工 ， 历 时 9 年 建成 ， 第\n一 级 闹 室 的 “人 ” 字 闻 门 每 扇 宽 20.2 m、 高 38.5 m、 厚 3 m，\n有 两 个 篮球 场 那么 大 ， 质 量 超过 850 t， 是 名 副 其 实 的 “天 下\n第 一 门 ”。\n三 峡 船 疗 上 、 下 游 水 位 落差 和 分 级 数 都 居 当 今世 界 之\n最 ， 也 是 目前 世界 上 技术 最 复杂 的 船闸。 它 可 以 通过 万 吨 船\n队 ， 设 计 单 向 年 通过 能 力 达 5 x 10 t。\nWA 可\nal 司 我 评价 与 作业 [ —\n1. 在 “ 令 人 惊奇 的 实验 ”中 ， 帕 斯 卡 为 什么 仅 用 几 杯 水 就 能 把 水 桶 撑 破 ?\n2. 潜水 员 进 行 深水 作业 时 ， 为 什么 必须 穿 上 特制 的 潜水 服 ? 洪水 员 穿 上\n潜水 服 潜水 时 ， 为 什么 还 要 限制 潜水 的 深度 ?\n3. 某 小 组 同学 用 水 、 盐 水 、 两 种 不 同形 状 的 容器 和 指针 式 压 强 计 验证 液体 内\n部 压强 的 特点 。 压 强 计 的 指针 顺 时 针 偏转 的 角度 越 大 ， 表 示 压 强 越 大 。 他 们 的 研\n74\n=== 第 113 页 ===\nJr\n3 本\n3 >\n活动 1 研究 力 的 作用 效果 ET\n请 仔细 观察 图 6 一 2 和 图 6 一 3 中 的 各 个 事例 ， 结 合 自己 的 经 验 研究 一 下 ，\n力作 用 在 物体 上 会 产生 怎样 的 效果 ?9\nQ _ Z5 Y W\n= 二 一 人民\n= 2 p\n& y 4\n- 本,2.0,75.8955223880597,沪科技粤教版_八年级_义务教育教科书·物理八年级下册,98,2025-07-21T14:25:05.847Z,2.0,义务教育教科书·物理八年级下册,/Users/LeoQin/Documents/GitHub/PDFconvertor/training_data/初中/物理/沪科技粤教版-上海科学技术出版社、广东教育出版社/八年级/义务教育教科书·物理八年级下册.pdf,八年级,tesseract.js-parallel,unknown,0.7817836812144212,0.5,1,75.8955223880597,,true,,true,true,,chemistry,下册,沪科技粤教版_八年级_义务教育教科书·物理八年级下册.json,物理,134,初中_物理_沪科技粤教版_八年级_义务教育教科书·物理八年级下册
沪科技粤教版_八年级_义务教育教科书·物理八年级下册_chunk_37,37,两个 半球紧 紧地 粘在 一起 的呢 ? 大量 实验证 明， 大气 确实存在着 压强。 由大 气产生的 压强叫做大 气压强 (atmospheric pressure )， 简称 大气压。 怎样测量大 气压和 活动 2 估测 大气压喜 大气压多 大呢 ? 我们 可以 用一 个简单的 实验作 粗略 的测定。 如图 8 一 28 所示， 先把 注射器 的活塞推 至顶端， 把管内空气排出， 用橡皮帽 把它 的小 孔堵 住。 然后 在活塞下 端悬 挂钩码， 并 B wIH 逐渐增加钩 码数量， 直到 活塞将 开始被 拉动时 为止。 为了 用这 个实验估 测出 大气压的 值， 需要 测量哪些物理量 ? 请列 出用 测得 的物理量 表示的 大气压表达式。 : 你估 测的 大气压的 数值是 多少 ? 图 8 28， 估测 大气压 1643 年， 意大 利科 学家 托里 拆利 (E. Torricelli，1608 一 1647 ) 首先用 实验的 方法测 出了 大气压强 的值。 他在 一根 长约 1 m、 一端 封财 的玻璃细 管内灌 满 77 示液， 用手指堵 住管 口， 再将 管口 向下 插入和 液模 中。 移开 手指 后， 会看 到管内来 柱随即下 降。 当冬 柱降 到管内外 液面 的高 度差 约为 760 mm 时， 它就 停止了 下降 了。 若将 管子倾斜， 管内 外液 面的 高度 差仍 保持不 变。 玻璃 细管 内未 柱液 面上 方是 真空， 而管 外尔 液辕 ms 面上 受到大 气压强 pu 作用， 正是 大气压强 支持 着管 内 760 mm 高的 汞柱， 这表明大 气压跟 760 mm 高的 来柱 产生的 压强相等。 后来， 人们 把这 个实验 (图 8 一图 8_29 托甲 拆利,755,0.4148826737590505,medium-low,ocr,两 个 半球 紧 紧 地 粘 在 一 起 的\n呢 ?\n大 量 实验 证 明 ， 大 气 确实 存在 着 压强 。 由 大 气 产生 的 压强 叫做 大 气压\n强 (atmospheric pressure ) ， 简 称 大 气压 。\n怎样 测量 大 气压 |\nES\n和\n活动 2 估 测 大 气压 喜\n大 气压 多 大 呢 ? 我 们 可 以 用 一 个 简单 的 实验 作 粗 略 的 测定 。\n如 图 8 一 28 所 示 ， 先 把 注射 器 的 活塞 推 至 顶端 ， 把 管内 空气\n排出 ， 用 橡皮 帽 把 它 的 小 孔 堵 住 。 然 后 在 活塞 下 端 悬 挂钩 码 ， 并 B wIH\n逐渐 增加 钩 码 数量 ， 直 到 活塞 将 开始 被 拉动 时 为 止 。\n为 了 用 这 个 实验 估 测 出 大 气压 的 值 ， 需 要 测量 哪些 物理 量 ?  |\n请 列 出 用 测 得 的 物理 量 表示 的 大 气压 表达 式 。 :\n你 估 测 的 大 气压 的 数值 是 多 少 ?\n图 8-28，” 估 测 大 气压\n1643 年 ， 意 大 利 科 学 家 托 里 拆 利 (E. Torricelli，1608 一 1647 ) 首先 用 实验\n的 方法 测 出 了 大 气压 强 的 值 。 他 在 一 根 长 约 1 m、 一 端 封 财 的 玻璃 细 管内 灌 满\n77\n=== 第 117 页 ===\n示 液 ， 用 手指 堵 住 管 口 ， 再 将 管 口 向 下 插入 和 液 模\n中 。 移 开 手 指 后 ， 会 看 到 管内 来 柱 随即 下 降 。 当 冬 柱 =\n降 到 管内 外 液 面 的 高 度 差 约 为 760 mm 时 ， 它 就 停止 了\n下 降 了 。 若 将 管子 倾斜 ， 管 内 外 液 面 的 高 度 差 仍 保持\n不 变 。 玻 璃 细 管 内 未 柱 液 面 上 方 是 真空 ， 而 管 外 尔 液 “” 辕 -ms\n面 上 受到 大 气压 强 pu 作用 ， 正 是 大 气压 强 支 持 着 管\n内 760 mm 高 的 汞 柱 ， 这 表明 大 气压 跟 760 mm 高 的 来\n柱 产生 的 压强 相等 。 后 来 ， 人 们 把 这 个 实验 (图 8 一 图 8_29 托 甲 拆 利,2.0,75.8955223880597,沪科技粤教版_八年级_义务教育教科书·物理八年级下册,102,2025-07-21T14:25:05.847Z,2.0,义务教育教科书·物理八年级下册,/Users/LeoQin/Documents/GitHub/PDFconvertor/training_data/初中/物理/沪科技粤教版-上海科学技术出版社、广东教育出版社/八年级/义务教育教科书·物理八年级下册.pdf,八年级,tesseract.js-parallel,unknown,0.7727272727272727,0.5,1,75.8955223880597,true,true,,true,true,,physics,下册,沪科技粤教版_八年级_义务教育教科书·物理八年级下册.json,物理,134,初中_物理_沪科技粤教版_八年级_义务教育教科书·物理八年级下册
沪科技粤教版_八年级_义务教育教科书·物理八年级下册_chunk_38,38,"仍保持不 变。 玻璃 细管 内未 柱液 面上 方是 真空， 而管 外尔 液辕 ms 面上 受到大 气压强 pu 作用， 正是 大气压强 支持 着管 内 760 mm 高的 汞柱， 这表明大 气压跟 760 mm 高的 来柱 产生的 压强相等。 后来， 人们 把这 个实验 (图 8 一图 8_29 托甲 拆利 30) 叫做托 里拆 利实验。 一上 760 mm 7 未 Po Po 1 有冬 液 mw (a) (b) E8 30 托里 拆利 实验示意图 通常， 人们 把高 760 mm 和柱 所产生的 压强， 作为 1 个标准大 气压 (stan dard atmospheric pressure )， 符号 为 latm。 1atm 的值 约为 1.013 x 10 Pa。 这相当于 有 10 N 的压力作用在 1 cm 的面积上 上， 比大 和象 躺倒 时对 地面 的压强还 大。 托里 拆利 为什么不 用水 , 而用 和汞 液做 这个 买验 9 如果 用水 做这 个实验 , 留在 玻璃管 中的 水柱 大约 有多 高 9 atm 为压强的 非法定单位。 78 在技术上， 可以 直接用 仪器测量出 大气压强 的大 小。 如图 8 一 31 所示 的汞 气压表， 是在 托里 拆利 实验的 基础上 研制成 的。 图 8 一 32 是无 液气压计， 表盘 指针 能显示气压的 大小。 2 0 Hiok 2 多 05 an 图 8 31 来气 压表 图 8 32 无液 气压计 大气压与 人类 生活我 们生活在 地球 大气 层的 底部， 大气压与 我们 的生活息息相关。 每个 人身上都 承受着 大气 的压力， 一只 手掌大 约就 要受到 1000N 的压力。",733,0.32310228116175876,low,ocr,"仍 保持\n不 变 。 玻 璃 细 管 内 未 柱 液 面 上 方 是 真空 ， 而 管 外 尔 液 “” 辕 -ms\n面 上 受到 大 气压 强 pu 作用 ， 正 是 大 气压 强 支 持 着 管\n内 760 mm 高 的 汞 柱 ， 这 表明 大 气压 跟 760 mm 高 的 来\n柱 产生 的 压强 相等 。 后 来 ， 人 们 把 这 个 实验 (图 8 一 图 8_29 托 甲 拆 利\n30) 叫做 托 里 拆 利 实验 。\nIE 一\n上\n760 mm 7 未\nPo Po\n1 |\n有 冬 液 |\nmw\n(a) (b)\nE8-30 托 里 拆 利 实验 示意 图\n通常 ， 人 们 把 高 760 mm 和 柱 所 产生 的 压强 ， 作 为 1 个 标准 大 气压 (stan-\ndard atmospheric pressure ) ， 符 号 为 latm 。\n1atm 的 值 约 为 1.013 x 10° Pa。 这 相当 于 有 10 N 的 压力 作用 在 1 cm 的 面积\n上 上 ， 比 大 和 象 躺 倒 时 对 地 面 的 压强 还 大 。\n€&\n托 里 拆 利 为 什么 不 用 水 , 而 用 和 汞 液 做 这 个 买 验 9\n如 果 用 水 做 这 个 实验 , 留 在 玻璃 管 中 的 水 柱 大 约 有 多 高 9\natm 为 压强 的 非法 定单 位 。\n78\n=== 第 118 页 ===\n在 技术 上 ， 可 以 直接 用 仪器 测量 出 大 气压 强 的 大 小 。\n如 图 8 一 31 所 示 的 汞 气压 表 ， 是 在 托 里 拆 利 实验 的 基础 上 研制 成 的 。\n图 8 一 32 是 无 液 气压 计 ， 表 盘 指 针 能 显示 气压 的 大 小 。\nCE\n2\n0\nHiok\n2\n多\n05 AS\nan\n图 8-31 来 气 压 表 图 8-32 无 液 气压 计\n大 气压 与 人 类 生活\n我 们 生活 在 地 球 大 气 层 的 底部 ， 大 气压 与 我 们 的 生活 息息相关 。\n每 个 人 身上 都 承受 着 大 气 的 压力 ， 一 只 手掌 大 约 就 要 受到 1000N 的 压力 。",2.0,75.8955223880597,沪科技粤教版_八年级_义务教育教科书·物理八年级下册,103,2025-07-21T14:25:05.847Z,2.0,义务教育教科书·物理八年级下册,/Users/LeoQin/Documents/GitHub/PDFconvertor/training_data/初中/物理/沪科技粤教版-上海科学技术出版社、广东教育出版社/八年级/义务教育教科书·物理八年级下册.pdf,八年级,tesseract.js-parallel,unknown,0.6825095057034221,0.5,1,75.8955223880597,true,true,,true,,,unknown,下册,沪科技粤教版_八年级_义务教育教科书·物理八年级下册.json,物理,134,初中_物理_沪科技粤教版_八年级_义务教育教科书·物理八年级下册
沪科技粤教版_八年级_义务教育教科书·物理八年级下册_chunk_39,39,"表盘 指针 能显示气压的 大小。 2 0 Hiok 2 多 05 an 图 8 31 来气 压表 图 8 32 无液 气压计 大气压与 人类 生活我 们生活在 地球 大气 层的 底部， 大气压与 我们 的生活息息相关。 每个 人身上都 承受着 大气 的压力， 一只 手掌大 约就 要受到 1000N 的压力。 为什么人 的身体没有被 四面 八方巨大的 大气压瘤 呢 ? 这是 因为人 体内部 的压强跟 外界 的大 气压平衡的 缘故。 研究 表明， 大气压随 高度 而变化， 在海拔 2 km 以内， 每升 高 10m， 大气压约 减小 111 Pa。 高空空气 稀薄， 大气压降低， 空气 中氧 的含量减少， 不能 满足人 体需要。 因此， 一般 登山的 人 ,在海拔 3 4 km 的高 度时， 就会 感到头晕 、 头痛 、 耳鸣， 甚至 恶心 、 到时， 在尖 4 km 以上 的高 度时， 这些 反应就 更万 志 N 大一 我国 于 2006 年 7 月 1 日全 线通 车的 青藏铁路 , 位于 上一 一世界屋 兰。 为预防乘客发 生高 原缺 氧， 每节 车厢 内都 E 配有 两套 供氧 系统 : 一套 是弥散式 供氧， 可保证 【用二 车而 内的 含气量都 在合适的 水平， 另一 套是 独立的 接必。。，，wo 人口 吸氧， 旅客 有需要时 可随时用 吸氧 管呼吸。 册的 优亿 说你 知道高 压锅 的原理吗 让我 们先 来做 一个 实验。 79 0 ARaN 258 活动 3 探究水 的沸点与 气压的 关系 Ry i 尽 、 光 、 (Ca) 用注射器 给沸腾的 水 (b) 对沸腾的 水停止加 ai 打气加 压， 水还 能继 热， 随即 用注射器 抽续 沸腾 吗四 气减 压， 水会 再次 沸",756,0.325210981932443,low,ocr,"表 盘 指 针 能 显示 气压 的 大 小 。\nCE\n2\n0\nHiok\n2\n多\n05 AS\nan\n图 8-31 来 气 压 表 图 8-32 无 液 气压 计\n大 气压 与 人 类 生活\n我 们 生活 在 地 球 大 气 层 的 底部 ， 大 气压 与 我 们 的 生活 息息相关 。\n每 个 人 身上 都 承受 着 大 气 的 压力 ， 一 只 手掌 大 约 就 要 受到 1000N 的 压力 。\n为 什么 人 的 身体 没有 被 四 面 八方 巨大 的 大 气压 瘤 呢 ? 这 是 因为 人 体内 部 的 压强\n跟 外 界 的 大 气压 平衡 的 缘故 。 研 究 表明 ， 大 气压 随 高 度 而 变化 ， 在 海拔 2 km\n以 内 ， 每 升 高 10m， 大 气压 约 减 小 111 Pa。 高 空空 气 稀薄 ， 大 气压 降低 ， 空 气\n中 氧 的 含量 减少 ， 不 能 满足 人 体 需要 。 因 此 ， 一 般 登山 的 人 ,在 海拔 3 ~ 4 km\n的 高 度 时 ， 就 会 感到 头晕 、 头 痛 、 耳 鸣 ， 甚 至 恶心 、\n到 时， 在 尖 4 km 以 上 的 高 度 时 ， 这 些 反应 就 更 万 志 N\n大 一\n我 国 于 2006 年 7 月 1 日 全 线 通 车 的 青藏 铁路 , 位 于 上 -一 一\n世界 屋 兰 。 为 预防 乘客 发 生 高 原 缺 氧 ， 每 节 车 厢 内 都 =E\n配 有 两 套 供 氧 系统 : 一 套 是 “弥散 式 ” 供 氧 ， 可 保证 【用 二\n车 而 内 的 含 气量 都 在 合适 的 水 平 ， 另 一 套 是 独立 的 接 必 。。， ，wo 人\n口 吸 氧 ， 旅 客 有 需要 时 可 随时 用 吸 氧 管 呼吸 。 册 的 优 亿 说\n你 知道 高 压 锅 的 原理 吗 ”让 我 们 先 来 做 一 个 实验 。\n79\n=== 第 119 页 ===\n0 ARaN\nTY\n258\n活动 3 探究 水 的 沸点 与 气压 的 关系\nRy i 尽 、\nSR 光 、\n(Ca) 用 注射 器 给 沸腾 的 水 (b) 对 沸腾 的 水 停止 加\nai 打气 加 压 ， 水 还 能 继 热 ， 随 即 用 注射 器 抽\n& 续 沸 腾 吗 四 气 减 压 ， 水 会 再 次 沸",2.0,75.8955223880597,沪科技粤教版_八年级_义务教育教科书·物理八年级下册,104,2025-07-21T14:25:05.847Z,2.0,义务教育教科书·物理八年级下册,/Users/LeoQin/Documents/GitHub/PDFconvertor/training_data/初中/物理/沪科技粤教版-上海科学技术出版社、广东教育出版社/八年级/义务教育教科书·物理八年级下册.pdf,八年级,tesseract.js-parallel,unknown,0.7841328413284133,0.6,1,75.8955223880597,,true,,true,true,,chemistry,下册,沪科技粤教版_八年级_义务教育教科书·物理八年级下册.json,物理,134,初中_物理_沪科技粤教版_八年级_义务教育教科书·物理八年级下册
沪科技粤教版_八年级_义务教育教科书·物理八年级下册_chunk_40,40,"0.33 N。 王冠之 谜和 阿基 米德 原理相传， 氢拉 十国王命 人用 金子做 了一 顶王 冠。 他怀 R 疑工匠用 银子偷 换了 一部 分 Sed 金子， 于是 要阿 基米 德检查王冠是 不是 用纯 爹制 成 ,但隐 又不 能损坏它。 阿基 米德 整国 天苦 苦思索， 怎样 才能准确 A 地测 出王冠的 体积呢 ? 人有 一天， 阿基 米德 去洗 一澡， 随着 身体浸入浴 桶， 水图 9 12 阿基 米德 在思考就 从桶 边潜 出。 阿基 米德 看到 这个 现象后， 从浴 桶中 一跃 而出， 奔向 街头， 狂呼 :. 侈勒 加， 侈勤 加 ( 找到了 )1 他找到了 测量不 规则物体体积的 方法。 随后， 阿基 米德 拿出 质量相等的 一块 金和 一块 银， 分别 放进 一个 盛满 水的 容器中。 他发 现， 虽然 金块 和银 块的 质量一 样， 但银 块排出的 水却 多得 多。 他经 过深入研究， 在 《 浮体 论 》 一书 中写 道 ,物体浸 在水 中所 失去的 重量， 等于 其所 排开 的水 的重量， 这就 是阿 基米 德原理。 92 2 m 1. 曹冲 称象 ""是大 家熟悉的 故事。 由于 大象 很重， 当时 还没有这 样大 的秤 可以 直接称。 曹冲 的办 法是 : 先把 大象 拉到 船上， 记下 船的 吃水深度 (图 9 一 13)， 再用 许多石 块代 替大 象， 使船 达到同样的 吃水深度， 最后 称出 这些 石块 的总 重， 也就 知道大 象的 体重了。 曹冲 称象 ""这个 故事蕴含着 物理研究中 的一 种思维方法一 等效 变换。 请你 分析 一下， 为什么能 用石 块受到的 重力",714,0.44494665980442605,medium-low,ocr,"0.33 N。\n王冠 之 谜 和 阿 基 米 德 原理\n相传 ， 氢 拉 十 国王 命 人\n用 金子 做 了 一 顶 王 冠 。 他 怀 R\n疑 工匠 用 银子 偷 换 了 一 部 分 Sed\n金子 ， 于 是 要 阿 基 米 德 检查 NS\n王冠 是 不 是 用 纯 爹 制 成 ,但 隐 ” |\n又 不 能 损坏 它 。 阿 基 米 德 整 国\n天 苦 苦 思索 ， 怎 样 才能 准确 & A\n地 测 出 王冠 的 体积 呢 ? 人\n有 一 天 ， 阿 基 米 德 去 洗 ”一\n澡 ， 随 着 身体 浸入 浴 桶 ， 水 图 9-12 ” 阿 基 米 德 在 思考\n就 从 桶 边 潜 出 。 阿 基 米 德 看 到 这 个 现象 后 ， 从 浴 桶 中 一 跃 而\n出 ， 奔 向 街头 ， 狂 呼 :.“ 侈 勒 加 ， 侈 勤 加 ( 找到 了 )1” 他 找到\n了 测量 不 规则 物体 体积 的 方法 。\n随后 ， 阿 基 米 德 拿 出 质量 相等 的 一 块 金 和 一 块 银 ， 分 别\n放 进 一 个 盛 满 水 的 容器 中 。 他 发 现 ， 虽 然 金 块 和 银 块 的 质量\n一 样 ， 但 银 块 排出 的 水 却 多 得 多 。 他 经 过 深入 研究 ， 在 《 浮\n体 论 》 一 书 中 写 道 ,物体 浸 在 水 中 所 失去 的 重量 ， 等 于 其 所\n排 开 的 水 的 重量 ， 这 就 是 阿 基 米 德 原理 。\n92\n=== 第 133 页 ===\n2\nEIFXEEMVSITENY m—————\n1. “ 曹 冲 称 象 ""是 大 家 熟悉 的 故事 。 由 于 大 象 很 重 ， 当 时 还 没有 这 样 大 的\n秤 可 以 直接 称 。 曹 冲 的 办 法 是 : 先 把 大 象 拉 到 船上 ， 记 下 船 的 吃水 深度 (图\n9 一 13) ， 再 用 许多 石 块 代 替 大 象 ， 使 船 达到 同样 的 吃水 深度 ， 最 后 称 出 这 些\n石 块 的 总 重 ， 也 就 知道 大 象 的 体重 了 。* 曹 冲 称 象 ""这 个 故事 蕴含 着 物理 研究\n中 的 一 种 思维 方法 一 “等 效 变换 。 请 你 分 析 一 下 ， 为 什么 能 用 石 块 受到 的 重力",2.0,75.8955223880597,沪科技粤教版_八年级_义务教育教科书·物理八年级下册,117,2025-07-21T14:25:05.847Z,2.0,义务教育教科书·物理八年级下册,/Users/LeoQin/Documents/GitHub/PDFconvertor/training_data/初中/物理/沪科技粤教版-上海科学技术出版社、广东教育出版社/八年级/义务教育教科书·物理八年级下册.pdf,八年级,tesseract.js-parallel,unknown,0.8562992125984252,0.6,1,75.8955223880597,,,,true,true,,physics,下册,沪科技粤教版_八年级_义务教育教科书·物理八年级下册.json,物理,134,初中_物理_沪科技粤教版_八年级_义务教育教科书·物理八年级下册
沪科技粤教版_八年级_义务教育教科书·物理八年级下册_chunk_41,41,"记下 船的 吃水深度 (图 9 一 13)， 再用 许多石 块代 替大 象， 使船 达到同样的 吃水深度， 最后 称出 这些 石块 的总 重， 也就 知道大 象的 体重了。 曹冲 称象 ""这个 故事蕴含着 物理研究中 的一 种思维方法一 等效 变换。 请你 分析 一下， 为什么能 用石 块受到的 重力替代大 象的 重力 ? 4 7 了 7 ee 1 目 Ja 人丰 s 下 4 本， A 区了 2 人二 Ra 2 3 : 上 y ev 入 Der 图 9 13 曹冲 称象 2. 在做 探究浮力的 大小 的实验时 图 9 一 10 (a)， 不仅 要测量物体的 重力， 还要 测量空 杯的 重力。 你知道这 是为 什么吗 ? 3. 在王冠之 类和 阿基 米德 原理的 故事中， 若王冠的 质量为 490 g， 浸没 在水 中称 时， 王冠 重 4.5 N， 这顶 王冠在 水中 受到的 浮力是 多大 ? 它排 开水 的重力是 多少 ? 4. 一般 轮船 满载货物时， 排开水的 重力是 1.8x108 N， 船的 自重是 7.1x107N， 它最 多能 装多 重的 货物 ? 93 ra 二和 一研究物体的 浮沉条 件物体的 浮沉条 件是 什么潜艇时 而浮 于水 面， 时而 潜入水 底， 有时 又能 停留在 水中， 其中 的奥秘在 哪里我们用 实验来 研究。 而二 电活动让 鸡蛋像 潜艇一 样浮 沉如 图 9 一 14 所示， 把一 个鸡蛋轻 轻地 放入 浓盐 水中， 使鸡蛋处 于漂浮状 态 ( 即停留在 液面 上， 有一 部分 体积露出液 面 )， 然后 将清水缓 缓倒 入浓 盐水 中， 并轻 轻地 搅拌。 随着 盐水密度的 减小， 鸡蛋 排开 液体的 体积也 随之 增大，",743,0.39439067695331176,low,ocr,"记 下 船 的 吃水 深度 (图\n9 一 13) ， 再 用 许多 石 块 代 替 大 象 ， 使 船 达到 同样 的 吃水 深度 ， 最 后 称 出 这 些\n石 块 的 总 重 ， 也 就 知道 大 象 的 体重 了 。* 曹 冲 称 象 ""这 个 故事 蕴含 着 物理 研究\n中 的 一 种 思维 方法 一 “等 效 变换 。 请 你 分 析 一 下 ， 为 什么 能 用 石 块 受到 的 重力\n替代 大 象 的 重力 ?\n4 7\n了 7\nee\n1\n目 Ja 人 丰 s\n下\n4 本 ，\n< A 区 了 2 人\n二\n| Ra 2 3 : »\n上 ES y - ev\n入 Der\n- - —\n图 9-13 曹 冲 称 象\n2. 在 做 “探究 浮力 的 大 小 ”的 实验 时 [图 9 一 10 (a)] ， 不 仅 要 测量 物体 的\n重力 ， 还 要 测量 空 杯 的 重力 。 你 知道 这 是 为 什么 吗 ?\n3. 在 “王冠 之 类 和 阿 基 米 德 原理 ”的 故事 中 ， 若 王冠 的 质量 为 490 g， 浸\n没 在 水 中 称 时 ， 王 冠 重 4.5 N， 这 顶 王冠 在 水 中 受到 的 浮力 是 多 大 ? 它 排 开 水\n的 重力 是 多 少 ?\n4. 一 般 轮 船 满载 货物 时 ， 排 开水 的 重力 是 1.8x108 N， 船 的 自重 是\n7.1x107N， 它 最 多 能 装 多 重 的 货物 ?\n93\n=== 第 134 页 ===\nra\n二 和 一\n研究 物体 的 浮沉 条 件\n物体 的 浮沉 条 件 是 什么\n潜艇 时 而 浮 于 水 面 ， 时 而 潜入 水 底 ， 有 时 又 能 停留 在 水 中 ， 其 中 的 奥秘 在\n哪里 ”我们 用 实验 来 研究 。\n而 二\n电\n活动 让 鸡蛋 像 潜艇 一 样 浮 沉 EGG\n如 图 9 一 14 所 示 ， 把 一 个 鸡蛋 轻 轻 地 放 入 浓 盐 水 中 ， 使 鸡蛋 处 于 漂浮 状\n态 ( 即 停留 在 液 面 上 ， 有 一 部 分 体积 露出 液 面 ) ， 然 后 将 清水 缓 缓 倒 入 浓 盐 水\n中 ， 并 轻 轻 地 搅拌 。 随 着 盐水 密度 的 减 小 ， 鸡 蛋 排 开 液体 的 体积 也 随 之 增 大 ，",2.0,75.8955223880597,沪科技粤教版_八年级_义务教育教科书·物理八年级下册,118,2025-07-21T14:25:05.847Z,2.0,义务教育教科书·物理八年级下册,/Users/LeoQin/Documents/GitHub/PDFconvertor/training_data/初中/物理/沪科技粤教版-上海科学技术出版社、广东教育出版社/八年级/义务教育教科书·物理八年级下册.pdf,八年级,tesseract.js-parallel,unknown,0.7882797731568998,0.5,1,75.8955223880597,,true,,true,true,,physics,下册,沪科技粤教版_八年级_义务教育教科书·物理八年级下册.json,物理,134,初中_物理_沪科技粤教版_八年级_义务教育教科书·物理八年级下册
沪科技粤教版_八年级_义务教育教科书·物理八年级下册_chunk_42,42,艇一 样浮 沉如 图 9 一 14 所示， 把一 个鸡蛋轻 轻地 放入 浓盐 水中， 使鸡蛋处 于漂浮状 态 ( 即停留在 液面 上， 有一 部分 体积露出液 面 )， 然后 将清水缓 缓倒 入浓 盐水 中， 并轻 轻地 搅拌。 随着 盐水密度的 减小， 鸡蛋 排开 液体的 体积也 随之 增大， 由漂浮状态慢 慢变 到悬浮状态 ( 即鸡蛋全 部浸没在 水中， 并可 停留在 液体里 任何 深度 的地 方 )， 继续 倒入 清水， 鸡蛋 下沉， 如再 加入 适量盐 粒， 鸡蛋 重新 又组 慢地 上浮。 Te Te 人 『 Te 谭四 L E 到 Ca) 漂浮 (b) 悬浮 (Ce 下沈 (d) 上浮 图 9 14 浮沉的 几种 情况讨论 : (1) 鸡蛋在 盐水中 受到哪 两个 力的 作用 ? (2) 鸡蛋处 于不 同状态是 由于 哪个力 发生 了变化 ? 比较鸡蛋在 各种 状态下 受到的 浮力 E 和重力 G 的大 小， 我们 可以 归纳出 物体的 浮沉条 件 : 当物 体受 到的 浮力 Fs 物重 G 时， 浸在 液体中 的物体就 会上 浮 ; 当物 体受 到的 浮力 Fi 物重 G 时， 浸在 液体中 的物体就 会下 沉 ; 当物 体受 到的 浮力 Ps 物重 时， 物体 悬浮 在液体中 或漂浮在 液面。 94,565,0.4572157718868345,medium-low,ocr,艇 一 样 浮 沉 EGG\n如 图 9 一 14 所 示 ， 把 一 个 鸡蛋 轻 轻 地 放 入 浓 盐 水 中 ， 使 鸡蛋 处 于 漂浮 状\n态 ( 即 停留 在 液 面 上 ， 有 一 部 分 体积 露出 液 面 ) ， 然 后 将 清水 缓 缓 倒 入 浓 盐 水\n中 ， 并 轻 轻 地 搅拌 。 随 着 盐水 密度 的 减 小 ， 鸡 蛋 排 开 液体 的 体积 也 随 之 增 大 ，\n由 漂浮 状态 慢 慢 变 到 悬浮 状态 ( 即 鸡蛋 全 部 浸没 在 水 中 ， 并 可 停留 在 液体 里 任\n何 深 度 的 地 方 ) ， 继 续 倒 入 清水 ， 鸡 蛋 下 沉 ， 如 再 加 入 适量 盐 粒 ， 鸡 蛋 重 新 又 组\n慢 地 上 浮 。\nTe Te 人 『 Te 谭\n四 | L E | 到\nCa) 漂浮 (b) 悬浮 (Ce 下 沈 (d) 上 浮\n图 9-14 浮沉 的 几 种 情况\n讨论 : (1) 鸡蛋 在 盐水 中 受到 哪 两 个 力 的 作用 ?\n(2) 鸡蛋 处 于 不 同 状态 是 由 于 哪个 力 发 生 了 变化 ?\n比较 鸡蛋 在 各 种 状态 下 受到 的 浮力 E 和 重力 G 的 大 小 ， 我 们 可 以 归纳 出\n物体 的 浮沉 条 件 :\n当 物 体 受 到 的 浮力 Fs 物 重 G 时 ， 浸 在 液体 中 的 物体 就 会 上 浮 ;\n当 物 体 受 到 的 浮力 Fi 物 重 G 时 ， 浸 在 液体 中 的 物体 就 会 下 沉 ;\n当 物 体 受 到 的 浮力 Ps 物 重 CG 时 ， 物 体 悬 浮 在 液体 中 或 漂浮 在 液 面 。\n94,2.0,75.8955223880597,沪科技粤教版_八年级_义务教育教科书·物理八年级下册,119,2025-07-21T14:25:05.847Z,2.0,义务教育教科书·物理八年级下册,/Users/LeoQin/Documents/GitHub/PDFconvertor/training_data/初中/物理/沪科技粤教版-上海科学技术出版社、广东教育出版社/八年级/义务教育教科书·物理八年级下册.pdf,八年级,tesseract.js-parallel,unknown,0.8121827411167513,0.6,1,75.8955223880597,,,,true,true,,physics,下册,沪科技粤教版_八年级_义务教育教科书·物理八年级下册.json,物理,134,初中_物理_沪科技粤教版_八年级_义务教育教科书·物理八年级下册
